datetime,dT_calc_mean_9km,dT_model_mean_9km,dGPP_calc_mean_9km,dGPP_model_mean_9km,dGPP_real_mean_9km,dRECO_calc_mean_9km,dRECO_model_mean_9km,dRECO_real_mean_9km,dT_calc_mean_54km,dT_model_mean_54km,dGPP_calc_mean_54km,dGPP_model_mean_54km,dGPP_real_mean_54km,dRECO_calc_mean_54km,dRECO_model_mean_54km,dRECO_real_mean_54km
2012-01-20 00:00:00,-0.6689740326055422,-4.3003633251748825,0.0,0.0,0.0,-0.11365928346326676,-0.8736368879693337,-0.883168305734146,-1.1091435477174358,-4.291030946582433,0.0,0.0,0.0,-0.18378842208535795,-0.9050865881660849,-0.9257338883267194
2012-01-20 01:00:00,-0.6617169425233881,-4.382232179032996,0.0,0.0,0.0,-0.13572896759460623,-0.8765256303483869,-0.911000721522286,-0.9406934022700535,-4.1592642601500165,0.0,0.0,0.0,-0.17528917889433474,-0.84322944818974,-0.847238648752982
2012-01-20 02:00:00,-0.9290438555975031,-3.7749246193544708,0.0,0.0,0.0,-0.1972311707932418,-0.7845062129280514,-0.8772314487014778,-1.2837082360007546,-4.521603030758304,0.0,0.0,0.0,-0.2257573271825033,-0.9073230494705868,-0.8810069293806772
2012-01-20 03:00:00,-0.6621052366241696,-4.0107787124753935,0.0,0.0,0.0,-0.10216865863918356,-0.8077570336469018,-0.8707550345427348,-1.1900474556750202,-4.979258379598302,0.0,0.0,0.0,-0.1838002791382306,-0.993416455571138,-1.061088309330212
2012-01-20 04:00:00,-0.8454476954297321,-3.8271958886123283,0.0,0.0,0.0,-0.16955922758380054,-0.8403937669289766,-1.0114880192589988,-1.1985601925268408,-5.073168312631002,0.0,0.0,0.0,-0.22329682087844635,-1.089982858767734,-1.308235997687266
2012-01-20 05:00:00,-1.3243530142015025,-4.818626157699093,0.0,0.0,0.0,-0.27824651758114294,-1.0322425394189385,-1.0974779031083766,-2.2777235833180103,-6.099695133257516,0.0,0.0,0.0,-0.451900624342096,-1.2891872293408784,-1.394550224600453
2012-01-20 06:00:00,-1.3382248903910319,-4.4938016060071115,0.0,0.0,0.0,-0.27148081146859115,-0.9330778576855392,-0.9533143507872236,-2.5543624776204426,-5.790076818221655,0.0,0.0,0.0,-0.5056097517594303,-1.1671563373143585,-1.2143558900134703
2012-01-20 07:00:00,-1.0067200877977454,-5.046105094577955,1.7533366802647087e-05,-0.0011341854279328014,-0.0009985838956638477,-0.1773317439094341,-1.0648855871208216,-1.0785302518084792,-2.2494920101995053,-4.833841240924338,0.00017209552301762518,-0.001970001310653727,-0.0018274300504485166,-0.42252088025925877,-0.9916552174780269,-1.0677010793201382
2012-01-20 08:00:00,-0.8920306072235107,-3.2339956821539464,-0.0504281812965366,-0.24626422517066074,-0.23817609964009462,-0.16879899046570604,-0.6914202096985219,-0.7997522300832345,-2.0477461267869423,-4.7311964183581585,-0.14606903277953537,-0.3838102552353441,-0.31915693054850913,-0.3950227430863629,-0.9978882594259261,-1.051368307746522
2012-01-20 09:00:00,-0.7837845909954751,-1.3662857160176316,-0.07368095618521457,-0.1546339385986548,-0.17998628646098716,-0.13415626393206165,-0.285881903296897,-0.40246647749932674,-1.9060444925435385,-3.9354934692382812,-0.2293073201878899,-0.4788275642961932,-0.39061936665620145,-0.3510251571534731,-0.7999141276743303,-0.8393848617359033
2012-01-20 10:00:00,-0.8035240968918418,-0.5034039012888536,-0.07576916948073197,-0.03966247489471773,-0.038422443227186,-0.131807365581134,-0.11928341387567078,-0.17337354190305537,-1.8368439582291685,-3.1805548165712167,-0.23463956016398904,-0.4230911470949597,-0.3277923020781219,-0.31687620435717084,-0.6328917810793994,-0.6163322889274038
2012-01-20 11:00:00,-0.9178018901077581,-0.3198995037468112,-0.10098086093207957,-0.005120017500569572,0.005589997958759176,-0.15363355036770215,-0.07194403719071063,-0.10313962499136542,-2.0206720452729394,-3.1063779693802975,-0.26398311506379635,-0.4313745474379347,-0.30638792512538987,-0.35602086629320623,-0.6038142976501742,-0.5691286028132546
2012-01-20 12:00:00,-0.7615966772932693,-0.9992387811786032,-0.08014481249972483,-0.12243283858995935,-0.044420438703704566,-0.12228136146526483,-0.18172358799698898,-0.19733989914939865,-2.126351891330236,-3.0109127661026203,-0.28509910726823934,-0.40713439557681513,-0.16532227373621303,-0.3695792484558065,-0.5669536188891642,-0.4934707422804271
2012-01-20 13:00:00,-0.8579523384675424,-1.5930492961175553,-0.10275324283149195,-0.21739440286665074,-0.13587432484462908,-0.1430110449316654,-0.29008260583321294,-0.273307641414029,-2.252581053698988,-3.2476510870946598,-0.3094037086508867,-0.4483972057607779,-0.22016936808693155,-0.3970746689772231,-0.6134158051036738,-0.5357668970992114
2012-01-20 14:00:00,-0.8963808416576461,-2.0715078785550642,-0.09155853111947719,-0.2579169150461819,-0.20291905555260095,-0.15016680697891668,-0.39276895200600154,-0.3776759532335087,-2.465809477096919,-3.895732207547416,-0.2955863984833434,-0.4820741782702204,-0.3008304188652416,-0.43788247765308236,-0.7451923570689679,-0.6342859388187565
2012-01-20 15:00:00,-1.2726207890986945,-3.1620971505467264,-0.08398805370638009,-0.25725686738606135,-0.24965687649482626,-0.2150390315444317,-0.6050369939999924,-0.5753555498787033,-2.7869477779450427,-5.774423573714597,-0.22067520279922317,-0.49221315790839687,-0.3858531620025021,-0.49139111837649163,-1.0930701159130507,-1.0142805426762238
2012-01-20 16:00:00,-1.9366451115266778,-4.811301902488426,-0.0032549224839864077,-0.009282788615148935,-0.008117931393134338,-0.3345211761713744,-0.9052465118175131,-0.8023557130903837,-3.619727972515083,-7.224117162037481,-0.009389245885744904,-0.018704625073252587,-0.012129233577881699,-0.6294970638686971,-1.3293373306166287,-1.177079717976796
2012-01-20 17:00:00,-1.8901628548984708,-4.614661561033596,0.0,0.0,0.0,-0.3204480071955272,-0.8570411296631261,-0.7534467547830168,-3.7099631074209065,-7.439225066654266,0.0,0.0,0.0,-0.6334264972545509,-1.344904883308657,-1.178660910278091
2012-01-20 18:00:00,-1.6385400747249388,-4.623997748355895,0.0,0.0,0.0,-0.26596617224597097,-0.8631624350788453,-0.774679573216155,-3.243947551709823,-6.9451915944805585,0.0,0.0,0.0,-0.5395710757743573,-1.277273566494112,-1.115880280882337
2012-01-20 19:00:00,-1.8730702922127467,-4.751123975206922,0.0,0.0,0.0,-0.32444847594860554,-0.8955321199214492,-0.7898360985965289,-3.679728466727517,-6.641136062728775,0.0,0.0,0.0,-0.6348786828775469,-1.2230977184866039,-1.026292672302934
2012-01-20 20:00:00,-2.104136055039482,-4.113129785455809,0.0,0.0,0.0,-0.34645968652668824,-0.7408787139543782,-0.577103677569166,-4.088474271281821,-6.30402024065862,0.0,0.0,0.0,-0.6885981316210751,-1.1220130846567,-0.8489308168837826
2012-01-20 21:00:00,-2.010644086080439,-3.5145264419854856,0.0,0.0,0.0,-0.32123779351477166,-0.6101894665107777,-0.45103708284735144,-3.983362820494409,-5.3491770426432295,0.0,0.0,0.0,-0.6444991025861867,-0.9356443314843833,-0.6638632732823337
2012-01-20 22:00:00,-1.633242704603407,-3.1157889080862713,0.0,0.0,0.0,-0.234659800094501,-0.5262363510824379,-0.35051628231986254,-3.6302355209677555,-5.631143624441965,0.0,0.0,0.0,-0.5449157494349297,-0.987690824863823,-0.6452211381690176
2012-01-20 23:00:00,-1.4793694207327708,-2.8915831273915815,0.0,0.0,0.0,-0.2004913670395462,-0.48559853008032944,-0.30022204537188496,-3.7311356457587217,-4.777891958913496,0.0,0.0,0.0,-0.553556471951189,-0.8004558441937845,-0.4169734853296826
2012-02-19 00:00:00,-2.110310367160373,-6.022657606336805,0.0,0.0,0.0,-0.2747633411723044,-0.8204050191149237,-0.9086389949799223,-4.055061598205566,-5.800039672851563,0.0,0.0,0.0,-0.5642983498510539,-0.912878834224826,-0.6162877195679605
2012-02-19 01:00:00,-4.675309082031251,-8.512786865234375,0.0,0.0,0.0,-1.1828628317985488,-2.1537526185399947,-2.4824611179038065,-3.4544457092285152,-7.143524169921875,0.0,0.0,0.0,-0.8683754077891831,-1.7128740526993895,-1.8059238230347554
2012-02-19 02:00:00,-0.9570892448425294,-3.9183425903320312,0.0,0.0,0.0,-0.09047337504662803,-0.6792258244060829,-0.4288177339154734,-1.8517801250881623,-4.681732177734375,0.0,0.0,0.0,-0.28298310675328253,-0.8265493817013722,-0.6640161505109078
2012-02-19 03:00:00,,,,,,,,,,,,,,,,
2012-02-19 04:00:00,-0.9304362594604492,-5.047482299804687,0.0,0.0,0.0,-0.2484945238689767,-1.2885949139275592,-1.4903463255217126,-3.252640823364258,-6.8387839577414775,0.0,0.0,0.0,-0.8262885825413607,-1.7674036966718794,-1.9988769574992689
2012-02-19 05:00:00,-0.17908789367675781,-2.901312255859375,0.0,0.0,0.0,-0.072906938557181,-0.76915137203283,-0.8580048815956903,-2.3714820343017577,-5.367999267578125,0.0,0.0,0.0,-0.6365751585854997,-1.3915788769543818,-1.3852887143532233
2012-02-19 06:00:00,-0.8548658447265625,-4.8359375,0.0,0.0,0.0,-0.22363846221447156,-1.1626702085506442,-1.7487679549259432,-2.7900749130249025,-6.9702911376953125,0.0,0.0,0.0,-0.7015840121918153,-1.6641733361202418,-2.1017379101435787
2012-02-19 07:00:00,,,,,,,,,,,,,,,,
2012-02-19 08:00:00,,,,,,,,,,,,,,,,
2012-02-19 09:00:00,-1.3456226139068603,-2.060481715846706,-0.24560961754958965,-0.3804377511841254,-0.06937202656059516,-0.279727525150768,-0.4354779308051525,-0.5790741814593448,-2.6992797998479894,-4.02134910789696,-0.49316824493936956,-0.7389216532862644,-0.03927153036301482,-0.5827881931450801,-0.8676958940837327,-0.8354600284598889
2012-02-19 10:00:00,-0.5585913454654171,-1.0722179936427696,-0.11527638288648301,-0.20611418733096715,-0.03723861676069156,-0.10698534352601125,-0.20663980903480758,-0.274433983724104,-2.446621003210544,-3.9693576812744142,-0.4218848823222491,-0.6993271810471218,-0.014025816618822495,-0.45791236905745925,-0.7460196179983706,-0.5547701365716448
2012-02-19 11:00:00,-0.3727547512720158,-0.8955527962028206,-0.08177695679560384,-0.1929818072175535,-0.07368166225862216,-0.07157179117518254,-0.17926082321129225,-0.18242184096615485,-2.620080992165165,-4.010173233695652,-0.47333190412996956,-0.7588001720278647,-0.059939718729034946,-0.46812488349173426,-0.7235335220687077,-0.47990907471997013
2012-02-19 12:00:00,-0.4552674414290212,-0.8495304634381537,-0.09847195924813397,-0.1854464706347139,-0.06616951466996926,-0.08828581388563318,-0.17045878469606013,-0.14623730024112822,-2.627242491371227,-3.896673670354879,-0.5151586128325869,-0.7940534094392712,-0.121442019248395,-0.46822838424038166,-0.6985320925156288,-0.4390516402475414
2012-02-19 13:00:00,-0.5030538656516154,-0.691872634021812,-0.0948269659555586,-0.13584098805311765,-0.03823928703097529,-0.09640611165543345,-0.1341703805769783,-0.08829276605030889,-2.788144107371629,-3.9613267070115215,-0.5063157949634916,-0.7349760250881269,-0.12444843516397172,-0.4869576154578605,-0.6926844326668874,-0.41627813797580726
2012-02-19 14:00:00,-0.4928515839900675,-0.7647881490823338,-0.08187233825389362,-0.13098394332084448,-0.07146600802620323,-0.09187894945850932,-0.14540607332134825,-0.09007377421558835,-2.907946045658725,-3.971197385664568,-0.46805313772285506,-0.6440015676610682,-0.1146611801391557,-0.5147318156152904,-0.7050245276592905,-0.40536613892253526
2012-02-19 15:00:00,-0.4607103868367824,-0.693766492478391,-0.0519805581535998,-0.08043339628291603,-0.046779319316937996,-0.08789348802925273,-0.13243626836920858,-0.08859345175956058,-2.8445438988474834,-4.078174081881667,-0.30743049854017573,-0.44736549953158516,-0.09118218882531853,-0.5090025373413704,-0.7286428067110253,-0.43571195953877767
2012-02-19 16:00:00,-0.3614183387756348,-0.4760513450434357,-0.015371387153929867,-0.02055338524931599,-0.008132918553553657,-0.06755633272998633,-0.08626816754284537,-0.06216254249996685,-2.628521872720901,-3.8854777342194966,-0.08706346943802441,-0.13029791370458402,-0.01701252043198751,-0.45896248195564227,-0.6722145067210398,-0.39553450405161894
2012-02-19 17:00:00,-0.2549693484665597,-0.12126995765999572,0.0,0.0,0.0,-0.043418088644377496,-0.01686876257334827,0.060701157220472125,-2.7694540524373106,-3.459297092481591,0.0,0.0,0.0,-0.44371726798275074,-0.5458243448711925,-0.17722815713740375
2012-02-19 18:00:00,-0.2829537514465443,-0.12200780306461352,0.0,0.0,0.0,-0.04578474447553714,-0.018789324124432037,0.12376160316118616,-2.799197493570438,-3.425806681315104,0.0,0.0,0.0,-0.41749795413161855,-0.5071685242426296,-0.07070391253791362
2012-02-19 19:00:00,-0.38399431495248837,-0.4725620241930885,0.0,0.0,0.0,-0.0672201038578944,-0.08548156845783024,0.10329363090330837,-2.7442703698476154,-3.2487902519030447,0.0,0.0,0.0,-0.39997235015538934,-0.47776241695553634,-0.010314254240441788
2012-02-19 20:00:00,-0.3951468361748589,-0.5820083618164062,0.0,0.0,0.0,-0.06923997281705888,-0.1140401772988236,0.16969640551603213,-2.7600712757110597,-3.2180809607872596,0.0,0.0,0.0,-0.2651266077018718,-0.3334621692412677,0.414707317617852
2012-02-19 21:00:00,-0.07624003094434738,-0.3587913513183594,0.0,0.0,0.0,-0.011236250945687405,-0.057562506086939,0.1825429835506182,-2.868331717252731,-4.1480865478515625,0.0,0.0,0.0,-0.028638850926128518,-0.040907614440061954,1.0183678314073132
2012-02-19 22:00:00,-1.5000063574314118,-2.0104942321777344,0.0,0.0,0.0,-0.2851080356512267,-0.39197756381876986,-0.6243521168884938,-2.757257334947586,-4.761814117431641,0.0,0.0,0.0,-0.5970776851212822,-1.024982562809801,-0.9767581630805454
2012-02-19 23:00:00,-2.955380577087402,-3.5598856608072915,0.0,0.0,0.0,-0.5187840992825615,-0.6344662164951856,-0.4273884372347636,-2.5787692718505864,-4.806386311848958,0.0,0.0,0.0,-0.4941766992937436,-0.9154289874326218,-0.7424777408848279
2012-03-19 00:00:00,-1.0916796431263636,-1.7459174042649916,0.0,0.0,0.0,-0.20532550145141729,-0.3596527687855161,-0.367295498270122,-2.5089267274826863,-3.062134694814892,0.0,0.0,0.0,-0.46832315804904234,-0.5943348482400185,-0.591586460063499
2012-03-19 01:00:00,-1.0380723820321762,-1.4967094587295393,0.0,0.0,0.0,-0.1902659586785237,-0.30615616125320116,-0.3164203069623956,-2.5123299748047536,-3.1072626018205214,0.0,0.0,0.0,-0.4637727326258723,-0.5949422446667831,-0.5755153958820114
2012-03-19 02:00:00,-0.9833294310328201,-1.3418869135033993,0.0,0.0,0.0,-0.18042482032642496,-0.2731292404367257,-0.2758245707256582,-2.456417568753067,-2.9883565867098523,0.0,0.0,0.0,-0.4529145024541345,-0.5681070643687989,-0.5178378871995829
2012-03-19 03:00:00,-0.8725138235129504,-1.1128805305403289,0.0,0.0,0.0,-0.15631512961882968,-0.22244326205841816,-0.22891677550771752,-2.393301068996984,-2.856170889953849,0.0,0.0,0.0,-0.43858824878689046,-0.5341011187704604,-0.45899940306823
2012-03-19 04:00:00,-0.8453485393732395,-0.999486091980247,0.0,0.0,0.0,-0.14811996638123728,-0.19353971499918823,-0.2018281124593409,-2.325211126375038,-2.87389512329394,0.0,0.0,0.0,-0.4179868862003167,-0.5287566168333602,-0.4529444527672798
2012-03-19 05:00:00,-0.7376803579264735,-0.9000792531831362,0.0,0.0,0.0,-0.12715483945786743,-0.18093781469554357,-0.2001132238965412,-2.2434733244491216,-2.99443928665987,0.0,0.0,0.0,-0.39893940805962796,-0.5549950103770742,-0.48033617101948367
2012-03-19 06:00:00,-0.7340804061449913,-1.0736383506426255,-0.045130835367068196,-0.08026063200943044,-0.08654489139782102,-0.12691456564739062,-0.2130852856686172,-0.21725115994154362,-2.3482789268986486,-3.45250955756318,-0.13808749994555383,-0.2006399745698658,-0.14340650194223023,-0.4279416291979013,-0.6529170636492534,-0.5635535232981457
2012-03-19 07:00:00,-0.6970804713420031,-0.6704561437906226,-0.09024393283618874,-0.12727805571227738,-0.024808398805667327,-0.1182096424092146,-0.13220794744954234,-0.13960781888391355,-2.2211688059557226,-3.4620819091796875,-0.2924692232318848,-0.4500749776315658,-0.34468306230814455,-0.4006544997015505,-0.6490530885859431,-0.5750295397553894
2012-03-19 08:00:00,-0.6605917295474898,-0.49750913273204456,-0.13185555514922512,-0.14739136532104669,-0.009604517256814998,-0.11383808736904104,-0.10004768163116264,-0.10053940557293393,-1.9780330376586919,-2.8825214378720236,-0.39589752916673787,-0.5683085955044807,-0.4073543682959819,-0.35663857168666185,-0.5359142034072449,-0.4690485174476585
2012-03-19 09:00:00,-0.6698391155061268,-0.551479655466262,-0.18463751697660497,-0.20061167643200933,-0.17138285620288518,-0.11766728862486685,-0.11019173623888448,-0.10079132609595268,-2.006748942380418,-2.650840121236277,-0.5486135491098452,-0.6729483278657323,-0.4896968917254391,-0.3667724053711055,-0.4889704387676044,-0.3867413182679856
2012-03-19 10:00:00,-0.65719546916237,-0.7319445487780448,-0.20159646107346105,-0.24473111082605084,-0.3804155696203991,-0.11758070136200192,-0.14725150057303074,-0.13948731930279087,-1.8063348556000118,-2.286748278151319,-0.5355235960786268,-0.5662134765605811,-0.6283892418315108,-0.3290925473770073,-0.4152222403566937,-0.3330739923750184
2012-03-19 11:00:00,-0.6796599046956897,-0.8667623093751964,-0.22039949114980956,-0.24979391941589668,-0.4464009760190122,-0.12485827472281089,-0.1716710634188855,-0.1745292364238877,-1.7581274155487563,-2.390467058986822,-0.5387855271020889,-0.6162920311542163,-0.712343404655892,-0.32399555579711997,-0.4380982071475269,-0.37963124393330266
2012-03-19 12:00:00,-0.7098434225016212,-0.8789913674576483,-0.23632316719693933,-0.28267911182819433,-0.4886666583404456,-0.1337303868092895,-0.18030900380129627,-0.19237733753613748,-1.7489148962966887,-2.4206395283281563,-0.5344502970883822,-0.6256865227814268,-0.6564036290433689,-0.3246765115323787,-0.4484393887894941,-0.40517537767070116
2012-03-19 13:00:00,-0.7661987196964976,-0.74914145486781,-0.24506598373014502,-0.2861116245700622,-0.5108100832128022,-0.14566551068234057,-0.15268202751787632,-0.16637079049451056,-1.8176925937083355,-2.2133423999464474,-0.5371533356814436,-0.5947315698634789,-0.5836247530074009,-0.339583649161162,-0.40663194715793755,-0.3703045055018944
2012-03-19 14:00:00,-0.7660478015453164,-0.824539886205295,-0.2241963834839133,-0.29814916710854733,-0.5891120863908265,-0.14478213256969227,-0.16688184162041186,-0.17996780560589315,-1.7256674388283946,-1.9442930639175229,-0.46377934651997477,-0.49973762550125767,-0.48975079290608187,-0.31856554042928364,-0.35096449112946176,-0.31445720115201814
2012-03-19 15:00:00,-0.7163010414909043,-1.0423477638470329,-0.1649295538555971,-0.2438414788058912,-0.3376205317876498,-0.13362413237638462,-0.2095636981683003,-0.22416510651324312,-1.6809953699118803,-1.8314959077018431,-0.3413953012128431,-0.3627777931674577,-0.4838883996451666,-0.30794174991036405,-0.3251172045194204,-0.2889887157082895
2012-03-19 16:00:00,-0.7170558364706128,-1.487481873745562,-0.11426564739894275,-0.1967909360537734,-0.32899692351320287,-0.13288191337458122,-0.28967987371867393,-0.298533245464129,-1.8568102072345944,-2.1589178406527307,-0.2513946358760213,-0.231763873051833,-0.10969424867302992,-0.3428075337095339,-0.38745775820722594,-0.3175723896646934
2012-03-19 17:00:00,-0.6922288241200184,-1.7053676308410441,-0.02169381776393986,-0.05148840081278453,-0.04084967103436691,-0.12250085948899132,-0.3289414777060327,-0.31964488922750034,-2.1164349517031087,-2.5468782036640727,-0.06658083040255919,-0.06026969908137342,-0.158563108256248,-0.38975008572845365,-0.465700013840152,-0.3356154165458393
2012-03-19 18:00:00,-0.6860599290095825,-1.7330836043851892,0.0,0.0,0.0,-0.11698380962241413,-0.33627486564108217,-0.3196150277787601,-2.157676612825176,-2.8491200318026415,0.0,0.0,0.0,-0.39013080663672955,-0.5312448697129372,-0.39022313409423237
2012-03-19 19:00:00,-0.730016389096065,-1.4857582442452082,0.0,0.0,0.0,-0.12545565638084338,-0.2926307014498163,-0.26851789190747977,-2.1454020591611833,-2.7416938863471727,0.0,0.0,0.0,-0.3815367013915072,-0.5074994681199877,-0.3545249631431576
2012-03-19 20:00:00,-0.7317939571217404,-1.40117925764254,0.0,0.0,0.0,-0.1266162047535978,-0.27641763412688247,-0.2473809541352818,-2.141204944245531,-2.9245946234577804,0.0,0.0,0.0,-0.37776303138241235,-0.5415108805188301,-0.38022279455921376
2012-03-19 21:00:00,-0.7513345572878852,-1.132806275316879,0.0,0.0,0.0,-0.12853253351551494,-0.22246681670259025,-0.19679712051457088,-2.262028303466268,-2.945081780920766,0.0,0.0,0.0,-0.3996559204756979,-0.5442113287589802,-0.39632296772543496
2012-03-19 22:00:00,-0.730480398534599,-0.7219802501589753,0.0,0.0,0.0,-0.1235910717216831,-0.14422000298633722,-0.10727262214039554,-2.2863984249434375,-2.9593357721366416,0.0,0.0,0.0,-0.40148240026553733,-0.5495450276254972,-0.37601098059537624
2012-03-19 23:00:00,-0.6921548304253619,-0.5117133209968834,0.0,0.0,0.0,-0.11640314327057899,-0.10507429219803359,-0.07060358065147714,-2.2898996485685688,-2.7990189050076277,0.0,0.0,0.0,-0.40201383728175033,-0.5224449824259374,-0.3353656894712442
2012-04-07 00:00:00,-0.983132208747184,-1.6327614387462839,0.0,0.0,0.0,-0.18720017172835843,-0.3364628490337702,-0.3676674749138202,-1.9766404019347532,-3.11543655568982,0.0,0.0,0.0,-0.37251427677636234,-0.6247929679849208,-0.7096289373119955
2012-04-07 01:00:00,-0.9246842807141324,-1.5501652039470815,0.0,0.0,0.0,-0.17413596712422352,-0.31873973718573645,-0.3450978599456564,-1.878464247715017,-3.1443434158816217,0.0,0.0,0.0,-0.3504525086480613,-0.6291297908921035,-0.7091321613556395
2012-04-07 02:00:00,-0.8893873883015081,-1.378817691116067,0.0,0.0,0.0,-0.16538152955327784,-0.28418160657915353,-0.3092436611820985,-1.8449769033544787,-3.1582438651178797,0.0,0.0,0.0,-0.34337104495806653,-0.63266392151777,-0.6948631633147135
2012-04-07 03:00:00,-0.8171549887128995,-1.3029250397104104,0.0,0.0,0.0,-0.14879653910837598,-0.26661502324850145,-0.28921435123681805,-1.7973511688563995,-3.226238916584281,0.0,0.0,0.0,-0.3309545470482819,-0.641608958775403,-0.6825438330902294
2012-04-07 04:00:00,-0.8124150001370057,-1.2642590441803365,0.0,0.0,0.0,-0.14916473725022786,-0.25734155811624704,-0.2679656594537223,-1.7564833850064283,-3.2015265164198103,0.0,0.0,0.0,-0.3212235127861132,-0.6322997727485422,-0.651023096116214
2012-04-07 05:00:00,-0.8252528723771426,-1.090157786187279,-0.018263835221243904,-0.028963225964980154,-0.014860094268508435,-0.15077437753022968,-0.21788705267920794,-0.22466887447954137,-1.7914985866092574,-3.2318261447397107,-0.036138680215073174,-0.06252000791920068,-0.12722685932280053,-0.32773003590971395,-0.6334615872507648,-0.6440931297194367
2012-04-07 06:00:00,-0.7799432940806826,-0.7314021101769799,-0.1669115118747149,-0.1770783415440186,-0.03438146241354879,-0.14321477774014926,-0.14558184220580306,-0.1604599986104592,-1.649669447680091,-2.9911515349527753,-0.3057437634030732,-0.5014968407062536,-0.29874678331490606,-0.2994662069759472,-0.5878787540393444,-0.6164688709220346
2012-04-07 07:00:00,-0.787641873868703,-0.5220531113072119,-0.26710855215103924,-0.20407661086301215,-0.08334905197102488,-0.1475889928620867,-0.09951008260207647,-0.11090668742638012,-1.5690111666721507,-2.4384238956651862,-0.4789364388457187,-0.6655866375362532,-0.27412519641414834,-0.2869093638984151,-0.4728780216281188,-0.520883996964963
2012-04-07 08:00:00,-0.7746843139000189,-0.39109936284083946,-0.3238477039223707,-0.19692406534573856,-0.180156753994274,-0.14644778369825998,-0.07446389508474982,-0.0994457344402753,-1.4883539615399455,-1.8162762063041094,-0.5620293079695765,-0.6084052422961587,-0.20897278716338255,-0.27176642539368834,-0.34067274870406344,-0.42049581339314124
2012-04-07 09:00:00,-0.771822983796276,-0.4261360838695848,-0.4014016527580678,-0.28217266553624176,-0.5181992543806923,-0.1459109405672607,-0.08190488717820138,-0.11289351795472978,-1.4585241678479839,-1.6949025988357957,-0.6641539095736252,-0.6925951223486287,-0.4515088251895604,-0.26531676812243454,-0.31076477216233067,-0.41678143401419177
2012-04-07 10:00:00,-0.7647745088062148,-0.34312953188605416,-0.42815605002063717,-0.2759179153421426,-0.46765505306053995,-0.1460882318558608,-0.06066624151418912,-0.11228893857829296,-1.3797576798324998,-1.623430445970466,-0.6710830460659586,-0.7069217038696956,-0.6226263839407841,-0.25172009491632674,-0.29502767176434697,-0.4408475649529359
2012-04-07 11:00:00,-0.7436880818521316,-0.3325967792725331,-0.4194066391040731,-0.24817728314764512,-0.5816583018990686,-0.14295679369551248,-0.05743106744193949,-0.11995132406247433,-1.319981183362321,-1.6055202490157237,-0.6301564854027617,-0.7094615953723594,-0.955596514755193,-0.24163116293637799,-0.2916508711665224,-0.46079961059990937
2012-04-07 12:00:00,-0.7539832092411968,-0.3338462009890201,-0.43440959351184677,-0.2412869746826678,-0.5630011607976225,-0.14497624151308275,-0.05527678744755805,-0.12194100221766088,-1.3457926975552055,-1.7444029001850432,-0.6632199753839493,-0.7772744517952532,-1.2025959391651269,-0.24752939238589936,-0.32035521756565355,-0.504624623734931
2012-04-07 13:00:00,-0.735105256164825,-0.28267835586550866,-0.4221503056135283,-0.21287866023988375,-0.48208815047433734,-0.13897987036734577,-0.04242451300431198,-0.1116482175424934,-1.3537963513607556,-1.744292710927112,-0.6596842687102665,-0.7454751740781129,-1.4965525751422306,-0.24714091412000577,-0.3185976739302119,-0.5133342132773273
2012-04-07 14:00:00,-0.7348692183856307,-0.2972956411736974,-0.40141538529527687,-0.2087870542607238,-0.44085045476778756,-0.13846497866173157,-0.044520743595537184,-0.10716264189702498,-1.37767495334878,-1.688758364625814,-0.6467968734369623,-0.7102427563120831,-1.316044719115434,-0.2522858963629504,-0.30696846220461904,-0.4930486392861115
2012-04-07 15:00:00,-0.7469258110881061,-0.4773058899618152,-0.33601961533994174,-0.24170284699747316,-0.4854232434793367,-0.13817246614031622,-0.08213979784444406,-0.12645513111451798,-1.405392957273946,-1.5885638348036675,-0.5110972914559918,-0.4866095918382507,-1.1632004111501864,-0.2547828766597908,-0.28480825969207163,-0.43812848166483453
2012-04-07 16:00:00,-0.7506770594444934,-0.8412208518366034,-0.2842320415998606,-0.3120465694343141,-0.6951615394631738,-0.13718680462660096,-0.15933227232760455,-0.20416671670250475,-1.3600478503449247,-1.6760196163788856,-0.3829018625927173,-0.40305020290573634,-1.1366678081483668,-0.24041266545493173,-0.2996221647480876,-0.4544630637650049
2012-04-07 17:00:00,-0.8652570722202182,-1.044677388203135,-0.18632134411555729,-0.22811681116252555,-0.46373014485349495,-0.15966609217782962,-0.20344711131913942,-0.22462810030726757,-1.6218423266944966,-1.9820177928978946,-0.28515650269154974,-0.33996188865751337,-0.6849928941236206,-0.2934433547601045,-0.36563907879097357,-0.46157765374659737
2012-04-07 18:00:00,-0.8532453636340853,-1.2237181659110254,0.0,0.0,0.0,-0.15394075521825654,-0.23711833052054251,-0.2330242050819236,-1.7244812596275023,-2.2913204908150826,0.0,0.0,0.0,-0.307330888676969,-0.42271903144403095,-0.45609428561405796
2012-04-07 19:00:00,-0.8480314715507202,-1.5237230472696845,0.0,0.0,0.0,-0.154074163307848,-0.29628557130622624,-0.2997794211566575,-1.733409773527611,-2.802632659821373,0.0,0.0,0.0,-0.3120868017149676,-0.5299600438042664,-0.5529226477194437
2012-04-07 20:00:00,-0.7790530712049696,-1.6339809299045138,0.0,0.0,0.0,-0.13864563539833816,-0.3204017114650907,-0.3260356301955413,-1.714989495991343,-3.249218795702916,0.0,0.0,0.0,-0.3078741386284322,-0.6254520354214909,-0.6294963746683938
2012-04-07 21:00:00,-0.7831459408106967,-1.8350196608063027,0.0,0.0,0.0,-0.1388915407150667,-0.3640427890304246,-0.3621320899754973,-1.7784985372114976,-3.6819829500750885,0.0,0.0,0.0,-0.32038513626584436,-0.7151791161003325,-0.6909342636017678
2012-04-07 22:00:00,-0.8199415298124922,-2.0924808488535396,0.0,0.0,0.0,-0.14668741200248106,-0.41655592338982694,-0.4120919839807453,-1.864054845014695,-4.155954797806278,0.0,0.0,0.0,-0.3377218990610911,-0.8111473823859647,-0.7734682666853336
2012-04-07 23:00:00,-0.810479073383756,-2.388523967953304,0.0,0.0,0.0,-0.1420980438426796,-0.475682251237039,-0.46326498046617975,-1.9130885700397837,-4.407839923381203,0.0,0.0,0.0,-0.34454277728984134,-0.8617702443275416,-0.8029817106876768
2012-05-16 00:00:00,-1.1174843462441866,-3.231416870914132,0.0,0.0,0.0,-0.20882979735334103,-0.655250302357742,-0.6798743599878088,-1.7412880434165863,-4.238081679518653,0.0,0.0,0.0,-0.3153292829126756,-0.842167669764178,-0.9686883206077919
2012-05-16 01:00:00,-1.1695544272461336,-3.137951953682357,0.0,0.0,0.0,-0.2179994778457867,-0.6379490764166227,-0.6398075187457349,-1.8617644119918808,-4.462232183576589,0.0,0.0,0.0,-0.3353835482951583,-0.8854906615700995,-0.9657733138629345
2012-05-16 02:00:00,-1.328675004401106,-3.3013473064341445,0.0,0.0,0.0,-0.25001714634289013,-0.662319468027273,-0.6197003608891914,-2.185532274134466,-4.560976074705463,0.0,0.0,0.0,-0.4007287814786508,-0.8958442763014103,-0.8999688886059317
2012-05-16 03:00:00,-1.4481352818367763,-3.4051568264475125,0.0,0.0,0.0,-0.2743759507976494,-0.6726852270329348,-0.6099390567448295,-2.4544601232907794,-4.547120387690135,0.0,0.0,0.0,-0.4563487900698379,-0.8833377088304892,-0.8412110204829595
2012-05-16 04:00:00,-1.521114121453024,-3.531127423606147,-0.09930922739764483,-0.23609237435894748,-0.08377006350485439,-0.28690060016009483,-0.6906733005120692,-0.5955131644850957,-2.6187815048132355,-4.5982955028084405,-0.1543250715682306,-0.29350431361997154,-0.3546527665790131,-0.4836636186297723,-0.8795497017845563,-0.7813443522200977
2012-05-16 05:00:00,-1.5254925663156669,-2.8738504347136153,-0.9163204536232633,-1.95360838209511,-0.882726732102503,-0.28851501836232984,-0.5588650481680156,-0.4679297399587052,-2.6431059018432075,-4.402118728574005,-1.4970850580433601,-2.852327159729973,-2.207743600103365,-0.4904329169544261,-0.843690090366306,-0.7606372674564491
2012-05-16 06:00:00,-1.5251068671261452,-2.185584326195656,-1.5448921201445247,-2.4122958985999885,-0.749541507451753,-0.28995194268536445,-0.418569927669468,-0.33803763724952274,-2.635968851433912,-3.768378544779657,-2.5938389933262,-4.04382229746044,-2.504226645082711,-0.49386216028600877,-0.7187793801390923,-0.6685985177007397
2012-05-16 07:00:00,-1.5385831978330036,-1.5147833342365582,-1.979453348199534,-2.139836525415262,-0.418419841544339,-0.2951448786130394,-0.28200188286432304,-0.2197149625691,-2.6158804874472685,-3.089922684275483,-3.206421638960563,-4.133251038250235,-2.612005365776478,-0.49437512842423836,-0.5833366222915659,-0.5813989595093597
2012-05-16 08:00:00,-1.4492828819405448,-1.10503308383171,-2.128054114245805,-1.773793920079773,-0.7872840174905007,-0.27934223236091854,-0.19832916171182235,-0.16814248931537082,-2.4774592404015507,-2.9211221119010493,-3.4858168259248106,-4.356391779688349,-3.8276437868455804,-0.4699152440874477,-0.5495950247499162,-0.6092366892752256
2012-05-16 09:00:00,-1.3851119885222347,-0.9454603361707559,-2.0828973527290238,-1.5200046820181836,-1.043666695879438,-0.26670047597171975,-0.16573735531519945,-0.16007707291303133,-2.388349524526729,-2.9626961987850886,-3.4295027708120043,-4.3879322689807365,-4.860189829331408,-0.45260425833038803,-0.5560375236181039,-0.6631890271849074
2012-05-16 10:00:00,-1.3116161090421823,-0.985576840664478,-1.9457059584783298,-1.5094477025032074,-1.6410345329409661,-0.2517202977120839,-0.1735315205950156,-0.19631126258852172,-2.258437976739538,-3.185954000933975,-3.1609502756691223,-4.555303628903345,-5.896693517587441,-0.42697393299131337,-0.6000980800671367,-0.7522919375108562
2012-05-16 11:00:00,-1.2606023320627333,-1.049399784371219,-1.8405497164592832,-1.5982776359285253,-2.2756962055223364,-0.24176537962420527,-0.19034523273368215,-0.2349172639195444,-2.1420430289146712,-3.3112330302404582,-2.956817525325168,-4.713705559451533,-6.661112344802587,-0.4052380506004134,-0.6324507524068698,-0.8178853960238536
2012-05-16 12:00:00,-1.2365686376620049,-1.1313838591156986,-1.7680381838853227,-1.6710683491285585,-2.48453019278514,-0.23748698996807663,-0.20764173158268154,-0.26888232621474545,-2.067932343614842,-3.2663339788353167,-2.8063026799444524,-4.513772901082755,-6.864258146814992,-0.39176136193076244,-0.6279601847546773,-0.8432621801862162
2012-05-16 13:00:00,-1.1937585532987098,-1.3784063967220885,-1.6798678426829377,-1.9712883780977264,-3.0675139479335436,-0.2297028274732836,-0.2584337834738896,-0.3313201236360305,-1.9945508032751076,-3.5816026565759884,-2.691043872328144,-4.962875459581645,-7.5758819187640105,-0.3785791333056228,-0.6961671743101795,-0.9253919628614444
2012-05-16 14:00:00,-1.2031137261743292,-1.5638975222632474,-1.5781275335849698,-2.021049525644696,-3.2474286788931166,-0.2298188494525941,-0.2940753093967214,-0.37301102698755634,-2.006815731324965,-3.9078601263736985,-2.5254503692287686,-5.003710624877271,-7.708583952548605,-0.3798058239202522,-0.7592592179885886,-0.9946201612895821
2012-05-16 15:00:00,-1.1823897032779132,-1.6627238885666118,-1.424056451659163,-1.9864250935992644,-3.165326963961911,-0.2243560027767421,-0.3121692357933402,-0.39043723660862717,-1.9589463684857384,-4.052633315861546,-2.21502712347512,-4.813554801822202,-7.606748814023719,-0.3674080962438348,-0.7866271427533519,-1.0167436108387826
2012-05-16 16:00:00,-1.181954197687079,-1.8905461643957489,-1.2951080880981094,-2.1055892397646527,-3.2653732316940887,-0.22533346176281294,-0.3610273252349686,-0.4310645436733623,-1.9742561119558142,-4.1833700216263,-2.0086558009042714,-4.5296733525061335,-7.187357748416834,-0.3703964525883331,-0.8130254167291083,-1.0248071640664518
2012-05-16 17:00:00,-1.22876194902669,-2.2646195620747496,-1.1111057193764597,-2.0970860197303733,-2.6337656889437677,-0.2355361257673954,-0.43764687828956533,-0.4946480333575635,-2.03320107332649,-4.401156588074163,-1.7092612026011367,-3.9538663767575595,-5.5757890817250955,-0.3832314269152799,-0.856431175398347,-1.0396361191469796
2012-05-16 18:00:00,-1.3430532594871458,-2.4396889942416995,-0.6182099398887433,-1.1761122792952907,-1.4081878189378947,-0.2575046562885708,-0.4762747481409006,-0.49461842593545424,-2.2177160816364174,-4.5698242700529805,-0.9432153446807565,-2.108708878641524,-2.5217740400512776,-0.41658356599743945,-0.8854808224475486,-1.0053144435323103
2012-05-16 19:00:00,-1.4348946006043397,-2.5602482812662095,0.0,0.0,0.0,-0.2749143711810435,-0.49909098472412405,-0.48594750748594784,-2.38504420635573,-4.987605276996791,0.0,0.0,0.0,-0.4484172164194825,-0.9717647388579753,-1.0184611908902972
2012-05-16 20:00:00,-1.423630257938559,-2.734559724651031,0.0,0.0,0.0,-0.2721864989685292,-0.5369730256688697,-0.5122979168078318,-2.38929869471782,-5.129957777987732,0.0,0.0,0.0,-0.4478170578773093,-1.0040299789277471,-1.0235202882639751
2012-05-16 21:00:00,-1.4443188365833501,-2.8120034556961144,0.0,0.0,0.0,-0.2753136174217318,-0.5498978409762291,-0.513747490099995,-2.4275159550129124,-5.062904701791824,0.0,0.0,0.0,-0.4529243739837763,-0.990607090238734,-0.9856736002542271
2012-05-16 22:00:00,-1.4550121779551661,-2.868055647135645,0.0,0.0,0.0,-0.2755214391065318,-0.5614239868984319,-0.5108556450684704,-2.4211679771953247,-4.886887516618433,0.0,0.0,0.0,-0.4475245233077356,-0.9513207013598733,-0.9194469364103651
2012-05-16 23:00:00,-1.4510626732330116,-2.9775353125691835,0.0,0.0,0.0,-0.27383667606349976,-0.5834764367280317,-0.5250589377051975,-2.4393911513785227,-4.875954176941218,0.0,0.0,0.0,-0.4507339925708859,-0.9516287794994532,-0.90171941791871
2012-06-10 00:00:00,-0.5281553586073942,-0.413562317947868,0.0,0.0,0.0,-0.12282991559422951,-0.09618240071758669,-0.26163252739702136,-0.6388746994720728,-0.8075604324912246,0.0,0.0,0.0,-0.14582696158849362,-0.1789019079453057,-0.5229295831029603
2012-06-10 01:00:00,-0.5534686833176413,-0.4548417280108122,0.0,0.0,0.0,-0.1274998247375792,-0.1059874277088239,-0.2686901619470169,-0.6967391311982098,-0.6453871074133415,0.0,0.0,0.0,-0.15652574480348674,-0.14711295132694743,-0.49696935154502836
2012-06-10 02:00:00,-0.5791639488973482,-0.5195719773604466,0.0,0.0,0.0,-0.13233220202289908,-0.11821201741742127,-0.27684162477841295,-0.7499216502322579,-0.6401161130579588,0.0,0.0,0.0,-0.1674479231649922,-0.146871436712669,-0.49871363763549953
2012-06-10 03:00:00,-0.6179778952613374,-0.5576430430449136,0.0,0.0,0.0,-0.13914813217996475,-0.1261848074769451,-0.289721469153132,-0.802963498868209,-0.5795512797631032,0.0,0.0,0.0,-0.17797048274827462,-0.13566728246194282,-0.49358744903786383
2012-06-10 04:00:00,-0.6410635297900421,-0.5492090701757636,-0.09952734554891535,-0.07704103499011883,-0.6730685534618941,-0.14388012093115837,-0.12592532305379653,-0.2900410446780513,-0.849677787345408,-0.8446038942614771,-0.11234507563901093,-0.11073023037876026,-1.8057789688381976,-0.1865832137758723,-0.1896225910393788,-0.5473861423344274
2012-06-10 05:00:00,-0.6478235748210193,-0.6125562788858064,-0.3005336254996084,-0.3080443432193321,-1.8935122244789229,-0.14626043746578765,-0.1406822092141336,-0.3052081825279725,-0.8505954769763824,-1.377263216756965,-0.3229291812923866,-0.6223950838890673,-5.266794435391802,-0.18831073106946633,-0.2977395809251509,-0.649390941173226
2012-06-10 06:00:00,-0.6323619710973503,-0.5760672693861008,-0.47397613850346837,-0.49349979843326036,-2.0843154400371566,-0.14464225171197892,-0.135562403237388,-0.29547406651266833,-0.8206324745774949,-1.783330085097194,-0.5187112532438997,-1.3219975089017026,-5.521665174482323,-0.18526598729387478,-0.38337968648504145,-0.7254851855338886
2012-06-10 07:00:00,-0.6138818527399689,-0.5365525308681919,-0.5592442376902422,-0.5522353748488192,-2.3623589480193656,-0.14250611509485087,-0.1296400852600073,-0.28976336552296306,-0.7756041188493721,-2.027818761272953,-0.6251347321941895,-1.804467319260657,-5.569731951692803,-0.1792139253060007,-0.4346981334932113,-0.7670373481927998
2012-06-10 08:00:00,-0.5900336923510963,-0.5539581649888609,-0.5806822926289591,-0.588395780477212,-2.252175860685784,-0.13887460152273645,-0.1378644634189813,-0.2984497177484507,-0.7311773751405299,-2.258315494508196,-0.6205406307972401,-2.0693039662268253,-6.504055164893463,-0.17240436306120818,-0.48370491361905915,-0.8090539226132472
2012-06-10 09:00:00,-0.554702535572661,-0.6553450339412487,-0.517441410919612,-0.6431614817596248,-2.34918548037109,-0.13364543545619975,-0.16133800977496285,-0.31741550912401423,-0.648935475556331,-2.52523660170203,-0.5042597814047404,-2.166905955277505,-6.831656552390345,-0.15966495586808102,-0.5389067690238203,-0.8502815842924689
2012-06-10 10:00:00,-0.519602528720247,-0.7065652089435996,-0.4405678649884235,-0.6636200585235469,-2.4074745861261793,-0.1271832448945379,-0.16913858241723767,-0.32426225217886834,-0.579212553602604,-2.7592899023400737,-0.39057414492886305,-2.154149578789374,-7.644811262256555,-0.1475533830023029,-0.5783388147419593,-0.881189057497251
2012-06-10 11:00:00,-0.4730766756524626,-0.9083662627799144,-0.3595628589112257,-0.7596562705070719,-2.7040038034364007,-0.11967401196106006,-0.20667889120789504,-0.35366313367384533,-0.514133251793667,-2.858903894797903,-0.2327881496672736,-1.9973936011436673,-7.598252254832991,-0.13635570857235862,-0.5925044974164757,-0.8856927736945068
2012-06-10 12:00:00,-0.4318406164353297,-1.0387392103206794,-0.26700534811267,-0.8089436559073702,-3.009086517571579,-0.11082092710572036,-0.23598543232480929,-0.38222103269697844,-0.4381063994805775,-2.6760073126656327,-0.04283443883933663,-1.6877031447172515,-7.970447607041314,-0.11971391643056639,-0.561741357986019,-0.8622206254993555
2012-06-10 13:00:00,-0.3996655367295698,-1.069823782660001,-0.17196125186810768,-0.779692002536536,-3.3213269360555606,-0.10360407359702054,-0.24729514420279947,-0.39618023376802086,-0.36941260968382583,-2.574933123620297,0.07062258482349613,-1.5265786013985079,-7.458340544528673,-0.106721757277375,-0.5509331003324808,-0.8509585858279024
2012-06-10 14:00:00,-0.3630620902767598,-1.1775038920435705,-0.12171752495169857,-0.768475172959788,-3.5015118254455686,-0.09816300288485703,-0.26955646236004566,-0.4143968505601999,-0.2977132573523029,-2.402991551448947,0.11209811597881304,-1.38592331373248,-6.327826455938682,-0.09596820194178138,-0.5208032194790391,-0.8079298651998014
2012-06-10 15:00:00,-0.3363284194366784,-1.2256695857016242,-0.08049644623693898,-0.7047649136681898,-3.4354357116776897,-0.09240223989482581,-0.2746120986842806,-0.4189424651434881,-0.26468777895528617,-2.3164739638041585,0.1415916923957454,-1.2412979504762784,-6.321655695314825,-0.08910859711146094,-0.5079359141010675,-0.7964799741777652
2012-06-10 16:00:00,-0.33756657270573864,-1.2603631522713188,-0.0923831514896676,-0.6542570216468683,-2.983184963091316,-0.09137370757126581,-0.27587820408215896,-0.4221266895222572,-0.2650252721752865,-2.20927134898548,0.11598767152415944,-1.1064167666841744,-5.889846008156715,-0.08764556470802531,-0.48457320569927903,-0.7744125709104275
2012-06-10 17:00:00,-0.36155287121649204,-1.237541453351993,-0.13765986563600965,-0.5941483442583371,-2.3723387349245373,-0.09584785997182807,-0.2714062017136717,-0.41687623736903023,-0.3073403098006063,-1.9940332117615145,0.02346592165644463,-0.919083829028077,-5.624523960689823,-0.09409723468685327,-0.43598468074003716,-0.7286018242486969
2012-06-10 18:00:00,-0.41354243149596803,-0.9903036179440619,-0.1549738796187186,-0.3695906608994291,-1.2250949124455464,-0.10364277408979171,-0.21749057830578497,-0.3682281287787778,-0.409800821767648,-1.5351284452776182,-0.09796868544356262,-0.5650169173357376,-2.888794926141776,-0.10883833948998056,-0.3334574766780436,-0.6440533395907175
2012-06-10 19:00:00,-0.5109807836817309,-1.136546987605863,-0.008010993041708162,-0.01451235442452359,-0.008808610639397443,-0.11874236146303113,-0.24240430285276068,-0.40480433446071595,-0.5943103789749408,-1.4079393995289289,-0.009158039592922653,-0.01662429615860296,-0.1683114357587288,-0.13762684662995497,-0.29902141746198585,-0.636058682898539
2012-06-10 20:00:00,-0.5382046567049663,-1.239839810739251,0.0,0.0,0.0,-0.12459905168028453,-0.2638160943731303,-0.4235648780690444,-0.6527072939182964,-1.4842110838204645,0.0,0.0,0.0,-0.1491647110106636,-0.31353281367546465,-0.6498774141869715
2012-06-10 21:00:00,-0.5449287522304634,-1.1078447018446222,0.0,0.0,0.0,-0.12441926768104054,-0.23311713687779295,-0.39375096781472063,-0.6838749458182068,-1.4906889393313738,0.0,0.0,0.0,-0.1527379757833179,-0.3149807577429819,-0.6519956024619818
2012-06-10 22:00:00,-0.5751672479805084,-1.0009716311906507,0.0,0.0,0.0,-0.12797247472050055,-0.2096206894645655,-0.3720331441590638,-0.7510020404394577,-1.3204402875581631,0.0,0.0,0.0,-0.16305948570371434,-0.2790146307429772,-0.627033117982929
2012-06-10 23:00:00,-0.6084845556141681,-0.9770258231841387,0.0,0.0,0.0,-0.13309987200363377,-0.2074275541004357,-0.37040117196302813,-0.8215611608357274,-1.1298055343144324,0.0,0.0,0.0,-0.1742062123105816,-0.23944158288407155,-0.6023341495153863
2012-07-15 00:00:00,-0.3804095257696701,-1.2740127753370594,0.0,0.0,0.0,-0.10604996904986212,-0.2693126705338653,-0.38950590537452473,-0.3860391352778387,-1.4123994485276226,0.0,0.0,0.0,-0.1190929627839076,-0.30349293295603824,-0.5774372654337133
2012-07-15 01:00:00,-0.42070385944292293,-1.4083884711691121,0.0,0.0,0.0,-0.11255019360379458,-0.2935912388061271,-0.41643500987736826,-0.46974340588556107,-1.5280336196785533,0.0,0.0,0.0,-0.13376612095734147,-0.32249743276793474,-0.6017000833633994
2012-07-15 02:00:00,-0.4750984817622627,-1.483729446365554,0.0,0.0,0.0,-0.11999456837499792,-0.3065062366786486,-0.43749882626140874,-0.5743686660525938,-1.6352062478402147,0.0,0.0,0.0,-0.14837093383488606,-0.33882034367252284,-0.6352280488247866
2012-07-15 03:00:00,-0.5170119084957799,-1.4726630759992636,0.0,0.0,0.0,-0.12702794046995264,-0.30170423953103265,-0.43590792868506484,-0.646432631433005,-1.7657398786540723,0.0,0.0,0.0,-0.16117565490740346,-0.366941990243645,-0.672480062954114
2012-07-15 04:00:00,-0.5468283524461514,-1.7345610758276264,-0.0426572942734919,-0.13457563926891178,-0.28517649135296985,-0.1309355452312639,-0.35377394844437143,-0.49058996744543076,-0.6892334777482026,-2.004566101538669,-0.044379315077574394,-0.13951820636681808,-1.3439542842198362,-0.1690552450117988,-0.4192480914712557,-0.7301457692394379
2012-07-15 05:00:00,-0.5335293302336017,-1.849807610664111,-0.23611445500135883,-0.8436640528692434,-2.7737851493155437,-0.13163902222589327,-0.3760335682553275,-0.5082415191452386,-0.6569665531287247,-2.360423049989748,-0.2214029187931979,-0.9804076430360493,-4.792675632255211,-0.16905141328016718,-0.49111981094091506,-0.7895139530645652
2012-07-15 06:00:00,-0.5303559393864309,-1.7458653307314456,-0.38077368120570454,-1.1287396204452613,-3.3023513303418883,-0.13237833456164685,-0.3546858501284819,-0.490714875846951,-0.6404526237203579,-2.47376135659702,-0.3307656748034726,-1.4455853030591985,-5.843373898987292,-0.16785718296107638,-0.5152804748122012,-0.8115565639243881
2012-07-15 07:00:00,-0.5165941870461338,-1.685759107360982,-0.43768793405967654,-1.070077040040915,-3.522286123081161,-0.12972510641369583,-0.34608220360220293,-0.4873772677459614,-0.6023975861637532,-2.4130729818210184,-0.3510053824242495,-1.4793363449363357,-6.756080438093963,-0.15975468770838785,-0.5040343706895044,-0.8054192136760809
2012-07-15 08:00:00,-0.4827576525149349,-1.5226041425069958,-0.3732942001655135,-0.8376801473960434,-3.3213111369948467,-0.1235389835699147,-0.3222439334743041,-0.4662619997055769,-0.5397029150724265,-2.4530369257262956,-0.21484139691577997,-1.3790167158249302,-6.500432133140189,-0.14622357878484873,-0.5127327495702934,-0.816245770899672
2012-07-15 09:00:00,-0.4479357950730578,-1.2859943970848702,-0.28945944971942467,-0.6915289315323306,-2.5117337124199044,-0.11742816230760489,-0.28368329613947074,-0.4297125644798806,-0.4580370290916159,-2.1069047419348808,-0.011911450518549107,-0.9242593325820114,-5.0292553548467405,-0.1312475069146931,-0.4527561404847062,-0.7557992108015043
2012-07-15 10:00:00,-0.3918229717178921,-0.8049996774723037,-0.1476079048354854,-0.29800294264155486,-1.7863221457988148,-0.10882729293151412,-0.19778086514515758,-0.3425721865991549,-0.35099234780965816,-1.727924091217287,0.198557711685351,-0.6880665868312108,-4.2503619611146615,-0.1130593426849566,-0.3849587039963934,-0.6776550127537161
2012-07-15 11:00:00,-0.34405145618613414,-0.5778856414159553,-0.006393977464048645,-0.04505133800987985,-2.00800926955215,-0.10047131996945406,-0.16514823591575642,-0.30417842868247363,-0.26577931190372645,-1.1288927408793612,0.39568536084990935,-0.04836714049458005,-3.553872248720218,-0.09818247836652748,-0.2720214882927546,-0.5627087269012745
2012-07-15 12:00:00,-0.2989797445606655,-0.5098115667951768,0.10901310702136228,0.21859162346175698,-1.740850604372583,-0.09247214532659048,-0.1524908922301451,-0.2878746109402404,-0.18419127499252738,-1.413844631674823,0.5772069266210729,-0.08628603437058585,-3.963052384648452,-0.08564922051622076,-0.3297429185913797,-0.6008872337999993
2012-07-15 13:00:00,-0.2641453057185821,-0.47854867763677794,0.1755182290764097,0.2579843791326338,-0.9604397910899257,-0.08770890204660697,-0.14946583986206008,-0.27841303925143346,-0.11695909448400699,-1.264198646673746,0.6559109291403207,0.1321457861710504,-3.6194302812748105,-0.07690714009910105,-0.3063605563896373,-0.5633832371096245
2012-07-15 14:00:00,-0.24404211560947853,-0.5784149512149903,0.19309156225268728,0.07376682255751385,-1.1014147340027334,-0.08580498526496538,-0.1683319028791187,-0.28574824800437615,-0.08086467179436753,-1.6165291137802902,0.6422711434819975,-0.023706098145246997,-4.198941764304008,-0.07498799775792477,-0.37071525504636776,-0.6127213587455892
2012-07-15 15:00:00,-0.24085645555956123,-0.6765286168080753,0.17089783609511733,-0.09688149621183907,-0.6798664897059821,-0.08578394829183725,-0.18535085450720304,-0.29778023654064806,-0.077254686864495,-1.6487590096555844,0.613750877921466,-0.16132275388881687,-3.8584132441506123,-0.07476712999988724,-0.3738389878175043,-0.6121757147181264
2012-07-15 16:00:00,-0.28098388939884467,-0.5809863746705521,0.06673741991125792,-0.08871911642447829,-0.028864566124500696,-0.09286450366081025,-0.1546937489529969,-0.2728419536130974,-0.13634589667845629,-1.449665550988325,0.47760204398810335,-0.1607527480524047,-3.310685184955929,-0.0844798891245468,-0.3325680980373808,-0.580052317975532
2012-07-15 17:00:00,-0.34152528776096325,-0.5062199450485779,-0.0493120468780503,-0.10732686241914982,0.1382887013541968,-0.10342120908832912,-0.13108625669433993,-0.25661079107659523,-0.2499028530144224,-1.4481026676427455,0.21699457118938525,-0.26643028257074824,-2.855678183383539,-0.1035351605555105,-0.3217006861123498,-0.5845783558853687
2012-07-15 18:00:00,-0.4234103433871202,-0.7540175454934092,-0.11687099457285274,-0.197448100285258,-0.513102410681176,-0.11734079518590242,-0.17328446960835941,-0.30714780172064265,-0.4076253645719277,-1.5224184173448956,0.0060835913234639615,-0.3139930186780454,-1.308981330157009,-0.12979075675033566,-0.3291406329442318,-0.610569580677022
2012-07-15 19:00:00,-0.49684064345958123,-1.301752999849898,-0.004613145250317021,-0.004374352863920929,-0.034292372749983084,-0.12694279213370954,-0.27281016730676305,-0.41032179593815693,-0.5696349020492081,-2.012333243588793,-0.005602072523390756,-0.008487003682470035,-0.09801470058795073,-0.15405309714555618,-0.41792209835249394,-0.7109034948223135
2012-07-15 20:00:00,-0.5330313336469281,-1.518572210911044,0.0,0.0,0.0,-0.13176493715131574,-0.3139459520547667,-0.4523314064850019,-0.6521400361669586,-2.489452101314108,0.0,0.0,0.0,-0.16679236197406672,-0.506862545467654,-0.7992245123589394
2012-07-15 21:00:00,-0.5860728905255769,-1.7292404533794796,0.0,0.0,0.0,-0.13971998494629834,-0.35582669254657373,-0.5003883120430153,-0.7330986690520813,-2.9270649420611483,0.0,0.0,0.0,-0.1793977517310854,-0.5938562577237803,-0.8922234031933997
2012-07-15 22:00:00,-0.6308940774476428,-1.9274864734903547,0.0,0.0,0.0,-0.14599736389930723,-0.3958148341339009,-0.5458523363046482,-0.8159585389457535,-3.2159012914113685,0.0,0.0,0.0,-0.19176824780754784,-0.6519328253888141,-0.9584195021906285
2012-07-15 23:00:00,-0.6759839800867055,-2.0288257150849733,0.0,0.0,0.0,-0.15213980932526494,-0.4137950825818813,-0.5670876633960172,-0.9034033146952032,-3.269451722646367,0.0,0.0,0.0,-0.2054846415333441,-0.6611557656134367,-0.9786998126555863
2012-08-30 00:00:00,-0.04248652917928666,-1.4769482754182948,0.0,0.0,0.0,-0.06662129632760734,-0.3217942093285043,-0.3611829451900292,0.2652264357549037,-1.3963828501899855,0.0,0.0,0.0,-0.046905671063606914,-0.3231309132680535,-0.42756368484733065
2012-08-30 01:00:00,-0.0541699333788931,-1.5646790138900502,0.0,0.0,0.0,-0.06702081912584064,-0.3390529071536481,-0.38202727551547006,0.2417496819664935,-1.3153648621509635,0.0,0.0,0.0,-0.047302250255508355,-0.30734085904930525,-0.41984597882261454
2012-08-30 02:00:00,-0.06755720068955183,-1.6287273601424086,0.0,0.0,0.0,-0.0676467017130676,-0.346465109858662,-0.3936693008367344,0.21594783109621035,-1.2457352534684163,0.0,0.0,0.0,-0.048217201269206506,-0.2915897033627831,-0.41348424941982304
2012-08-30 03:00:00,-0.08553201324156713,-1.6301987760366838,0.0,0.0,0.0,-0.06842699385854636,-0.34989484126533305,-0.4042653561475488,0.18086999975466012,-1.348625613437382,0.0,0.0,0.0,-0.049346808458300646,-0.3090010633770103,-0.44269984811905744
2012-08-30 04:00:00,-0.09875581146054313,-1.624121597064278,0.0,0.0,0.0,-0.06907688988661596,-0.3483462499876923,-0.40833339219599485,0.15810230789476473,-1.3832023559038003,0.0,0.0,0.0,-0.050403258679878805,-0.3150356587373894,-0.45644507741545415
2012-08-30 05:00:00,-0.0952870300842026,-1.5444476283864703,-0.03403536794524798,-0.1551042152747386,-0.16394493119376877,-0.0691071130145124,-0.33438844446577887,-0.3921892810125787,0.16450793689882443,-1.592087473799841,0.0010339584059545427,-0.15933143104062408,-2.7171153041829412,-0.05047869170431759,-0.35556703256359,-0.49285652129588037
2012-08-30 06:00:00,-0.03898937905561871,-0.5534274310108827,-0.08815506274720286,-0.1783232294924196,-0.23655571925138016,-0.06636001359007788,-0.15313397045386043,-0.19173444996566014,0.2736354095539227,-1.1315497596203992,0.0458524316184397,-0.3283221550315832,-1.1049526740901754,-0.04635415914389303,-0.28509675322502104,-0.3877571647994913
2012-08-30 07:00:00,-0.010238940148878365,0.14287892433040933,-0.014940656444940454,0.03618609577088342,0.052781331464163854,-0.0652238816930733,-0.026585247079820382,-0.05581004939956369,0.3265713885190455,0.10867620010962872,0.16342788480933523,0.11257184070993785,-0.42528655161046813,-0.04502831183396289,-0.06977677867904503,-0.15997564329363864
2012-08-30 08:00:00,0.0030108537642583866,0.40882998217106375,0.1032751109788796,0.19593555345931626,0.2351824375854596,-0.06489489475692851,0.014627774847471046,-0.011098889492895146,0.35218527227606344,0.6841055922632425,0.32079753516343884,0.42986847632673164,-0.036364388639046584,-0.04472457302027345,0.016358169205141083,-0.06974633965850027
2012-08-30 09:00:00,0.012670299949086722,0.44373910458007454,0.22057455807304488,0.30867853354419067,0.3324930047207221,-0.06465810086285412,0.008346324598911043,-0.015081962106035253,0.3718753774849108,0.4779869546715513,0.46414134678288643,0.5401142859792032,-0.43269292527116876,-0.04455011729504014,-0.03572419670137282,-0.11542543691239857
2012-08-30 10:00:00,0.01868624623685523,0.401424454038,0.31680214468004575,0.39574568254017484,0.30491346757853566,-0.06452965839205446,-0.0071614562939870015,-0.029836017934228822,0.38350288649951675,-0.1590999725173589,0.5796964614764484,0.6536323059675042,-1.6399647024792137,-0.04445705186946032,-0.1635607209949763,-0.23785335338425181
2012-08-30 11:00:00,0.02258496830890978,0.1958124593760333,0.38655290927566854,0.44453461382795495,-0.1878567995920849,-0.06444170674804257,-0.04947601289996737,-0.07159890264238802,0.39176165155746273,-0.8696905244828393,0.6656512068637171,0.7989325675877347,-2.73945518950356,-0.044393945666475254,-0.30153441446658485,-0.369810303840346
2012-08-30 12:00:00,0.02475884323966438,-0.02335787055474681,0.40730299866559194,0.4572690538260157,-0.7451815736452295,-0.0643605142924431,-0.09145299045174245,-0.11308525424038592,0.3996700490003409,-1.2433694260466401,0.6906889898715775,0.9248208842074449,-3.7661188371913266,-0.04433730703130691,-0.37433314911357174,-0.43873406413587984
2012-08-30 13:00:00,0.0232791615862826,-0.07116344878431799,0.3752842305907125,0.4243118778331055,-0.18121014360671833,-0.06438305702085742,-0.101455045368366,-0.12379916089295888,0.3974006247324304,-1.3272598070640256,0.6388091417010686,0.9678481977664953,-3.695110969261521,-0.0443528105718163,-0.3794300158456426,-0.4451128811390041
2012-08-30 14:00:00,0.021772923482029048,-0.1777535616161072,0.32728303928011104,0.3890707666714586,-0.3515426731782388,-0.06440874317459876,-0.11434830151112546,-0.13712457203245065,0.39401194156954183,-1.1544721728677891,0.5775022750085077,0.9226511660283356,-3.5845946159564654,-0.044370519699522076,-0.3441703897855371,-0.41166046491823366
2012-08-30 15:00:00,0.01671294773958306,-0.21524919003508722,0.24845768316301664,0.3134154758600638,-0.06597618993491375,-0.06450882692982254,-0.10993667838324633,-0.13339798695662072,0.38371877847078595,-0.9033786471103379,0.4541406046742186,0.7121626040812571,-3.8161459347408617,-0.04444115244638568,-0.28753103597732327,-0.3585940751579538
2012-08-30 16:00:00,0.004684093940977852,-0.36629802921740645,0.13645749175342992,0.1537050271773861,-0.16278405521281922,-0.06487042391742466,-0.13886685958315614,-0.1655585334603403,0.3627159367527252,-0.41261287015740145,0.27497155825490865,0.3747570836288445,-2.9841736240703867,-0.044771741323658146,-0.1879079843929491,-0.26818916447101704
2012-08-30 17:00:00,-0.03568587743913806,-0.4498622556238313,0.031774623271885134,0.01997842018000593,-0.2521422598879405,-0.06678124758909497,-0.1480236160317121,-0.18787300782839012,0.2912082301604924,0.21772992274795722,0.08271341812626086,0.11235267175477247,-1.5563709403784423,-0.046861475101389896,-0.05211344582211098,-0.1620373791485396
2012-08-30 18:00:00,-0.0873928201276795,-0.5433640655289416,0.0,0.0,0.0,-0.07062738082250178,-0.14752792975424145,-0.20488886248458543,0.20231585687059203,0.6091923147110507,0.0,0.0,0.0,-0.05201819722567825,0.04161966725463674,-0.10257069793848457
2012-08-30 19:00:00,-0.14372496443322727,-0.5829568138484676,0.0,0.0,0.0,-0.07706101874516036,-0.14662268067451584,-0.22079429620992022,0.10369067917182356,0.6791963482205923,0.0,0.0,0.0,-0.06107060703685094,0.06862707715491702,-0.10596665328917139
2012-08-30 20:00:00,-0.19077005414973272,-0.7351707488230185,0.0,0.0,0.0,-0.08259186356237218,-0.16982046425634528,-0.2548039104705358,0.003973752821076557,0.613805154788836,0.0,0.0,0.0,-0.07102898141481205,0.06393505579816237,-0.13863402451049558
2012-08-30 21:00:00,-0.2401877960663676,-0.986730172368758,0.0,0.0,0.0,-0.08808713307547661,-0.21536028312551775,-0.3117518534081667,-0.09905210662668777,0.42444379853640196,0.0,0.0,0.0,-0.08165446048162008,0.03354249921222267,-0.1972602197363897
2012-08-30 22:00:00,-0.2821103071894513,-1.119517612540402,0.0,0.0,0.0,-0.09298006206000235,-0.24005331578326458,-0.340975679653189,-0.1942441797448172,0.21023778908697463,0.0,0.0,0.0,-0.09352484357160884,-0.0026190551621640356,-0.25191774930012134
2012-08-30 23:00:00,-0.33854122281836413,-1.3729823984649607,0.0,0.0,0.0,-0.09963849415052523,-0.2898456935135549,-0.4001715522037776,-0.2948247190707059,-0.11323154932662259,0.0,0.0,0.0,-0.10655534863683559,-0.06302456072554402,-0.33387129280575567
2012-09-19 00:00:00,-0.213268341240478,-0.5441375568167655,0.0,0.0,0.0,-0.07683466369968149,-0.13886614740068678,-0.24744663406052594,-0.054988986417724206,-0.4005581929071868,0.0,0.0,0.0,-0.06174773139135056,-0.12045961904337754,-0.34539662361862117
2012-09-19 01:00:00,-0.2459431913278003,-0.523161088399615,0.0,0.0,0.0,-0.0800768162098046,-0.13226831967456668,-0.25162307956290403,-0.11209759093065566,-0.32168504297204337,0.0,0.0,0.0,-0.06720415233730889,-0.10116693758809192,-0.34761524226799145
2012-09-19 02:00:00,-0.29904985468969375,-0.5139502426568435,0.0,0.0,0.0,-0.0862501157850802,-0.12700870482535132,-0.2605575448149823,-0.19905592482775103,-0.36356731485861626,0.0,0.0,0.0,-0.07630540102056506,-0.10475272704060105,-0.3792186207450843
2012-09-19 03:00:00,-0.35051041469430894,-0.5402866252111604,0.0,0.0,0.0,-0.09458157201072558,-0.1312542732490961,-0.2716231900438212,-0.28152533310773364,-0.33951938521284875,0.0,0.0,0.0,-0.08891952166495554,-0.09592989590203152,-0.38562336835161465
2012-09-19 04:00:00,-0.404931859206106,-0.4915137241798007,0.0,0.0,0.0,-0.10339926220688271,-0.11732067743366553,-0.26497515826752727,-0.38473943308613123,-0.3300906422586037,0.0,0.0,0.0,-0.10591056988833719,-0.08973681652094087,-0.3977219504434709
2012-09-19 05:00:00,-0.4519315891453348,-0.4748511623619992,0.0,0.0,0.0,-0.11057091518857184,-0.11288064196570423,-0.2679903915226772,-0.48404453166266914,-0.37650647083962174,0.0,0.0,0.0,-0.12134668667239056,-0.09655327223391799,-0.42723401529423705
2012-09-19 06:00:00,-0.4596832614984361,-0.5434802804440295,-0.1134759171568074,-0.12329845674483374,-0.9010566961429659,-0.11395439116724014,-0.1297667939072567,-0.28141607252773887,-0.501576056032923,-0.7065455903322162,-0.0819405163363709,-0.12663335773448295,-1.5548688709210423,-0.1291736066078036,-0.16796742876656118,-0.4929654129349346
2012-09-19 07:00:00,-0.4737961314309528,-0.5421576637161041,-0.23994173230113527,-0.27070156582080096,-1.3198739505636357,-0.11821113799782378,-0.13061460884662124,-0.284959155474345,-0.5083230232157144,-0.942272729514158,-0.16144411010339735,-0.3617394620429315,-2.5124569946175033,-0.13380604729909448,-0.21941074705503358,-0.5414665040985651
2012-09-19 08:00:00,-0.4877175746596196,-0.5938834444736576,-0.30428417720318934,-0.39060573552276634,-1.433798601210063,-0.12197845982144842,-0.14510294249196268,-0.3028769086401115,-0.5122461434029929,-1.1289529427853238,-0.2290094716800215,-0.6130964698950844,-2.8872727027577554,-0.1363249752306729,-0.26023533094908957,-0.5785296884507185
2012-09-19 09:00:00,-0.5084806581076743,-0.6765477381512561,-0.33852916362050284,-0.47318486676335414,-1.3624966559811094,-0.1263201623533894,-0.1612600583368181,-0.3223378580377084,-0.5188419516792177,-1.3456341609124953,-0.2843787250780855,-0.8540278706550596,-2.7819805634283243,-0.13974191494886276,-0.30192332345799483,-0.6153056879920158
2012-09-19 10:00:00,-0.5191287835716745,-0.7398674538934104,-0.3624738821549738,-0.5505424668930962,-1.3341998485765392,-0.13014050006674785,-0.17397980255313716,-0.33399556745324493,-0.5237603138156119,-1.4401615295195223,-0.32179392247743094,-0.9945891848670954,-2.7344821260775927,-0.1435695061737289,-0.3179864604294921,-0.6245771054247985
2012-09-19 11:00:00,-0.5447629090715105,-0.7336783209441692,-0.3863094415155555,-0.5847705954524105,-0.9096482708563813,-0.13663797339553424,-0.17118390711524653,-0.32975546066239303,-0.553886896934388,-1.488748875437577,-0.3654113283038967,-1.0014808278515799,-2.8270601875532457,-0.1520352626051661,-0.321194042793297,-0.6240607517298538
2012-09-19 12:00:00,-0.5784643766045992,-0.7673436602600584,-0.3983311155398699,-0.5853454124809854,-1.1411620701374847,-0.14232984401570511,-0.1727732241566129,-0.334900320092324,-0.6086102569006743,-1.5745783954433494,-0.38013105832898175,-0.9658223695310063,-3.1018607048543925,-0.16214700273974014,-0.3361719316388121,-0.6499222066264395
2012-09-19 13:00:00,-0.6266453251460002,-0.8960387765716284,-0.41345255501134304,-0.6001943165772865,-1.4702363642961176,-0.15050682748474534,-0.19454238738749963,-0.36326903029492214,-0.6925419941174544,-1.6930080124958165,-0.423654890661482,-0.9376428588647033,-2.9725424648537246,-0.17669480096155132,-0.3540335229594506,-0.6829831554402049
2012-09-19 14:00:00,-0.6864531813967373,-1.036789669265142,-0.4169062623797771,-0.6381152215185578,-1.8851068286205988,-0.16088598091192177,-0.22169109844421683,-0.39636648504212446,-0.7876266534977603,-1.7041697028075058,-0.4311666665485617,-0.8644154766276192,-2.680897575303325,-0.1940781536486103,-0.3600795358310096,-0.7065010768859932
2012-09-19 15:00:00,-0.7530131522700746,-1.3686818567957213,-0.39908413400643317,-0.6931513126831855,-1.9730517326282448,-0.17174332781038373,-0.2874232653788661,-0.46624926517016246,-0.907104331402678,-1.8459144416459243,-0.40870257682192784,-0.803439885488017,-2.2001226337880326,-0.21362527166816908,-0.38750490529199355,-0.7499630885358606
2012-09-19 16:00:00,-0.8173321183352572,-1.7028673734249982,-0.2857487837383064,-0.529561851526936,-1.1003943805209409,-0.18109831741522364,-0.3498386976313847,-0.5308195717780809,-1.0476675363045878,-1.9393788895720756,-0.32573861412094024,-0.5762893867417007,-1.1741263717041823,-0.23450558604848004,-0.40342547357680886,-0.7834362793805741
2012-09-19 17:00:00,-0.8809173622057199,-2.0668568318857563,-0.04558500092536408,-0.08621274561321268,-0.0871722804482286,-0.18957016392733306,-0.42050020922740516,-0.5961535880050285,-1.194285774701442,-2.173323228698184,-0.051018096698688654,-0.09858723057353407,-0.6314207225977289,-0.25660006681547937,-0.4456896005146561,-0.8242221615465929
2012-09-19 18:00:00,-0.935099825925373,-2.4025675958120436,0.0,0.0,0.0,-0.1974504255059707,-0.4902992243205693,-0.65506422912413,-1.3110839147671158,-2.5404069056565985,0.0,0.0,0.0,-0.2752954942879244,-0.5207531875038945,-0.8855677777042985
2012-09-19 19:00:00,-0.9999596786624174,-2.5573005748472,0.0,0.0,0.0,-0.2074878123153152,-0.5203312629125745,-0.6791161069179718,-1.4341612542627216,-3.0782022692988154,0.0,0.0,0.0,-0.2945048421536226,-0.627613747569736,-0.9788332201780601
2012-09-19 20:00:00,-1.0424278433625245,-2.6746747537119067,0.0,0.0,0.0,-0.21351655948363452,-0.5446120212213302,-0.695200787864023,-1.5204270739686867,-3.4226948956084513,0.0,0.0,0.0,-0.3075225502717277,-0.694949869731885,-1.0300607145828966
2012-09-19 21:00:00,-1.0593288053739054,-2.722761702639862,0.0,0.0,0.0,-0.21487463054172173,-0.5536206426461372,-0.6905628787777738,-1.5805213857659255,-3.626916633305566,0.0,0.0,0.0,-0.3169800698577801,-0.7337212994167632,-1.0529455077593555
2012-09-19 22:00:00,-1.0854243601434241,-2.881012281046233,0.0,0.0,0.0,-0.21753826778990354,-0.5830588842891878,-0.7115165337932027,-1.6275160017425851,-3.831595688133184,0.0,0.0,0.0,-0.3216173360930579,-0.7727283302295189,-1.0779206449550642
2012-09-19 23:00:00,-1.103436215671513,-3.089076679394293,0.0,0.0,0.0,-0.2185871886212165,-0.6255026104671613,-0.7458318941406494,-1.6679717589151966,-3.9214437680659002,0.0,0.0,0.0,-0.3254803975475831,-0.7874475809088758,-1.0785092456206704
2012-10-15 00:00:00,-0.9610136065906807,-0.3556268645386824,0.0,0.0,0.0,-0.19177175838641602,-0.06840631411106239,-0.18988482828499015,-1.552226281308869,-0.564350584008264,0.0,0.0,0.0,-0.3032062270023735,-0.1017205549351993,-0.43017088709992213
2012-10-15 01:00:00,-0.9799755172912269,-0.28695776918897997,0.0,0.0,0.0,-0.19572984771238497,-0.05413634334551766,-0.1700510120157817,-1.5877846808073426,-0.357801349864926,0.0,0.0,0.0,-0.3105345283104928,-0.05898910071765531,-0.3733887213480983
2012-10-15 02:00:00,-1.0059810820007953,-0.33676090492356137,0.0,0.0,0.0,-0.20053397224087788,-0.0644939979903771,-0.1765578031318413,-1.6227286318992697,-0.35622609158782736,0.0,0.0,0.0,-0.3168060030217706,-0.059561425478382356,-0.36519004682909445
2012-10-15 03:00:00,-1.0590374594668306,-0.38073409635539623,0.0,0.0,0.0,-0.21116781623628145,-0.07286130793895006,-0.1827575982209772,-1.693215391931774,-0.4569489405590386,0.0,0.0,0.0,-0.3312304810285534,-0.0785615076191851,-0.3729708208812527
2012-10-15 04:00:00,-1.1098936773592594,-0.4069897050106921,0.0,0.0,0.0,-0.21962601104483948,-0.07842840422149584,-0.1857503884653744,-1.7488838030240306,-0.7028630842507799,0.0,0.0,0.0,-0.33904947597535473,-0.1281258612684373,-0.4100119489884934
2012-10-15 05:00:00,-1.1646571709426887,-0.42567656142678323,0.0,0.0,0.0,-0.22940853159589208,-0.07975096657612059,-0.17872583838775435,-1.7842229212806495,-0.8833768908844236,0.0,0.0,0.0,-0.34204996621198,-0.16234283384790651,-0.42930314250093604
2012-10-15 06:00:00,-1.1292152828998403,-0.33058488770091593,-0.09169782934455206,-0.042201631267592125,-0.09891360115006412,-0.22048642626739948,-0.058390500691702006,-0.15384179354355165,-1.7256742562847913,-1.0549323863867939,-0.12862127161935424,-0.08535169635533575,-0.20710662458236376,-0.3272492087604721,-0.1941640805249487,-0.45585162078925645
2012-10-15 07:00:00,-1.1259326144089972,-0.21631723036041375,-0.3572753004978856,-0.18921476480865035,-0.4166112949272351,-0.22268166038322046,-0.03699402335055664,-0.13464341283961165,-1.6907546368490676,-1.2253807641280974,-0.4734163284620445,-0.44057118358129904,-0.9284011011003919,-0.3242238683590451,-0.2342148258323712,-0.5021818227794032
2012-10-15 08:00:00,-1.1522421641276877,-0.1668321273995127,-0.5126714294887592,-0.2659417711324791,-0.6215498261941308,-0.2288112294536657,-0.030310412997430942,-0.1278406350123414,-1.6581548956086953,-1.2741753350258396,-0.6601129026588184,-0.6312203149211092,-1.2418080458301122,-0.31876181107385576,-0.24658340460540873,-0.5181646054908936
2012-10-15 09:00:00,-1.1773475590229328,-0.22747935068129863,-0.6391748764135594,-0.3851578507685827,-0.8626361136192493,-0.23351305266660585,-0.044250970176700814,-0.14370346735631143,-1.6343633009276808,-1.2671573394720725,-0.7804191252418115,-0.737008542828503,-1.3958481078743452,-0.31334357754235326,-0.24748706659457742,-0.5225667144150309
2012-10-15 10:00:00,-1.2038210981697464,-0.1555109770514202,-0.715535402559381,-0.4025124699270631,-0.8112522769365779,-0.23888030194596416,-0.03239770621025994,-0.127999475563246,-1.6411089986943046,-1.1987000027716448,-0.9194631842137269,-0.8247285585210878,-1.6614188050744814,-0.3148451295408965,-0.23485006729267266,-0.5065061104083821
2012-10-15 11:00:00,-1.2039274706799028,-0.23083824476872036,-0.7549984849891094,-0.47276643447811617,-0.9783017232019666,-0.23881372206480714,-0.048383377738370176,-0.1324655391059802,-1.6526082786480827,-1.3535306565591283,-0.9813146191371934,-0.9388145484917148,-2.092000994244025,-0.31753187655729587,-0.2652893898655153,-0.5247018993632363
2012-10-15 12:00:00,-1.183203430713169,-0.5392004618569026,-0.6970045566103193,-0.5560433399651615,-1.0921174838613636,-0.23323923190772286,-0.104496622673494,-0.18007490015953082,-1.652677749005987,-1.5463642264774597,-0.9086236240640555,-0.9426946353771519,-2.199577869172582,-0.31652533421849766,-0.3036292247093002,-0.5566380458526216
2012-10-15 13:00:00,-1.210926502481152,-1.1260024344567026,-0.6069513528991206,-0.6881885054854171,-0.9201607289286579,-0.23711527870265528,-0.23023141690524213,-0.29676334643799285,-1.7132105235604702,-1.6919362424738567,-0.8090756356559365,-0.8927520435840796,-2.034244449391036,-0.3267334374613419,-0.3308567252951874,-0.5708892474760596
2012-10-15 14:00:00,-1.24851501357432,-1.529475921362757,-0.46699726453726725,-0.6550849251164779,-0.6715901503055758,-0.24072023668452636,-0.3094126644557514,-0.3636261084001987,-1.801683405825989,-1.8761923369476958,-0.6366524865531584,-0.7371228903435861,-1.7409327442161708,-0.3380604587670603,-0.3590127483192102,-0.5786781187439559
2012-10-15 15:00:00,-1.2355170055340818,-1.7016767792762455,-0.26250404774690683,-0.4098587175254663,-0.3538775343472935,-0.23327761788560208,-0.33764617783030415,-0.37204610852281905,-1.8245897206167339,-1.9209813941321945,-0.37465542658792467,-0.4693562839444408,-1.0967363575379607,-0.33578851325069686,-0.3583646223134952,-0.5462046855756608
2012-10-15 16:00:00,-1.185234388955691,-1.8391677971236984,-0.06161666017647671,-0.10407210608526585,-0.13176077881363157,-0.2172613089611417,-0.3584416022290897,-0.3824173073241378,-1.783453550492216,-2.11481413807209,-0.08704830350744205,-0.1215882366966458,-0.27722102889063743,-0.3176288377457577,-0.38308114359476436,-0.5471015712666614
2012-10-15 17:00:00,-1.1183685996333328,-1.817610109703563,0.0,0.0,0.0,-0.20298887779694,-0.35302756698169563,-0.3726660730029911,-1.6991781001370159,-3.0434306498786254,0.0,0.0,0.0,-0.29766837309895877,-0.5741209884504468,-0.7084892725410895
2012-10-15 18:00:00,-1.1132485806422536,-1.904800248109321,0.0,0.0,0.0,-0.20289988298365946,-0.3688918260807695,-0.3913654921775983,-1.6639161667236155,-3.88101279786728,0.0,0.0,0.0,-0.29129404948654125,-0.7549344516112878,-0.8779240914651842
2012-10-15 19:00:00,-1.1171980816899767,-2.0884093843231697,0.0,0.0,0.0,-0.20481647026424282,-0.40587831626011855,-0.42913777138435155,-1.6510473811067257,-4.117228687424021,0.0,0.0,0.0,-0.2894824599520428,-0.8090219920509857,-0.9305192227926329
2012-10-15 20:00:00,-1.1103800336100393,-2.181980850344694,0.0,0.0,0.0,-0.20335729512661319,-0.4262366878211876,-0.45058011250954644,-1.657310560539938,-3.929347852822843,0.0,0.0,0.0,-0.2902019664165008,-0.7696686570139535,-0.8944514778883557
2012-10-15 21:00:00,-1.113051956203021,-2.128301757707448,0.0,0.0,0.0,-0.20378667870121606,-0.41476519209375584,-0.43695492292224647,-1.6746876951547405,-3.524114607946395,0.0,0.0,0.0,-0.2946009670856021,-0.6865731074979081,-0.8115760873909514
2012-10-15 22:00:00,-1.1220941114513152,-2.1832960340113563,0.0,0.0,0.0,-0.20548103110260585,-0.42489964076127296,-0.44382062236419617,-1.7042966862751678,-3.514815983513893,0.0,0.0,0.0,-0.3004589360996835,-0.6837617403135428,-0.8007635968151608
2012-10-15 23:00:00,-1.136153757526796,-2.1418209001805737,0.0,0.0,0.0,-0.2092044671731319,-0.4184541722941317,-0.4349219778549945,-1.7260022434450237,-3.4588248764309064,0.0,0.0,0.0,-0.30584315143198326,-0.6733525093325472,-0.7837976519697004
2012-11-11 00:00:00,-0.9271675494606023,-0.8747968928694477,0.0,0.0,0.0,-0.18396371441268042,-0.177746231868314,-0.25907852608894305,-1.54273372587211,-1.651267189138076,0.0,0.0,0.0,-0.29829993256884646,-0.33657755708354625,-0.5682184198564538
2012-11-11 01:00:00,-0.9398667643526786,-0.7886846645568145,0.0,0.0,0.0,-0.18619473122059066,-0.15761074027565963,-0.24074348191541442,-1.5410935635380718,-1.280078905909574,0.0,0.0,0.0,-0.29776443351858417,-0.25650469436303364,-0.49891855817259373
2012-11-11 02:00:00,-0.8913175009542298,-0.5823247633323202,0.0,0.0,0.0,-0.17543510510172752,-0.11823499306204342,-0.20634570239450653,-1.4620482826097012,-0.8815081291705594,0.0,0.0,0.0,-0.280005605906528,-0.17502645052192103,-0.4350465487723336
2012-11-11 03:00:00,-0.8293778525709365,-0.4190973983788342,0.0,0.0,0.0,-0.16197156851627656,-0.0842821132236263,-0.17610908580114154,-1.3911344972348125,-0.49814933055280425,0.0,0.0,0.0,-0.2649445838313003,-0.09635901501979072,-0.37231400322566366
2012-11-11 04:00:00,-0.8334474312074045,-0.4611209466813732,0.0,0.0,0.0,-0.16256497482157828,-0.09277643701393498,-0.18175072345813187,-1.3937837858165179,-0.2217323089940563,0.0,0.0,0.0,-0.26484662460574315,-0.040088991835836724,-0.3266847489958266
2012-11-11 05:00:00,-0.8384589391567595,-0.3216341750164077,0.0,0.0,0.0,-0.16189477373946048,-0.06249899452760813,-0.15562563473262842,-1.3561653565719858,0.08224653101405922,0.0,0.0,0.0,-0.2557541007620255,0.026564417751017335,-0.2719867107691827
2012-11-11 06:00:00,-0.8455828759998311,-0.25568979027698974,0.0,0.0,0.0,-0.16328724923600688,-0.04767043567703688,-0.13512527367852226,-1.3911217664002378,0.30029392806677907,0.0,0.0,0.0,-0.26283783186138887,0.07484913950488159,-0.22225355618509787
2012-11-11 07:00:00,-0.8332734746376587,-0.17916170418813457,-0.04970629695002271,-0.03670733054363169,-0.13616113548083753,-0.1625592276494891,-0.03140202583798373,-0.11699812760176496,-1.367050520082968,0.3861691453159544,-0.08266705558797707,-0.031203043749554994,-0.12610224453815716,-0.26019173592029904,0.09206079288039166,-0.20260450888193632
2012-11-11 08:00:00,-0.8303401829412855,-0.17409751218563282,-0.13569362136520763,-0.09008948568968907,-0.31710612295978874,-0.16376739633770032,-0.030398840316337432,-0.12190265080130179,-1.3516030051657086,0.4475535282080291,-0.2091824995249766,-0.041893571897069125,-0.376901688868928,-0.2610590420373818,0.10284998228731701,-0.19098717656683367
2012-11-11 09:00:00,-0.8232631392345794,-0.031912002543811484,-0.19528038434601871,-0.07981440155665499,-0.34442972114900344,-0.16167757573577712,0.0006970951762745903,-0.08997065277695325,-1.3264644208169958,0.5329038992524784,-0.31670355351467944,-0.025624190414622404,-0.5256828651582863,-0.25492690387951683,0.11939328770528736,-0.16739031539856136
2012-11-11 10:00:00,-0.7980497345359334,0.03818619404045729,-0.22090821741314612,-0.07188729531533072,-0.2500350663030473,-0.15722229878675356,0.01520165533062487,-0.07615728578090196,-1.2436035069798608,0.6211592551880712,-0.31981136758145406,0.015403659838903894,-0.6089382369012546,-0.23794957258330607,0.13713936831316154,-0.1473991625999653
2012-11-11 11:00:00,-0.7882464804279623,0.3471577462151373,-0.2455688388924822,0.020807151076398415,-0.10293733696647053,-0.15569344070837648,0.08002260086577334,-0.01901433412796837,-1.2083255586772557,0.644246335461365,-0.34913120908859047,0.04264237773668465,-0.6168447113960683,-0.23198749808777522,0.14265382566553086,-0.14624961527249264
2012-11-11 12:00:00,-0.7668709215675855,0.3254315544301707,-0.24309627519971622,0.018471277832639695,-0.21239250990263045,-0.15293534546798704,0.07160180701752954,-0.030093523281387154,-1.1468621783230475,0.5966388877755825,-0.32734952943109896,0.05761711945189306,-0.5791060951015123,-0.22206556869547223,0.12887236228572058,-0.1636614094708106
2012-11-11 13:00:00,-0.7401784129570502,0.32033550677225736,-0.2096275598032866,0.006732503525496901,-0.238288125493805,-0.14837375744441447,0.06886872667610892,-0.03305689606247521,-1.114890756532481,0.6197627684799989,-0.28238257799942446,0.05095275507188449,-0.375082956743029,-0.21677674875194888,0.13287189172413752,-0.15957833747382144
2012-11-11 14:00:00,-0.7567890402229446,0.13108855383287987,-0.16925844033079937,-0.021236470447589063,-0.33822992427135834,-0.15179313962977586,0.02954176090052853,-0.07594197592623798,-1.1459204401615228,0.5777249137656827,-0.23556782957460648,0.025974179856090674,-0.3009771166816633,-0.22341448232804081,0.12363278892274646,-0.17261322390758296
2012-11-11 15:00:00,-0.7424977159001451,0.07386785104306406,-0.07455323814832893,-0.013782888147223981,-0.17995934563703428,-0.14852268339025934,0.01785047757029371,-0.09012634999803686,-1.115726273499928,0.6073283045056421,-0.09929341290180707,0.011918038568494447,-0.21533421456613402,-0.21603650970590996,0.12913444661881202,-0.1704362010944136
2012-11-11 16:00:00,-0.7299940896536175,-0.038122202220715974,0.0,0.0,0.0,-0.14485087201612773,-0.006232450471322842,-0.11691777087441965,-1.0961040636629165,0.5126373434701254,0.0,0.0,0.0,-0.21006740596034157,0.10891142492522471,-0.19151427990480413
2012-11-11 17:00:00,-0.7494039204649168,-0.05486828321732217,0.0,0.0,0.0,-0.14816310087913728,-0.010092550130369833,-0.12585849114231265,-1.139518563215194,0.36283966392599126,0.0,0.0,0.0,-0.2191077544514196,0.07564528471584413,-0.22533116551852664
2012-11-11 18:00:00,-0.8011701926738175,-0.05013004814627215,0.0,0.0,0.0,-0.15739866265107502,-0.009591769151807168,-0.12836515646135424,-1.2279139162971917,0.13782149052624973,0.0,0.0,0.0,-0.2352731065308932,0.0297685463549086,-0.2772309840126423
2012-11-11 19:00:00,-0.7961653911675027,-0.07265921246234193,0.0,0.0,0.0,-0.15607327664489581,-0.013215159587878646,-0.1306571460990574,-1.2175846603691607,-0.0008411991186561004,0.0,0.0,0.0,-0.23406465302814744,-0.0007361410368922939,-0.302424234831025
2012-11-11 20:00:00,-0.8366863895939254,-0.03827494044078862,0.0,0.0,0.0,-0.16457557884550292,-0.00668456740499718,-0.11876042769937888,-1.2884383684361507,-0.13294504309586358,0.0,0.0,0.0,-0.24887925780584153,-0.02871844626080342,-0.3246163972160027
2012-11-11 21:00:00,-0.8099224407896608,-0.04358506684841591,0.0,0.0,0.0,-0.16059143920867472,-0.0064973997195506535,-0.11439002541890707,-1.2393820657221197,-0.26642507634805307,0.0,0.0,0.0,-0.24074170304362655,-0.0580232776978242,-0.34441840966138826
2012-11-11 22:00:00,-0.8287445976941274,-0.07906091212191785,0.0,0.0,0.0,-0.1638348090766456,-0.012351965799914552,-0.12045092506797929,-1.2644350946055078,-0.4179333928215059,0.0,0.0,0.0,-0.24472650424414313,-0.08840970950706505,-0.37369715316718016
2012-11-11 23:00:00,-0.8302115330550389,-0.19118644146602198,0.0,0.0,0.0,-0.16524090626415802,-0.037329993112014744,-0.1417854441504009,-1.2724497909325074,-0.6180209953764136,0.0,0.0,0.0,-0.24769775472681338,-0.13035746966936643,-0.4071277654431887
2012-12-07 00:00:00,,,,,,,,,,,,,,,,
2012-12-07 01:00:00,,,,,,,,,,,,,,,,
2012-12-07 02:00:00,,,,,,,,,,,,,,,,
2012-12-07 03:00:00,,,,,,,,,,,,,,,,
2012-12-07 04:00:00,,,,,,,,,,,,,,,,
2012-12-07 05:00:00,,,,,,,,,,,,,,,,
2012-12-07 06:00:00,,,,,,,,,,,,,,,,
2012-12-07 07:00:00,,,,,,,,,,,,,,,,
2012-12-07 08:00:00,,,,,,,,,,,,,,,,
2012-12-07 09:00:00,,,,,,,,,,,,,,,,
2012-12-07 10:00:00,,,,,,,,,,,,,,,,
2012-12-07 11:00:00,,,,,,,,,,,,,,,,
2012-12-07 12:00:00,,,,,,,,,,,,,,,,
2012-12-07 13:00:00,,,,,,,,,,,,,,,,
2012-12-07 14:00:00,,,,,,,,,,,,,,,,
2012-12-07 15:00:00,,,,,,,,,,,,,,,,
2012-12-07 16:00:00,,,,,,,,,,,,,,,,
2012-12-07 17:00:00,,,,,,,,,,,,,,,,
2012-12-07 18:00:00,,,,,,,,,,,,,,,,
2012-12-07 19:00:00,,,,,,,,,,,,,,,,
2012-12-07 20:00:00,,,,,,,,,,,,,,,,
2012-12-07 21:00:00,,,,,,,,,,,,,,,,
2012-12-07 22:00:00,,,,,,,,,,,,,,,,
2012-12-07 23:00:00,,,,,,,,,,,,,,,,
