datetime,dT_calc_mean_9km,dT_model_mean_9km,dGPP_calc_mean_9km,dGPP_model_mean_9km,dGPP_real_mean_9km,dRECO_calc_mean_9km,dRECO_model_mean_9km,dRECO_real_mean_9km,dT_calc_mean_54km,dT_model_mean_54km,dGPP_calc_mean_54km,dGPP_model_mean_54km,dGPP_real_mean_54km,dRECO_calc_mean_54km,dRECO_model_mean_54km,dRECO_real_mean_54km
2012-01-20 00:00:00,-0.6689740326055422,-4.3003633251748825,0.0,0.0,0.0,-0.1136592811513925,-0.8736368753230297,-0.8849359906212998,-1.1091435477174358,-4.291030946582433,0.0,0.0,0.0,-0.18378841896221706,-0.9050865751128049,-0.9261537148781328
2012-01-20 01:00:00,-0.6617169425233881,-4.382232179032996,0.0,0.0,0.0,-0.13572896280210345,-0.8765256142482346,-0.9143451039109105,-0.9406934022700532,-4.1592642601500165,0.0,0.0,0.0,-0.17528917316733988,-0.8432294335572554,-0.8474172315304445
2012-01-20 02:00:00,-0.9290438555975031,-3.7749246193544708,0.0,0.0,0.0,-0.1972311655465785,-0.7845061978962673,-0.8776582961689623,-1.2837082360007546,-4.521603030758304,0.0,0.0,0.0,-0.22575732225920594,-0.9073230348871045,-0.8811534124876791
2012-01-20 03:00:00,-0.6621052366241696,-4.0107787124753935,0.0,0.0,0.0,-0.10216865821004868,-0.8077570211840676,-0.8712226784907197,-1.1900474556750202,-4.979258379598302,0.0,0.0,0.0,-0.18380027645746194,-0.9934164395881638,-1.0612337040671735
2012-01-20 04:00:00,-0.8454476954297319,-3.8271958886123283,0.0,0.0,0.0,-0.16955922564063533,-0.8403937595516123,-1.0131969107651129,-1.1985601925268408,-5.073168312631002,0.0,0.0,0.0,-0.2232968165289001,-1.0899828497540696,-1.3084536166307403
2012-01-20 05:00:00,-1.3243530142015025,-4.818626157699093,0.0,0.0,0.0,-0.27824651265575634,-1.032242523131542,-1.102772732478316,-2.2777235833180103,-6.099695133257516,0.0,0.0,0.0,-0.45190062065774755,-1.2891872128683237,-1.3967502861720433
2012-01-20 06:00:00,-1.3382248903910319,-4.4938016060071115,0.0,0.0,0.0,-0.2714808075940849,-0.9330778460953556,-0.9545488719451123,-2.554362477620443,-5.790076818221655,0.0,0.0,0.0,-0.5056097475351401,-1.1671563225452104,-1.2155215995332114
2012-01-20 07:00:00,-1.0067200877977456,-5.046105094577955,2.6425899604732252e-05,-0.0012825467743036185,-0.0012879563983223866,-0.1773317405053106,-1.0648855781686992,-1.0817758799290311,-2.2494920101995053,-4.871164736540421,0.00021381432565194616,-0.002482124791220042,0.02536093236311622,-0.42252087449003745,-0.99964274458762,-1.0751458578524384
2012-01-20 08:00:00,-0.8920306072235107,-3.2339956821539464,-0.05163722525211302,-0.268485473593449,-0.27858057395536506,-0.16879898913820318,-0.6914202018210045,-0.8000133683946398,-2.0477461267869423,-4.675118609752239,-0.1576891415671138,-0.4138465439560866,-0.3681028574387398,-0.3950227396741577,-0.9858480304325393,-1.041961375098197
2012-01-20 09:00:00,-0.7837845909954749,-1.3662857160176316,-0.07752361238457788,-0.16175491504713282,-0.21000162310115822,-0.13415626287348698,-0.2858819008596901,-0.4025480854275383,-1.906044492543538,-3.9545130920410156,-0.24919215705941927,-0.525405852026849,-0.4950172206565186,-0.3510251551537884,-0.8032896433818266,-0.8440271394305758
2012-01-20 10:00:00,-0.8035240968918418,-0.5034039012888536,-0.08228952023379532,-0.0412456826648921,-0.0685834805777012,-0.13180736450931382,-0.11928341283460678,-0.17347535152231305,-1.8368439582291682,-3.1046697877122167,-0.254565326393049,-0.45220680304835176,-0.444458509299504,-0.31687620225116947,-0.6170719812112307,-0.6038456795436871
2012-01-20 11:00:00,-0.9178018901077581,-0.3198995037468112,-0.11032441247364097,-0.009379712171068514,-0.017752396503219272,-0.1536335491913652,-0.071944036289238,-0.10326891834103333,-2.0206720452729394,-3.068507824068755,-0.29130636772440005,-0.4657699222885696,-0.42572894044799403,-0.3560208636190765,-0.5957533687145191,-0.5653746469482271
2012-01-20 12:00:00,-0.7615966772932693,-0.9992387811786032,-0.08674605526968543,-0.1402242568967824,-0.06438552010560059,-0.12228136009176116,-0.18172358618634304,-0.19744646919824124,-2.126351891330236,-2.9936977108046925,-0.3202400797667066,-0.4406974359833874,-0.2691149871116206,-0.36957924538506953,-0.5636144418142385,-0.49250121053365653
2012-01-20 13:00:00,-0.8579523384675426,-1.5930492961175553,-0.11349406650881394,-0.23697631022354998,-0.16614586642656118,-0.14301104387479813,-0.290082603393314,-0.2734440912022036,-2.252581053698988,-3.2369439286184094,-0.339594917860964,-0.48234724043749,-0.3100378429387585,-0.3970746657361727,-0.611675411909993,-0.5374228111509922
2012-01-20 14:00:00,-0.8963808416576462,-2.0715078785550642,-0.10149807381471242,-0.28180454625202206,-0.23449164233623046,-0.15016680559374176,-0.39276894886341596,-0.37785097886386354,-2.4658094770969194,-3.9925144051868164,-0.3249003027217827,-0.5272608279914677,-0.37871050727331235,-0.4378824739129545,-0.7634727265991277,-0.6582757294787798
2012-01-20 15:00:00,-1.2726207890986945,-3.1620971505467264,-0.0900245456480564,-0.27477427399844817,-0.2815373354571206,-0.215039029580709,-0.6050369903293596,-0.5756338552085704,-2.7869477779450422,-5.656058608687858,-0.2358048876975129,-0.5153986981187186,-0.4144423859340257,-0.4913911150603556,-1.070319479785634,-1.0014660928964565
2012-01-20 16:00:00,-1.9366451115266778,-4.811301902488426,-0.0034670605208937137,-0.009894872109161157,-0.009037105502481527,-0.33452117411431187,-0.9052465072765966,-0.8080871927770894,-3.619727972515083,-7.040152258375671,-0.010088918567361414,-0.01959733119750437,-0.006679479124746969,-0.6294970595355909,-1.2943011117083236,-1.1571845240846488
2012-01-20 17:00:00,-1.8901628548984712,-4.614661561033596,0.0,0.0,0.0,-0.3204480038062931,-0.857041122774216,-0.7554691467236068,-3.7099631074209065,-7.335821630084325,0.0,0.0,0.0,-0.6334264907830539,-1.3247401813067967,-1.1738019777387119
2012-01-20 18:00:00,-1.6385400747249383,-4.623997748355895,0.0,0.0,0.0,-0.265966169115331,-0.8631624269092153,-0.7758169097126415,-3.243947551709823,-7.030589655519441,0.0,0.0,0.0,-0.5395710703918934,-1.2946324856599996,-1.1422335793254133
2012-01-20 19:00:00,-1.8730702922127462,-4.751123975206922,0.0,0.0,0.0,-0.3244484714471233,-0.895532110955721,-0.7904104176064101,-3.679728466727517,-6.693123770760489,0.0,0.0,0.0,-0.6348786756113824,-1.2327314435322838,-1.0504080756134826
2012-01-20 20:00:00,-2.104136055039482,-4.113129785455809,0.0,0.0,0.0,-0.3464596828907069,-0.7408787058216899,-0.5776670593680158,-4.088474271281821,-6.176418867267546,0.0,0.0,0.0,-0.6885981242307625,-1.0947460867499996,-0.8391946717749309
2012-01-20 21:00:00,-2.010644086080439,-3.5145264419854856,0.0,0.0,0.0,-0.32123779119263896,-0.6101894624457895,-0.4515497489640396,-3.983362820494409,-5.976667665967755,0.0,0.0,0.0,-0.6444990970242704,-1.0300032014984448,-0.7938364060356204
2012-01-20 22:00:00,-1.633242704603407,-3.1157889080862713,0.0,0.0,0.0,-0.23465979786205543,-0.5262363458463009,-0.35089396712522636,-3.630235520967756,-6.285678449358259,0.0,0.0,0.0,-0.5449157448707951,-1.0678141736285212,-0.7776525475819905
2012-01-20 23:00:00,-1.4793694207327706,-2.8915831273915815,0.0,0.0,0.0,-0.20049136535135895,-0.4855985262206577,-0.30048011515740636,-3.7311356457587217,-5.212768923851751,0.0,0.0,0.0,-0.5535564669612206,-0.8561476888285771,-0.49841917785478745
2012-02-19 00:00:00,-2.110310367160373,-6.022657606336805,0.0,0.0,0.0,-0.27476333806157105,-0.8204050111245755,-0.9158191935221353,-4.055061598205566,-5.800039672851563,0.0,0.0,0.0,-0.5642983455163444,-0.9128788231283995,-0.6402901725769042
2012-02-19 01:00:00,-4.675309082031251,-8.512786865234375,0.0,0.0,0.0,-1.1828627731075223,-2.1537525116755734,-2.496320597330729,-3.4544457092285152,-7.143524169921875,0.0,0.0,0.0,-0.8683753638902388,-1.7128739540291849,-1.9145719570583766
2012-02-19 02:00:00,-0.9570892448425293,-3.9183425903320312,0.0,0.0,0.0,-0.09047337718128234,-0.6792258229306674,-0.4291948657565646,-1.8517801250881618,-4.681732177734375,0.0,0.0,0.0,-0.28298310646662705,-0.8265493779587645,-0.6642309834044657
2012-02-19 03:00:00,,,,,,,,,,,,,,,,
2012-02-19 04:00:00,-0.9304362594604493,-5.047482299804687,0.0,0.0,0.0,-0.2484945194975477,-1.2885949100275629,-1.495773003472222,-3.252640823364258,-6.8387839577414775,0.0,0.0,0.0,-0.8262885765809659,-1.7674036911483666,-2.0159667182691168
2012-02-19 05:00:00,-0.17908789367675784,-2.901312255859375,0.0,0.0,0.0,-0.07290693856935353,-0.7691513679311094,-0.8581802571614585,-2.3714820343017577,-5.367999267578125,0.0,0.0,0.0,-0.636575156730036,-1.3915788697231974,-1.386184828016493
2012-02-19 06:00:00,-0.8548658447265625,-4.8359375,0.0,0.0,0.0,-0.22363844746552097,-1.1626702001825389,-1.748133782280816,-2.7900749130249025,-6.968170166015625,0.0,0.0,6.088511397441228e-05,-0.7015839848049906,-1.6637004382970433,-2.1073176574707033
2012-02-19 07:00:00,,,,,,,,,,,,,,,,
2012-02-19 08:00:00,,,,,,,,,,,,,,,,
2012-02-19 09:00:00,-1.3456226139068603,-2.060481715846706,-0.34508741145269023,-0.5246532785763276,-0.08045735722905523,-0.27972752159754694,-0.4354779230580069,-0.5796092503636449,-2.6992797998479894,-4.13243309227196,-0.6664180748420666,-1.0261013031334758,-0.05773317578318598,-0.582788178928493,-0.8916510037387521,-0.8592353889534065
2012-02-19 10:00:00,-0.5585913454654171,-1.0722179936427696,-0.13553782148208812,-0.24758376529019668,-0.036357069868667456,-0.10698534227543315,-0.20663980612761643,-0.27471134602997554,-2.446621003210544,-4.003232192993164,-0.5069013766327494,-0.8474155970136756,-0.01673833629323377,-0.4579123620956634,-0.7523657853912507,-0.5623656158977084
2012-02-19 11:00:00,-0.3727547512720157,-0.8955527962028206,-0.08857838830385607,-0.21108371871628856,-0.07299496434639953,-0.07157179000371754,-0.17926082009415578,-0.1825254396556534,-2.620080992165165,-4.060203839730526,-0.5120565836016794,-0.8201236467715846,-0.06529655703660768,-0.46812487566495636,-0.7325545770347724,-0.4907987593517702
2012-02-19 12:00:00,-0.4552674414290211,-0.8495304634381537,-0.10773008130325076,-0.19981440034477888,-0.06384349123584526,-0.08828581262682683,-0.17045878211375307,-0.14637527991713908,-2.627242491371227,-3.967803307299344,-0.5481545965891513,-0.8427237488895433,-0.1301317182815769,-0.4682283771380931,-0.7115100163297555,-0.4542712199473992
2012-02-19 13:00:00,-0.5030538656516154,-0.691872634021812,-0.10546148009028368,-0.15017082204509474,-0.033105394234493817,-0.09640611033812437,-0.13417037873665105,-0.08844697048679996,-2.788144107371629,-3.9990562978416984,-0.5493436392279758,-0.7873875597357062,-0.12588074863428397,-0.4869576080115185,-0.6996003817207179,-0.42475330663570043
2012-02-19 14:00:00,-0.49285158399006745,-0.7647881490823338,-0.08791757695905698,-0.1387491304517181,-0.06667551553177736,-0.09187894825931989,-0.145406071379613,-0.09021680508261819,-2.9079460456587247,-3.9731099521827344,-0.5086447402665588,-0.686704810789449,-0.1027894642637242,-0.5147318080239359,-0.7055909252728308,-0.406609462549664
2012-02-19 15:00:00,-0.4607103868367824,-0.693766492478391,-0.05663652983315294,-0.08551507112531641,-0.044010279639041854,-0.08789348683924741,-0.13243626644108705,-0.08873244461795081,-2.844543898847484,-4.054044293626915,-0.3287430351528588,-0.46930613938828286,-0.06685082194425684,-0.5090025295138269,-0.724256102752976,-0.4314837519293755
2012-02-19 16:00:00,-0.36141833877563473,-0.4760513450434357,-0.017048784772934297,-0.022622713945973788,-0.007396262964583389,-0.06755633197469399,-0.08626816664190785,-0.06224940506274759,-2.628521872720901,-3.564550023170034,-0.09423123116514971,-0.12817954317580216,0.019284505895934265,-0.4589624746924512,-0.6156072175752051,-0.32972282201434494
2012-02-19 17:00:00,-0.2549693484665596,-0.12126995765999572,0.0,0.0,0.0,-0.04341808848218535,-0.016868762953802546,0.060656330256055394,-2.7694540524373106,-3.428765483286189,0.0,0.0,0.0,-0.4437172627154569,-0.5409033199278904,-0.17131193364277397
2012-02-19 18:00:00,-0.2829537514465443,-0.12200780306461352,0.0,0.0,0.0,-0.04578474456543774,-0.018789324602317466,0.12384631547169041,-2.7991974935704387,-3.405756632486979,0.0,0.0,0.0,-0.4174979506844301,-0.5041706277718905,-0.06685720643868459
2012-02-19 19:00:00,-0.38399431495248837,-0.4725620241930885,0.0,0.0,0.0,-0.06722010387992788,-0.08548156872342647,0.10345682452567072,-2.7442703698476154,-3.2441085424178686,0.0,0.0,0.0,-0.39997234612735577,-0.4770851175207011,-0.009504415931440784
2012-02-19 20:00:00,-0.3951468361748589,-0.5820083618164062,0.0,0.0,0.0,-0.06923997516016224,-0.11404017943345031,0.17003043739883988,-2.7600712757110597,-3.2307152381310096,0.0,0.0,0.0,-0.2651266079146213,-0.33475474657988913,0.41238713419335526
2012-02-19 21:00:00,-0.07624003094434739,-0.3587913513183594,0.0,0.0,0.0,-0.011236250893813698,-0.05756250553268324,0.18256717983219364,-2.868331717252731,-4.1447601318359375,0.0,0.0,0.0,-0.02863885206429363,-0.04087455754008665,1.0199510313404931
2012-02-19 22:00:00,-1.5000063574314118,-2.0104942321777344,0.0,0.0,0.0,-0.2851080393712402,-0.3919775659333552,-0.6249864366319444,-2.757257334947586,-4.723850250244141,0.0,0.0,0.0,-0.597077677148238,-1.0168101944334598,-0.9696216837565104
2012-02-19 23:00:00,-2.955380577087402,-3.5598856608072915,0.0,0.0,0.0,-0.5187841134884263,-0.6344662300935361,-0.4283256022135416,-2.5787692718505864,-4.792989095052083,0.0,0.0,0.0,-0.49417669511444234,-0.9128737089964044,-0.7401319037543402
2012-03-19 00:00:00,-1.0916796431263633,-1.7459174042649916,0.0,0.0,0.0,-0.2053255005501053,-0.35965276763282816,-0.3674910595956126,-2.508926727482686,-3.062134694814892,0.0,0.0,0.0,-0.46832315657889084,-0.5943348455030906,-0.5920005204253362
2012-03-19 01:00:00,-1.0380723820321762,-1.4967094587295393,0.0,0.0,0.0,-0.1902659577520456,-0.3061561600075614,-0.31657453268444663,-2.512329974804754,-3.1072626018205214,0.0,0.0,0.0,-0.46377273149451853,-0.5949422423071612,-0.5759230509916089
2012-03-19 02:00:00,-0.9833294310328201,-1.3418869135033993,0.0,0.0,0.0,-0.1804248195280009,-0.2731292391996496,-0.2759776180202432,-2.4564175687530665,-2.9883565867098523,0.0,0.0,0.0,-0.4529145010644133,-0.5681070619969355,-0.5182519216698868
2012-03-19 03:00:00,-0.8725138235129504,-1.1128805305403289,0.0,0.0,0.0,-0.1563151292205257,-0.222443261278381,-0.22902192424516113,-2.3933010689969842,-2.856170889953849,0.0,0.0,0.0,-0.4385882476900379,-0.5341011164680501,-0.4593538351357596
2012-03-19 04:00:00,-0.8453485393732396,-0.999486091980247,0.0,0.0,0.0,-0.1481199657608175,-0.1935397143475154,-0.20193462399822232,-2.3252111263750384,-2.87389512329394,0.0,0.0,0.0,-0.4179868844296396,-0.5287566141169061,-0.4534456453955058
2012-03-19 05:00:00,-0.7376803579264735,-0.9000792531831362,0.0,0.0,0.0,-0.12715483883689876,-0.18093781408469953,-0.20017543173394872,-2.243473324449121,-2.99443928665987,0.0,0.0,0.0,-0.398939407380246,-0.5549950086098357,-0.48085464945292683
2012-03-19 06:00:00,-0.7340804061449914,-1.0736383506426255,-0.045300304029137775,-0.08298399217584093,-0.09210360791666354,-0.12691456478092455,-0.21308528455348777,-0.21733396725915435,-2.3482789268986486,-3.3952166227892326,-0.14013423994317908,-0.2001954355259618,-0.09737865158439471,-0.4279416274885004,-0.6413696741036309,-0.5528976836278425
2012-03-19 07:00:00,-0.697080471342003,-0.6704561437906226,-0.09124264158994971,-0.13160998086771628,-0.031202529670193345,-0.11820964209488985,-0.13220794701658078,-0.13965314155611486,-2.2211688059557226,-3.409826852679761,-0.2990706175661925,-0.44892694989620374,-0.35266436757913966,-0.40065449887768945,-0.6385116911657406,-0.5650496507025676
2012-03-19 08:00:00,-0.6605917295474898,-0.49750913273204456,-0.1361480284908292,-0.15323309264831222,-0.0285247431010883,-0.1138380869718207,-0.10004768141825755,-0.10058503324719906,-1.9780330376586914,-2.7958211728050597,-0.41031586631233685,-0.5661871322896744,-0.4627602519138542,-0.35663857067387783,-0.5182184490061768,-0.4522460089782318
2012-03-19 09:00:00,-0.6698391155061267,-0.551479655466262,-0.1888184482513219,-0.20497196468664233,-0.19178807774549017,-0.11766728784711712,-0.11019173562918444,-0.10084882864414033,-2.006748942380418,-2.659873452462186,-0.562272813364998,-0.6819664327190184,-0.581031159060736,-0.36677240365267605,-0.49049931089874893,-0.38811136027063453
2012-03-19 10:00:00,-0.6571954691623701,-0.7319445487780448,-0.20528812699437324,-0.24897192965351894,-0.4101913797507591,-0.11758070038888901,-0.14725149975591198,-0.13953743169125107,-1.8063348556000116,-2.4176540753699296,-0.5422767470903906,-0.5985185947379248,-0.818808477294256,-0.32909254532069754,-0.4406503953740449,-0.35945756768155657
2012-03-19 11:00:00,-0.6796599046956897,-0.8667623093751964,-0.2234682566464306,-0.2508115557254053,-0.4737718818469791,-0.12485827398750407,-0.17167106276608796,-0.1745720110892901,-1.7581274155487563,-2.3797793267632676,-0.5448313572910151,-0.6092873141697203,-0.803739539265993,-0.32399555408730013,-0.43579149281762913,-0.3770204081704696
2012-03-19 12:00:00,-0.7098434225016212,-0.8789913674576483,-0.2359242917575022,-0.28084705137967847,-0.5139413538640685,-0.13373038556751907,-0.18030900268687913,-0.1924270070888434,-1.7489148962966887,-2.340839041284768,-0.5338550861455208,-0.6125293158069042,-0.7683008663938562,-0.32467650937499787,-0.4340649671092061,-0.3905102121247765
2012-03-19 13:00:00,-0.7661987196964977,-0.74914145486781,-0.24407514700606844,-0.2852041164143221,-0.538585987012547,-0.1456655093997114,-0.1526820267207254,-0.16643399895747346,-1.817692593708336,-2.1244532814771637,-0.5367035525079522,-0.5629669202513047,-0.5927934495789989,-0.3395836468211972,-0.3889002998205363,-0.3518914911050831
2012-03-19 14:00:00,-0.7660478015453163,-0.824539886205295,-0.22330415187989885,-0.29569251418576653,-0.6113676376182539,-0.14478213124585798,-0.1668818399621796,-0.18002302928907019,-1.7256674388283946,-1.8844866801688875,-0.46288247242950736,-0.4586802399200396,-0.5437892881168395,-0.31856553802028714,-0.33781077245836605,-0.3002642597744105
2012-03-19 15:00:00,-0.7163010414909043,-1.0423477638470329,-0.16400487966015273,-0.24098615008208066,-0.3535890580806185,-0.13362413123597297,-0.2095636972554564,-0.22422532866067332,-1.6809953699118803,-1.6714865651797493,-0.34092511778521656,-0.3165177399622935,-0.3166948081104833,-0.30794174805919844,-0.2916866436113947,-0.2554246487663472
2012-03-19 16:00:00,-0.7170558364706128,-1.487481873745562,-0.11271331659088893,-0.19406046739130312,-0.32770007785652644,-0.13288191228044546,-0.2896798722573673,-0.2985803800674202,-1.856810207234595,-1.916250676322308,-0.25001530313555226,-0.1947902014130207,-0.02259038856361999,-0.34280753165597166,-0.33846555591682403,-0.2671815799961403
2012-03-19 17:00:00,-0.6922288241200183,-1.7053676308410441,-0.02203163945317775,-0.05232715102715937,-0.03926276700456604,-0.1225008587259405,-0.32894147665467627,-0.3197059312289798,-2.116434951703109,-2.392352242338939,-0.06753131282596637,-0.054588183218841436,-0.2056390408478823,-0.38975008364967545,-0.43464721975708864,-0.30620938717225654
2012-03-19 18:00:00,-0.6860599290095823,-1.7330836043851892,0.0,0.0,0.0,-0.11698380902546147,-0.33627486466470674,-0.32000113199469005,-2.157676612825176,-3.033236882053905,0.0,0.0,0.0,-0.3901308050226969,-0.5697959981995308,-0.4319802183226608
2012-03-19 19:00:00,-0.730016389096065,-1.4857582442452082,0.0,0.0,0.0,-0.12545565583664853,-0.2926307010678489,-0.268614879068694,-2.1454020591611833,-2.8285866079622854,0.0,0.0,0.0,-0.3815366998429816,-0.5239681613576297,-0.37519322534616817
2012-03-19 20:00:00,-0.7317939571217406,-1.40117925764254,0.0,0.0,0.0,-0.12661620404013485,-0.2764176331386325,-0.24746570847317623,-2.1412049442455316,-2.840503844860126,0.0,0.0,0.0,-0.3777630298914186,-0.5243309220389999,-0.36280814436937137
2012-03-19 21:00:00,-0.7513345572878851,-1.132806275316879,0.0,0.0,0.0,-0.12853253293746245,-0.22246681637698598,-0.19690328807645446,-2.2620283034662685,-2.8878029040460302,0.0,0.0,0.0,-0.39965591861560174,-0.5326631201251383,-0.3838023054839271
2012-03-19 22:00:00,-0.7304803985345991,-0.7219802501589753,0.0,0.0,0.0,-0.12359107083776119,-0.1442200031188296,-0.10742311868987209,-2.286398424943438,-2.7615590135891934,0.0,0.0,0.0,-0.4014823976993172,-0.5109034968610721,-0.3377852727841748
2012-03-19 23:00:00,-0.692154830425362,-0.5117133209968834,0.0,0.0,0.0,-0.11640314248108499,-0.10507429287989101,-0.07076089993586399,-2.289899648568569,-2.569399907038762,0.0,0.0,0.0,-0.4020138345205759,-0.4766044770341902,-0.2921674824553403
2012-04-07 00:00:00,-0.983132208747184,-1.6327614387462839,0.0,0.0,0.0,-0.18720017026507124,-0.33646284759611156,-0.36783326818694495,-1.9766404019347534,-3.11543655568982,0.0,0.0,0.0,-0.37251427509123336,-0.6247929655984185,-0.7106253806894457
2012-04-07 01:00:00,-0.9246842807141326,-1.5501652039470815,0.0,0.0,0.0,-0.17413596604160353,-0.3187397358024534,-0.34529746938728884,-1.8784642477150173,-3.1443434158816217,0.0,0.0,0.0,-0.35045250729523125,-0.6291297883165968,-0.7102513475857971
2012-04-07 02:00:00,-0.8893873883015081,-1.378817691116067,0.0,0.0,0.0,-0.16538152851302496,-0.2841816053820523,-0.30943254741946297,-1.8449769033544783,-3.1582438651178797,0.0,0.0,0.0,-0.34337104352022924,-0.6326639187780435,-0.6955985108138272
2012-04-07 03:00:00,-0.8171549887128996,-1.3029250397104104,0.0,0.0,0.0,-0.14879653813197835,-0.2666150223761104,-0.28936029870788316,-1.7973511688563992,-3.226238916584281,0.0,0.0,0.0,-0.33095454594258883,-0.641608956285302,-0.6831935065598298
2012-04-07 04:00:00,-0.8124150001370057,-1.2642590441803365,0.0,0.0,0.0,-0.14916473632343563,-0.25734155708870937,-0.2681053895580083,-1.7564833850064288,-3.2015265164198103,0.0,0.0,0.0,-0.3212235116936676,-0.632299769940036,-0.6518826648926919
2012-04-07 05:00:00,-0.8252528723771423,-1.090157786187279,-0.018275456243098755,-0.029002434658582234,-0.014862252413146258,-0.1507743765643515,-0.2178870521994835,-0.2248099376294612,-1.7914985866092572,-3.231403762790921,-0.035977308089575825,-0.062335040816072676,-0.12940088529669092,-0.3277300346028832,-0.6333712082279593,-0.6445950175339227
2012-04-07 06:00:00,-0.7799432940806826,-0.7314021101769799,-0.1683225345384289,-0.18019682433828285,-0.04046397188589126,-0.1432147768632947,-0.14558184178042444,-0.16058425374047716,-1.6496694476800908,-2.8862005843166494,-0.30830524660084,-0.4765722246901063,-0.14764112134279186,-0.2994662059754682,-0.5656971558673777,-0.5957399716057589
2012-04-07 07:00:00,-0.7876418738687028,-0.5220531113072119,-0.2702454230659137,-0.20847515934230687,-0.10665808277450065,-0.14758899179703572,-0.09951008206716935,-0.11101920696929951,-1.5690111666721507,-2.395250278438376,-0.4818625647409054,-0.6471185641456655,-0.24407826248661088,-0.2869093627010909,-0.4636711017454761,-0.5121115722529722
2012-04-07 08:00:00,-0.7746843139000189,-0.39109936284083946,-0.32512870887912815,-0.19833279132514076,-0.2078298488470566,-0.1464477825823157,-0.07446389443337562,-0.09954446533063091,-1.488353961539946,-1.7869123707906263,-0.5611670491924451,-0.5927708235238166,-0.269905274373614,-0.27176642399771606,-0.3333398106326516,-0.41500700264609097
2012-04-07 09:00:00,-0.7718229837962761,-0.4261360838695848,-0.40516240147931004,-0.2831997454861499,-0.5482078025094737,-0.14591093930402574,-0.08190488638822258,-0.11298984087382952,-1.4585241678479839,-1.6971062152227,-0.6684985168098447,-0.6948192885201642,-0.5722279108896587,-0.2653167666944837,-0.30992729684326803,-0.41827940643071565
2012-04-07 10:00:00,-0.7647745088062148,-0.34312953188605416,-0.43272945158707593,-0.27648989706585514,-0.4950471877620673,-0.14608823077097607,-0.06066624090813513,-0.11239312767984289,-1.3797576798324995,-1.4801803295034706,-0.675375311679212,-0.6464856361711724,-0.6686398979530073,-0.2517200937248168,-0.2648107863683478,-0.4130207369558112
2012-04-07 11:00:00,-0.7436880818521316,-0.3325967792725331,-0.41903323240469265,-0.24389163337451017,-0.6051218780081774,-0.14295679251841698,-0.05743106693346731,-0.1200560731583864,-1.3199811833623212,-1.677544002522915,-0.6250015307083052,-0.7224139893290333,-1.2129607388597907,-0.24163116165199752,-0.30769880395426175,-0.47542924250869945
2012-04-07 12:00:00,-0.753983209241197,-0.3338462009890201,-0.43706249782050677,-0.23964178693511826,-0.5879423456850247,-0.14497624032544906,-0.05527678693525434,-0.12204241284662531,-1.3457926975552055,-1.6844445945711581,-0.6627612919144216,-0.7365193031609454,-1.4264292185167013,-0.24752939112445846,-0.30904173223604164,-0.49279463255045874
2012-04-07 13:00:00,-0.7351052561648249,-0.28267835586550866,-0.42639477713432816,-0.21407763675887695,-0.5025205548866784,-0.13897986919976835,-0.04242451266518767,-0.11173725074471925,-1.3537963513607556,-1.68150409393025,-0.6610434004551913,-0.7019738773396547,-1.5173230333071583,-0.24714091291154547,-0.3066660181516847,-0.5012416285584956
2012-04-07 14:00:00,-0.7348692183856307,-0.2972956411736974,-0.4013465664405541,-0.2098176318935805,-0.462269010671037,-0.1384649774998738,-0.04452074289177951,-0.10724774330979461,-1.3776749533487802,-1.5983184459418074,-0.640258682037453,-0.655115861805669,-1.3301707477754663,-0.25228589507593147,-0.2884659986664645,-0.4759377850822402
2012-04-07 15:00:00,-0.746925811088106,-0.4773058899618152,-0.33075280931645584,-0.23503504933759276,-0.5103528757300503,-0.13817246506838027,-0.08213979703991128,-0.12655013168208296,-1.4053929572739463,-1.6013708801601605,-0.49837163897516634,-0.4790391668752022,-1.1472422060306813,-0.254782875413616,-0.28807856082355304,-0.44176918188719017
2012-04-07 16:00:00,-0.7506770594444934,-0.8412208518366034,-0.28016023289471204,-0.3061267887236658,-0.7218218339374555,-0.1371868035882098,-0.1593322710395107,-0.20426027097717686,-1.3600478503449247,-1.5021883430399328,-0.37586947298931767,-0.3397872403467949,-1.0104414323326167,-0.24041266458073993,-0.26280376121482446,-0.41968374821058285
2012-04-07 17:00:00,-0.8652570722202182,-1.044677388203135,-0.18407188658361884,-0.2231904252401444,-0.4763831980811969,-0.1596660912615327,-0.20344711031475685,-0.22476699953403984,-1.6218423266944964,-2.101431056098394,-0.28023257600706486,-0.3535570875093348,-1.0341863885607292,-0.29344335392471016,-0.39126030263293005,-0.48329290804239167
2012-04-07 18:00:00,-0.8532453636340853,-1.2237181659110254,0.0,0.0,0.0,-0.15394075462192688,-0.2371183297709373,-0.23321460591208762,-1.7244812596275023,-2.252605091868712,0.0,0.0,0.0,-0.3073308881162205,-0.4155536260965258,-0.44912954891382106
2012-04-07 19:00:00,-0.8480314715507205,-1.5237230472696845,0.0,0.0,0.0,-0.15407416271319846,-0.29628557026286273,-0.30028705318572363,-1.7334097735276108,-2.649834150522898,0.0,0.0,0.0,-0.31208680103896674,-0.4994189033304332,-0.5248601857175957
2012-04-07 20:00:00,-0.7790530712049696,-1.6339809299045138,0.0,0.0,0.0,-0.13864563507986427,-0.3204017110122725,-0.326393413383846,-1.714989495991343,-3.103808341295797,0.0,0.0,0.0,-0.30787413820903564,-0.5961166579039376,-0.6039046219426528
2012-04-07 21:00:00,-0.7831459408106964,-1.8350196608063027,0.0,0.0,0.0,-0.1388915402329569,-0.36404278832823384,-0.3623335274255871,-1.7784985372114976,-3.471572101789486,0.0,0.0,0.0,-0.3203851355091749,-0.673026073887069,-0.6525253404869077
2012-04-07 22:00:00,-0.8199415298124922,-2.0924808488535396,0.0,0.0,0.0,-0.1466874114409835,-0.41655592291836085,-0.412304398166428,-1.864054845014695,-3.9920528165755735,0.0,0.0,0.0,-0.33772189809163666,-0.7780898199196993,-0.7436132543050847
2012-04-07 23:00:00,-0.810479073383756,-2.388523967953304,0.0,0.0,0.0,-0.1420980433810201,-0.4756822504938542,-0.4636483243869312,-1.9130885700397837,-4.314782966906342,0.0,0.0,0.0,-0.34454277620797125,-0.8435218334606208,-0.7874499869126913
2012-05-16 00:00:00,-1.1174843462441866,-3.231416870914132,0.0,0.0,0.0,-0.20882979615942007,-0.6552502996901526,-0.6802118160970465,-1.7412880434165865,-4.227650577436262,0.0,0.0,0.0,-0.3153292816955905,-0.8399436284548666,-0.9693363012738045
2012-05-16 01:00:00,-1.1695544272461338,-3.137951953682357,0.0,0.0,0.0,-0.2179994765878955,-0.6379490728272709,-0.6401797089581953,-1.8617644119918804,-4.450818038829176,0.0,0.0,0.0,-0.335383547138819,-0.8831065738985183,-0.9678782611669186
2012-05-16 02:00:00,-1.3286750044011055,-3.3013473064341445,0.0,0.0,0.0,-0.25001714520241863,-0.6623194645594168,-0.6208492750571556,-2.185532274134466,-4.5534879452287855,0.0,0.0,0.0,-0.40072878020506153,-0.8942163295357917,-0.9036114886929221
2012-05-16 03:00:00,-1.4481352818367759,-3.4051568264475125,0.0,0.0,0.0,-0.27437594940436955,-0.6726852238903613,-0.6114688127498992,-2.4544601232907786,-4.547130869351521,0.0,0.0,0.0,-0.45634878824793784,-0.8833146532679286,-0.8462113986500133
2012-05-16 04:00:00,-1.5211141214530242,-3.531127423606147,-0.10138014916238658,-0.2413380528488437,-0.09440940000596725,-0.28690059840096305,-0.6906732969980538,-0.5968957055593587,-2.618781504813236,-4.527217386989558,-0.15680376256086306,-0.29431326634699045,-0.3840664552482546,-0.4836636159032406,-0.8659594512176783,-0.7756487254363846
2012-05-16 05:00:00,-1.5254925663156669,-2.8738504347136153,-0.9380700548767071,-2.0046544350940096,-0.9699797025293729,-0.2885150166963823,-0.5588650454043945,-0.4685476517727336,-2.643105901843208,-4.578731057652558,-1.5216137854408014,-3.0404971047139435,-2.96643269993193,-0.4904329144509891,-0.880204948459465,-0.7983235137037513
2012-05-16 06:00:00,-1.5251068671261454,-2.185584326195656,-1.5732859630541989,-2.4587852997026483,-0.8646539695266829,-0.28995194079056597,-0.4185699253961193,-0.3384714679534575,-2.635968851433912,-3.7704906759910215,-2.6303665897330863,-4.130983433024562,-2.573100665462466,-0.4938621572839622,-0.7190527835827158,-0.6719091848185202
2012-05-16 07:00:00,-1.5385831978330038,-1.5147833342365582,-2.008952558730583,-2.1593567327152097,-0.5573197112638479,-0.29514487662559274,-0.28200188131591464,-0.22009421815975794,-2.6158804874472685,-2.998169997410964,-3.243570604068097,-4.045088267573768,-2.7788479694521686,-0.49437512524263877,-0.5644350898638086,-0.5685674382772591
2012-05-16 08:00:00,-1.4492828819405446,-1.10503308383171,-2.153235860207409,-1.7676573821133947,-0.9472533367257153,-0.2793422304302876,-0.19832916072972795,-0.1684511743557757,-2.4774592404015503,-2.894449630403343,-3.522447553659863,-4.331223816652383,-4.117083251214136,-0.4699152412288467,-0.5438804862723946,-0.6070004373285369
2012-05-16 09:00:00,-1.3851119885222352,-0.9454603361707559,-2.106525909903809,-1.515115705305413,-1.2085562501983194,-0.26670047404100256,-0.1657373542343346,-0.1603515653446733,-2.388349524526729,-3.014267865652372,-3.4539985469071866,-4.462551783823606,-5.3264103366478155,-0.45260425559526496,-0.5665418869791627,-0.6743126964481703
2012-05-16 10:00:00,-1.3116161090421823,-0.985576840664478,-1.9488265041471693,-1.4959753485832417,-1.8076302483402336,-0.25172029583908273,-0.17353151930266916,-0.19654970508361053,-2.2584379767395384,-3.161340927225687,-3.162700013313959,-4.483922756294986,-6.312483094452059,-0.42697393046356896,-0.594952296014328,-0.7503943219798483
2012-05-16 11:00:00,-1.260602332062733,-1.049399784371219,-1.839618524327254,-1.5920150325323859,-2.439437196647837,-0.24176537777554286,-0.19034523118610155,-0.23511847584657533,-2.1420430289146712,-3.2658977033924397,-2.9570123267738464,-4.631746600443112,-7.017311269690442,-0.40523804833220656,-0.6233845730771279,-0.8104955689362718
2012-05-16 12:00:00,-1.2365686376620049,-1.1313838591156986,-1.7659643104029037,-1.6648249924807936,-2.6102015925014777,-0.2374869880807606,-0.2076417299281153,-0.26907004447337285,-2.0679323436148422,-3.3093949385193016,-2.8088458310087963,-4.551258778331519,-7.298615493692587,-0.3917613596618752,-0.6366316195292941,-0.8494186453201197
2012-05-16 13:00:00,-1.1937585532987098,-1.3784063967220885,-1.6815307148518421,-1.9703004974065317,-3.160700917956248,-0.2297028255925185,-0.2584337815543061,-0.3314782554437802,-1.9945508032751071,-3.672828185042002,-2.702586166438594,-5.101979058501279,-8.071829997007718,-0.37857913092770823,-0.7166361535218051,-0.9451235307707696
2012-05-16 14:00:00,-1.2031137261743292,-1.5638975222632474,-1.5683630307360155,-2.0061145025404645,-3.316241099437615,-0.22981884755865986,-0.2940753073466095,-0.37316636338657716,-2.006815731324965,-3.9074396933871123,-2.5197143298037346,-4.980340886596499,-7.870134833433394,-0.3798058215352672,-0.7607265413780726,-0.9958076027760381
2012-05-16 15:00:00,-1.1823897032779134,-1.6627238885666118,-1.414100884598975,-1.9695809186666675,-3.2251616891694996,-0.2243560009872198,-0.31216923391395707,-0.39059930437547746,-1.9589463684857387,-3.957886703594151,-2.208709191333014,-4.681369537912919,-7.446244870634471,-0.3674080941207707,-0.7688015841112921,-1.0009638915273358
2012-05-16 16:00:00,-1.181954197687079,-1.8905461643957489,-1.2826498274566185,-2.0767055012119293,-3.3190749767271264,-0.2253334599483929,-0.36102732302337437,-0.4312362108706596,-1.974256111955814,-4.080920771857663,-1.9978396098196158,-4.349331885272864,-6.663023745038293,-0.3703964503988132,-0.7916775753055991,-1.0066180323673535
2012-05-16 17:00:00,-1.2287619490266897,-2.2646195620747496,-1.0914150562762444,-2.0549093023479243,-2.6593129490580814,-0.23553612400950286,-0.4376468761534607,-0.49486338705963334,-2.03320107332649,-4.481479589584026,-1.683293343260726,-3.962282790067295,-6.570024467834414,-0.38323142493122625,-0.8724392234493601,-1.0550199401790705
2012-05-16 18:00:00,-1.3430532594871456,-2.4396889942416995,-0.6069670457500879,-1.149616479856037,-1.4520948415361934,-0.25750465464399563,-0.47627474621637034,-0.49489923786191603,-2.2177160816364174,-4.622962861238652,-0.926823592122414,-2.1023099184882814,-3.6128802592917046,-0.41658356426061766,-0.8966052507723112,-1.0181000941089307
2012-05-16 19:00:00,-1.43489460060434,-2.5602482812662095,0.0,0.0,0.0,-0.2749143695406293,-0.4990909828429042,-0.48656874953177515,-2.38504420635573,-4.877971530636237,0.0,0.0,0.0,-0.44841721459804634,-0.9489227615447519,-1.0022388496817125
2012-05-16 20:00:00,-1.423630257938559,-2.734559724651031,0.0,0.0,0.0,-0.2721864974723421,-0.5369730238922806,-0.5128160464437997,-2.38929869471782,-5.016957267860022,0.0,0.0,0.0,-0.44781705605933986,-0.980425327246857,-1.0071365342062275
2012-05-16 21:00:00,-1.44431883658335,-2.8120034556961144,0.0,0.0,0.0,-0.2753136159365972,-0.5498978393938666,-0.5142424324030334,-2.427515955012912,-5.021804753252223,0.0,0.0,0.0,-0.45292437218484194,-0.9819485426416833,-0.9839174624398788
2012-05-16 22:00:00,-1.4550121779551664,-2.868055647135645,0.0,0.0,0.0,-0.27552143753525693,-0.5614239851276464,-0.5114047939335281,-2.4211679771953247,-4.9113022892465885,0.0,0.0,0.0,-0.4475245214210114,-0.9568420840813957,-0.9323349983710207
2012-05-16 23:00:00,-1.4510626732330119,-2.9775353125691835,0.0,0.0,0.0,-0.27383667476193957,-0.5834764352909116,-0.5256372812595816,-2.439391151378523,-4.842199469972384,0.0,0.0,0.0,-0.45073399071340997,-0.9451525798217326,-0.9029019190900607
2012-06-10 00:00:00,-0.528155358607394,-0.413562317947868,0.0,0.0,0.0,-0.1228299141652152,-0.09618239973137742,-0.26150986126146564,-0.6388746994720726,-0.7950485907920889,0.0,0.0,0.0,-0.14582696093145164,-0.1761434449196464,-0.5199793413145769
2012-06-10 01:00:00,-0.5534686833176414,-0.4548417280108122,0.0,0.0,0.0,-0.1274998231758057,-0.10598742641339835,-0.268570761387965,-0.69673913119821,-0.6309984550248429,0.0,0.0,0.0,-0.15652574387783416,-0.14285940020391164,-0.4928231572232035
2012-06-10 02:00:00,-0.5791639488973483,-0.5195719773604466,0.0,0.0,0.0,-0.1323322004027985,-0.11821201590430469,-0.2767282859759613,-0.7499216502322579,-0.6342327542850972,0.0,0.0,0.0,-0.16744792204659223,-0.1449326577636455,-0.49651796978340945
2012-06-10 03:00:00,-0.6179778952613374,-0.5576430430449136,0.0,0.0,0.0,-0.1391481304167173,-0.1261848057728772,-0.28960954906157493,-0.8029634988682088,-0.5832329229267507,0.0,0.0,0.0,-0.17797048141519303,-0.1356680111551053,-0.49339366335196183
2012-06-10 04:00:00,-0.6410635297900421,-0.5492090701757636,-0.10010452235923029,-0.07618821294373182,-0.6183334569927332,-0.14388011910152704,-0.12592532132605694,-0.28993429937350174,-0.8496777873454078,-0.8855756682868439,-0.11559251234272103,-0.1153911663454445,-1.9103767478035039,-0.1865832123377253,-0.19761860481012536,-0.5542256446433572
2012-06-10 05:00:00,-0.6478235748210193,-0.6125562788858064,-0.30709833854743485,-0.30758582831553866,-1.7750088644695639,-0.14626043556974755,-0.1406822071193759,-0.30510496655671077,-0.8505954769763824,-1.411692475287069,-0.33517808450704145,-0.6315504904427423,-5.339293917496655,-0.18831072957969172,-0.3040481402905668,-0.654560716673477
2012-06-10 06:00:00,-0.6323619710973503,-0.5760672693861008,-0.490690593123093,-0.5023517630398622,-1.952947916995372,-0.14464224987108548,-0.13556240111932386,-0.295377888868357,-0.820632474577495,-1.828632782761458,-0.5403277950530349,-1.3492017266536922,-4.553683854217994,-0.18526598589178533,-0.390743451245139,-0.7312503131520455
2012-06-10 07:00:00,-0.6138818527399689,-0.5365525308681919,-0.5843199812368912,-0.5765890406853419,-2.243433780632711,-0.14250611327788823,-0.12964008330671367,-0.2896696967028819,-0.775604118849372,-2.048306835857765,-0.653979936523256,-1.8377190979569074,-5.234685447643594,-0.1792139239981928,-0.4368541683047868,-0.7681856730227922
2012-06-10 08:00:00,-0.5900336923510965,-0.5539581649888609,-0.6191703247375238,-0.6277518063817455,-2.150408098760327,-0.1388745997868181,-0.13786446144674677,-0.2983521715202289,-0.73117737514053,-2.2276542635699133,-0.6573040455503546,-2.1201282630976643,-6.048252206978312,-0.1724043619056658,-0.47743375571055763,-0.8024678165415514
2012-06-10 09:00:00,-0.5547025355726611,-0.6553450339412487,-0.5714362088194362,-0.7289697212851157,-2.2607939744390766,-0.13364543383487298,-0.16133800726721195,-0.31731586409378715,-0.6489354755563309,-2.6921643983853185,-0.5486544241355947,-2.4339842406931074,-7.118283196790841,-0.15966495499278777,-0.5686397885840385,-0.8782917169754612
2012-06-10 10:00:00,-0.519602528720247,-0.7065652089435996,-0.4997668305999422,-0.7736434377173096,-2.3429285675442744,-0.12718324338976808,-0.1691385796897119,-0.32415773220794336,-0.579212553602604,-2.7675502383686266,-0.4434934114103876,-2.2961775109775155,-7.413356897501562,-0.1475533823415537,-0.5774379657450064,-0.8804413622122111
2012-06-10 11:00:00,-0.4730766756524626,-0.9083662627799144,-0.4213487152189184,-0.9180646595235196,-2.6852505956828963,-0.11967401058926064,-0.2066788879676084,-0.353559246534307,-0.514133251793667,-2.808622654797881,-0.29739498364780664,-2.1859849057473957,-7.664423208439408,-0.13635570809858283,-0.5816235844504065,-0.8774001845939668
2012-06-10 12:00:00,-0.4318406164353297,-1.0387392103206794,-0.3339150588327527,-0.9680244876446339,-3.00517241063416,-0.1108209259364707,-0.23598542842701478,-0.3821130011362843,-0.43810639948057745,-2.7673846299473652,-0.11193293283654251,-2.0356422302772006,-7.639778375103411,-0.11971391634882816,-0.579924158305241,-0.8793482736340739
2012-06-10 13:00:00,-0.3996655367295697,-1.069823782660001,-0.23827303835587324,-0.9379872707316554,-3.3445103246588266,-0.10360407259534614,-0.24729513996573824,-0.396069727310972,-0.36941260968382583,-2.562355344126401,0.0024140586274102316,-1.7939084422145264,-6.856863213866512,-0.10672175749930504,-0.5468128631223628,-0.8447564270092434
2012-06-10 14:00:00,-0.3630620902767598,-1.1775038920435705,-0.1836177085077833,-0.934808288406447,-3.5405802602914433,-0.09816300199430447,-0.26955645807068207,-0.4142884410150581,-0.2977132573523029,-2.4879632085983654,0.04569143446534428,-1.6832469711867182,-6.736753827519619,-0.09596820244274556,-0.540551239989564,-0.8270461893798419
2012-06-10 15:00:00,-0.3363284194366785,-1.2256695857016242,-0.14085236870274062,-0.8578275816638509,-3.5052376253579096,-0.09240223918131714,-0.2746120949717532,-0.4188362905490029,-0.26468777895528617,-2.301116084475717,0.07478215470502036,-1.4461361005137674,-5.911485580207448,-0.08910859782034497,-0.5055315207702057,-0.7950278586158509
2012-06-10 16:00:00,-0.33756657270573864,-1.2603631522713188,-0.14907771530404362,-0.7713406883614282,-2.9997121100479047,-0.09137370688129158,-0.27587820086181386,-0.4220194252794404,-0.26502527217528654,-2.2026968127046764,0.05146926829233173,-1.281774462319875,-5.192961312646266,-0.08764556543457216,-0.48323142511434547,-0.7737821579939435
2012-06-10 17:00:00,-0.3615528712164921,-1.237541453351993,-0.1808235215553625,-0.6734079220873295,-2.3036388356289783,-0.09584785914610951,-0.271406198402356,-0.4167660150622039,-0.3073403098006063,-2.067485129626808,-0.03376363421512403,-1.1003966104939356,-6.573553287335145,-0.09409723521955855,-0.45178948247793543,-0.7431719195737159
2012-06-10 18:00:00,-0.413542431495968,-0.9903036179440619,-0.175182965159659,-0.3995088666544494,-1.1268537804990981,-0.10364277308344154,-0.2174905754746862,-0.3681108858136258,-0.409800821767648,-1.634286836403404,-0.13235700136113426,-0.6656536047003379,-3.652755466835679,-0.10883833964062331,-0.35434081049960936,-0.6628646933285898
2012-06-10 19:00:00,-0.5109807836817309,-1.136546987605863,-0.008173236857828446,-0.014593649152121156,-0.006000730527942612,-0.11874236012099332,-0.2424042996634792,-0.4046793707761332,-0.5943103789749409,-1.4813090113785077,-0.009631299586198261,-0.018909833410438868,-0.15267936376979266,-0.13762684607547637,-0.31573058583725727,-0.6514662410368925
2012-06-10 20:00:00,-0.5382046567049663,-1.239839810739251,0.0,0.0,0.0,-0.12459905017814488,-0.26381609066638356,-0.4234426155531067,-0.6527072939182964,-1.4815405816770415,0.0,0.0,0.0,-0.1491647101801882,-0.3125960159875009,-0.6488124230008304
2012-06-10 21:00:00,-0.5449287522304636,-1.1078447018446222,0.0,0.0,0.0,-0.1244192662161499,-0.23311713378830193,-0.3936280628573007,-0.6838749458182068,-1.4613532077523286,0.0,0.0,0.0,-0.15273797491902982,-0.3083550004965459,-0.6467207148031141
2012-06-10 22:00:00,-0.5751672479805084,-1.0009716311906507,0.0,0.0,0.0,-0.12797247323353644,-0.20962068659794308,-0.3719094547368644,-0.7510020404394577,-1.2770608804152055,0.0,0.0,0.0,-0.16305948465874648,-0.269596571313042,-0.6198591949690806
2012-06-10 23:00:00,-0.6084845556141684,-0.9770258231841387,0.0,0.0,0.0,-0.133099870451783,-0.2074275511600615,-0.37027626701166155,-0.8215611608357272,-1.1245742353751462,0.0,0.0,0.0,-0.1742062110967271,-0.23861732581722095,-0.603396784186338
2012-07-15 00:00:00,-0.38040952576967013,-1.2740127753370594,0.0,0.0,0.0,-0.10604996797587214,-0.2693126671949141,-0.38940842074589116,-0.3860391352778387,-1.4211052472455277,0.0,0.0,0.0,-0.11909296267466499,-0.30490840066530395,-0.5782097969147736
2012-07-15 01:00:00,-0.42070385944292293,-1.4083884711691121,0.0,0.0,0.0,-0.11255019240539567,-0.2935912355568092,-0.41633596189971506,-0.46974340588556096,-1.5186329045596871,0.0,0.0,0.0,-0.13376612048516412,-0.32043743362403687,-0.5992501451321945
2012-07-15 02:00:00,-0.47509848176226277,-1.483729446365554,0.0,0.0,0.0,-0.11999456699245141,-0.30650623355958273,-0.43739567081755826,-0.5743686660525938,-1.6244428528563497,0.0,0.0,0.0,-0.14837093299334453,-0.33666678463095256,-0.6326184074821286
2012-07-15 03:00:00,-0.5170119084957799,-1.4726630759992636,0.0,0.0,0.0,-0.12702793896118553,-0.30170423652897244,-0.43580294308396506,-0.646432631433005,-1.7419252223568933,0.0,0.0,0.0,-0.16117565382337917,-0.3617699885210302,-0.6672959060241397
2012-07-15 04:00:00,-0.5468283524461514,-1.7345610758276264,-0.0425644597241184,-0.1291724964078307,-0.2603736587461889,-0.13093554361877824,-0.3537739450708453,-0.4904833748112935,-0.6892334777482026,-2.0054703326005483,-0.045421095743600315,-0.13423117101285117,-1.267843455572665,-0.16905524374267833,-0.4190453466826418,-0.730205181599111
2012-07-15 05:00:00,-0.5335293302336018,-1.849807610664111,-0.24099427951383026,-0.8381029756107409,-2.6357207426580187,-0.13163902058005691,-0.3760335646509854,-0.5081379070011726,-0.6569665531287245,-2.4051325531198144,-0.2255874013069253,-0.9878549307667108,-5.643678242543841,-0.16905141196760956,-0.5005419860481075,-0.7980163604906069
2012-07-15 06:00:00,-0.5303559393864309,-1.7458653307314456,-0.39558583758982646,-1.159388133632029,-3.1789205614167058,-0.1323783328477717,-0.35468584685029503,-0.490610397716515,-0.6404526237203577,-2.427577214670105,-0.34013463328533494,-1.4098337808806078,-4.880628649226833,-0.16785718161304256,-0.5057793750128725,-0.8028542568402064
2012-07-15 07:00:00,-0.5165941870461339,-1.685759107360982,-0.47083258104851156,-1.1318287845581996,-3.387100480519237,-0.12972510474519516,-0.34608220070063783,-0.4872689074705601,-0.6023975861637533,-2.441369390571254,-0.3754070775442203,-1.5477848534144363,-6.226140785480415,-0.1597546865398854,-0.5096694689134481,-0.8098237712158908
2012-07-15 08:00:00,-0.48275765251493497,-1.5226041425069958,-0.4188367100031403,-0.8955682368461317,-3.2254048758040237,-0.12353898203814519,-0.3222439307392359,-0.4661523062710388,-0.5397029150724265,-2.4606806071053664,-0.2514883359479222,-1.479812652497513,-6.193293516165477,-0.14622357791905344,-0.5140423601195263,-0.8152504925380654
2012-07-15 09:00:00,-0.4479357950730578,-1.2859943970848702,-0.34449872697091455,-0.756078133988115,-2.439498488423877,-0.11742816088086068,-0.28368329344230414,-0.429602303430507,-0.4580370290916159,-2.1312539184514563,-0.05236593134495037,-1.0456781894519684,-4.736651180056033,-0.1312475064107954,-0.4571982473344023,-0.7599009411466603
2012-07-15 10:00:00,-0.39182297171789215,-0.8049996774723037,-0.21168517918746477,-0.3640707481128702,-1.7588579211282702,-0.10882729172465015,-0.197780862665745,-0.3424651075538908,-0.35099234780965816,-1.614965737410671,0.15227975901035995,-0.5565649478163226,-4.256368365273661,-0.11305934266045448,-0.3613017664702693,-0.6581240215072115
2012-07-15 11:00:00,-0.34405145618613425,-0.5778856414159553,-0.06870315128313291,-0.07067742696120784,-1.9859960655757067,-0.10047131899495759,-0.16514823369524778,-0.3040778367831301,-0.2657793119037264,-1.3134676432785193,0.3468005989013913,-0.24714704679215005,-3.9669471988686267,-0.0981824787677233,-0.30690932350040256,-0.5921613578305052
2012-07-15 12:00:00,-0.2989797445606655,-0.5098115667951768,0.04779427066583081,0.2219835792824282,-1.6841418729166504,-0.09247214454754471,-0.15249089068773608,-0.28778017396089856,-0.1841912749925273,-1.3530396440865053,0.5335889118042486,-0.09114528981696944,-3.847607000728172,-0.085649221241687,-0.3160743507970352,-0.5879576572990354
2012-07-15 13:00:00,-0.264145305718582,-0.47854867763677794,0.11178437137916215,0.2531790748474317,-0.8942808262096361,-0.08770890139184345,-0.1494658385125293,-0.2783263069420177,-0.11695909448400696,-1.3556004749684394,0.6144647308641233,0.0018044442910973802,-3.579425584010435,-0.07690714106445831,-0.3178384765326206,-0.5750745206501703
2012-07-15 14:00:00,-0.24404211560947844,-0.5784149512149903,0.12798149135680625,0.03724775225877323,-1.0699620784720092,-0.08580498465071838,-0.16833190090846756,-0.285668084521053,-0.08086467179436753,-1.541791524068401,0.5958032089843963,-0.20857833139023457,-4.429642158974019,-0.07498799875736462,-0.3592675282927528,-0.6017209500736489
2012-07-15 15:00:00,-0.24085645555956123,-0.6765286168080753,0.11046666428408128,-0.1551840285326934,-0.6508901490064811,-0.08578394767194437,-0.1853508523170313,-0.2977016575288752,-0.07725468686449499,-1.5777047260950772,0.5659710881101496,-0.35363405797225883,-3.548916388786657,-0.0747671309934261,-0.36098646977648946,-0.5983127261394391
2012-07-15 16:00:00,-0.28098388939884467,-0.5809863746705521,0.010541362115117596,-0.16337302678187082,0.0034836657271115168,-0.09286450285560825,-0.15469374691145926,-0.2727587006275877,-0.13634589667845623,-1.5218106876313073,0.4314017640830469,-0.3601309876655627,-3.1910758637308745,-0.08447988987164083,-0.34465063457316886,-0.5909476163023714
2012-07-15 17:00:00,-0.34152528776096325,-0.5062199450485779,-0.08925547339417814,-0.17052378626907447,0.1599717460686012,-0.10342120800580934,-0.13108625489772138,-0.2565222658312965,-0.24990285301442253,-1.565922511763032,0.18093149677555803,-0.4339946861005277,-3.695441899842401,-0.10353516075488814,-0.3449606787003432,-0.6063629976967535
2012-07-15 18:00:00,-0.4234103433871202,-0.7540175454934092,-0.13117392020191623,-0.21885360808261575,-0.4919829051380229,-0.11734079379144646,-0.1732844675544714,-0.3070518579786023,-0.4076253645719276,-1.7617222290684331,-0.009429892717040375,-0.42057320915531626,-2.8509265842855975,-0.12979075629208126,-0.37460064682108635,-0.6534051091066992
2012-07-15 19:00:00,-0.49684064345958134,-1.301752999849898,-0.004406728896635243,-0.003969442380687422,-0.030240099651085404,-0.12694279055048607,-0.27281016409640846,-0.4102211267254279,-0.5696349020492081,-2.086696663780488,-0.005293850787850166,-0.00717916486434004,-0.08896746042107932,-0.15405309614399107,-0.43486499703169085,-0.7283150874847452
2012-07-15 20:00:00,-0.5330313336469281,-1.518572210911044,0.0,0.0,0.0,-0.13176493551097368,-0.31394594871873743,-0.45223189991592616,-0.6521400361669587,-2.6328619254954218,0.0,0.0,0.0,-0.1667923607176788,-0.5378427321596955,-0.8297821082991313
2012-07-15 21:00:00,-0.5860728905255768,-1.7292404533794796,0.0,0.0,0.0,-0.1397199831269287,-0.35582668869011225,-0.5002844128952382,-0.7330986690520813,-2.947648037166133,0.0,0.0,0.0,-0.17939775021879986,-0.6003774220872399,-0.898325196673126
2012-07-15 22:00:00,-0.6308940774476428,-1.9274864734903547,0.0,0.0,0.0,-0.14599736196069543,-0.3958148300908861,-0.545746378604777,-0.8159585389457535,-3.2067182461118184,0.0,0.0,0.0,-0.19176824608890483,-0.6492587347238021,-0.9563284513455437
2012-07-15 23:00:00,-0.6759839800867055,-2.0288257150849733,0.0,0.0,0.0,-0.15213980727675105,-0.4137950783846478,-0.56698418986877,-0.9034033146952032,-3.2832091161001613,0.0,0.0,0.0,-0.20548463956186808,-0.6635442587845597,-0.9804494196473051
2012-08-30 00:00:00,-0.042486529179286664,-1.4769482754182948,0.0,0.0,0.0,-0.06662129621694643,-0.32179420522117785,-0.36116212038495793,0.2652264357549037,-1.3963828501899855,0.0,0.0,0.0,-0.046905672789083495,-0.3231309098065434,-0.4274557873539005
2012-08-30 01:00:00,-0.05416993337889311,-1.5646790138900502,0.0,0.0,0.0,-0.06702081901496151,-0.33905290272486105,-0.38200288130246357,0.24174968196649357,-1.3153648621509635,0.0,0.0,0.0,-0.047302251978336346,-0.30734085568818437,-0.4197330425709435
2012-08-30 02:00:00,-0.06755720068955183,-1.6287273601424086,0.0,0.0,0.0,-0.06764670159779725,-0.3464651054644811,-0.3936411351223724,0.2159478310962103,-1.2457352534684163,0.0,0.0,0.0,-0.04821720299475291,-0.2915897002999624,-0.413365191346106
2012-08-30 03:00:00,-0.08553201324156713,-1.6301987760366838,0.0,0.0,0.0,-0.06842699372798935,-0.34989483679634426,-0.40423190122092756,0.18086999975466014,-1.348625613437382,0.0,0.0,0.0,-0.049346810165844884,-0.3090010599002494,-0.44257233019612957
2012-08-30 04:00:00,-0.09875581146054314,-1.624121597064278,0.0,0.0,0.0,-0.06907688974310876,-0.34834624560422317,-0.4082955858893406,0.15810230789476473,-1.3832023559038003,0.0,0.0,0.0,-0.050403260370478986,-0.31503565518913834,-0.456311496597053
2012-08-30 05:00:00,-0.0952870300842026,-1.5444476283864703,-0.04085060945475441,-0.17419567585568985,-0.17956571381991682,-0.06910711286840114,-0.3343884403805357,-0.39215275162849195,0.16450793689882448,-1.5918145846800031,-0.006723455083367093,-0.1810775327947774,-2.5282183520207977,-0.05047869339209941,-0.355521269134836,-0.4926776830492172
2012-08-30 06:00:00,-0.0389893790556187,-0.5534274310108827,-0.11992080497286595,-0.2268684609835035,-0.2911941897047298,-0.06636001348664647,-0.15313396912072783,-0.19171527831619944,0.27363540955392274,-1.0455742190997888,0.0212305555973066,-0.37867406432721645,0.8397344180202458,-0.04635416087875219,-0.26785010141317883,-0.3704438813502408
2012-08-30 07:00:00,-0.010238940148878354,0.14287892433040933,-0.061188931593475736,-0.0031391015521143985,0.005204473243236003,-0.06522388160177174,-0.026585247556952775,-0.055799586226845714,0.3265713885190455,0.1453525582871303,0.1331749519089027,0.10109023629696347,0.49826845298439076,-0.04502831357334883,-0.06405075755222409,-0.15450054870162272
2012-08-30 08:00:00,0.003010853764258378,0.40882998217106375,0.051645852108268636,0.17754414905923194,0.21148381475402953,-0.06489489466644215,0.014627773686557077,-0.011091605375777148,0.3521852722760636,0.7153864050750092,0.29103522359047157,0.45717741884351454,0.3183416726617278,-0.04472457475395549,0.021504094693972825,-0.0645610582146906
2012-08-30 09:00:00,0.012670299949086722,0.44373910458007454,0.16812127717279857,0.30302407443165924,0.3250188665110357,-0.06465810077283622,0.00834632344952345,-0.015076705497564485,0.3718753774849108,0.5680092616319611,0.4368122550097491,0.573011874398703,-0.3866039284934621,-0.044550119022958516,-0.0233125319650527,-0.10204150501769713
2012-08-30 10:00:00,0.01868624623685523,0.401424454038,0.26638388632484833,0.39037206714972644,0.28952817395411096,-0.0645296583022767,-0.007161457304681954,-0.029831776765173745,0.3835028864995168,-0.13229917619282067,0.5556757951076176,0.6096009970517298,-1.7016430068560728,-0.044457053594203,-0.1559115371295318,-0.22939601096113857
2012-08-30 11:00:00,0.02258496830890978,0.1958124593760333,0.34005485173629746,0.4239674121373354,-0.2596046207759324,-0.06444170665839377,-0.049476013066681805,-0.0715952910599576,0.3917616515574627,-0.8367240591526646,0.6449761912102021,0.7289946149496933,-2.5607297954967017,-0.04439394738900961,-0.2937539260507486,-0.3607828504218646
2012-08-30 12:00:00,0.024758843239664385,-0.02335787055474681,0.3624303958456085,0.41019875685423496,-0.8741772420286074,-0.0643605142029068,-0.09145298969339233,-0.11308206936632136,0.399670049000341,-1.2343119191215772,0.6714479526292461,0.8199473203219306,-3.7126621711597303,-0.04433730875167818,-0.37044730554334193,-0.4345515880844388
2012-08-30 13:00:00,0.02327916158628259,-0.07116344878431799,0.3305940147692956,0.36259754811609907,-0.2719979067189954,-0.06438305693128979,-0.10145504417823108,-0.1237957996575785,0.3974006247324303,-1.2600721458324953,0.6189367856595007,0.8757816520104869,-3.852778935815053,-0.04435281229278913,-0.37042165245947717,-0.43586230930526104
2012-08-30 14:00:00,0.021772923482029048,-0.1777535616161072,0.28643079881024147,0.3316058266333449,-0.4360340301421589,-0.06440874308499464,-0.11434829992953892,-0.13712081780127947,0.3940119415695419,-1.1372598972973516,0.559231484368909,0.8594643499648351,-3.3019507332694333,-0.04437052142117771,-0.3448373338363167,-0.41178796913491494
2012-08-30 15:00:00,0.016712947739583067,-0.21524919003508722,0.20961843540844535,0.23578820592221145,-0.12916968991802727,-0.06450882684005199,-0.10993667648412338,-0.13339359900403244,0.3837187784707859,-0.8662132993234898,0.4299130109252774,0.6278758296780598,-3.633879554129462,-0.04444115417057892,-0.284299301700395,-0.35399744262408134
2012-08-30 16:00:00,0.004684093940977855,-0.36629802921740645,0.10528855135642995,0.0992279712218527,-0.19875606520126837,-0.06487042382512982,-0.1388668571486471,-0.16555122654856605,0.3627159367527253,-0.4711259673246833,0.25082637742219765,0.313895849939085,-2.9397673687652777,-0.044771743051466376,-0.2028748397432915,-0.28186594541910015
2012-08-30 17:00:00,-0.03568587743913805,-0.4498622556238313,0.018695642002565956,0.0029475055802936404,-0.25643332429482746,-0.06678124745886006,-0.1480236136606945,-0.18785484641876202,0.29120823016049247,0.08081086504993448,0.07152966564170003,0.07981923166992234,-2.576722391226238,-0.046861476799436204,-0.07873946772411024,-0.1877228787207801
2012-08-30 18:00:00,-0.08739282012767952,-0.5433640655289416,0.0,0.0,0.0,-0.07062738060389456,-0.14752792801952053,-0.2048555348424718,0.20231585687059203,0.427719258122625,0.0,0.0,0.0,-0.05201819881340638,0.005310331260311256,-0.13749296972731426
2012-08-30 19:00:00,-0.14372496443322727,-0.5829568138484676,0.0,0.0,0.0,-0.07706101836150578,-0.14662267907823293,-0.22074606999444796,0.10369067917182358,0.5360955774995635,0.0,0.0,0.0,-0.06107060839821869,0.039921627121727116,-0.13300723670148795
2012-08-30 20:00:00,-0.19077005414973267,-0.7351707488230185,0.0,0.0,0.0,-0.082591863069607,-0.16982046237558324,-0.25474449601353755,0.003973752821076555,0.5406269389980296,0.0,0.0,0.0,-0.07102898253009551,0.04787938242765807,-0.15332728438322898
2012-08-30 21:00:00,-0.24018779606636756,-0.986730172368758,0.0,0.0,0.0,-0.08808713244414128,-0.21536028022744866,-0.3116797898758517,-0.09905210662668779,0.3857205825855763,0.0,0.0,0.0,-0.08165446132495587,0.024901286510053224,-0.20558166098682695
2012-08-30 22:00:00,-0.28211030718945124,-1.119517612540402,0.0,0.0,0.0,-0.0929800613208005,-0.2400533121506555,-0.34089677290837983,-0.19424417974481717,0.18762686830436676,0.0,0.0,0.0,-0.09352484414657145,-0.00830422109341005,-0.2577612182282893
2012-08-30 23:00:00,-0.33854122281836413,-1.3729823984649607,0.0,0.0,0.0,-0.09963849325802192,-0.2898456893250439,-0.4000841822701592,-0.2948247190707059,-0.07538334328702125,0.0,0.0,0.0,-0.10655534889617821,-0.05633093955450698,-0.3278194309999418
2012-09-19 00:00:00,-0.21326834124047805,-0.5441375568167655,0.0,0.0,0.0,-0.07683466339268517,-0.13886614585721146,-0.24737276562101793,-0.054988986417724185,-0.4005581929071868,0.0,0.0,0.0,-0.061747732839895035,-0.12045961865628275,-0.3452113424020811
2012-09-19 01:00:00,-0.24594319132780026,-0.523161088399615,0.0,0.0,0.0,-0.08007681581845476,-0.13226831811181797,-0.25153968852894565,-0.11209759093065573,-0.32168504297204337,0.0,0.0,0.0,-0.06720415364743935,-0.10116693744323356,-0.3474164750419428
2012-09-19 02:00:00,-0.29904985468969375,-0.5139502426568435,0.0,0.0,0.0,-0.08625011521886154,-0.1270087033707329,-0.2604617518809783,-0.19905592482775103,-0.36356731485861626,0.0,0.0,0.0,-0.07630540206826575,-0.10475272690398428,-0.37900320781198976
2012-09-19 03:00:00,-0.3505104146943089,-0.5402866252111604,0.0,0.0,0.0,-0.09458157123549037,-0.13125427170615492,-0.271519544244512,-0.28152533310773364,-0.33951938521284875,0.0,0.0,0.0,-0.08891952241753062,-0.09592989598180725,-0.38539860133423975
2012-09-19 04:00:00,-0.4049318592061062,-0.4915137241798007,0.0,0.0,0.0,-0.10339926121933601,-0.11732067610373016,-0.2648636680368828,-0.3847394330861313,-0.3300906422586037,0.0,0.0,0.0,-0.10591057018264244,-0.08973681675858494,-0.3974875105921011
2012-09-19 05:00:00,-0.4519315891453349,-0.4748511623619992,0.0,0.0,0.0,-0.1105709140426982,-0.11288064066478996,-0.26787116652657594,-0.4840445316626691,-0.37650647083962174,0.0,0.0,0.0,-0.12134668653780295,-0.0965532723254217,-0.4269856189651342
2012-09-19 06:00:00,-0.4596832614984361,-0.5434802804440295,-0.11843024397814281,-0.1278445170469059,-0.8340648413487154,-0.11395438991208102,-0.12976679227634327,-0.28130047700824556,-0.501576056032923,-0.6776737110520026,-0.08965973313982471,-0.125336885686795,-0.7078044500993766,-0.12917360624214178,-0.16249187298409895,-0.48772205772750843
2012-09-19 07:00:00,-0.4737961314309528,-0.5421576637161041,-0.254780278260099,-0.2881521266309323,-1.236854330496085,-0.11821113661185374,-0.13061460701965036,-0.28484285728541636,-0.5083230232157144,-0.9224746550003203,-0.1768534516821573,-0.37234915156023746,-1.7663460678310077,-0.13380604678304167,-0.2153256793070374,-0.5377602108903258
2012-09-19 08:00:00,-0.4877175746596196,-0.5938834444736576,-0.32841999872336763,-0.42308667113521053,-1.365798719341115,-0.121978458308059,-0.14510294011516478,-0.3027605554037367,-0.5122461434029928,-1.126795095342825,-0.2477605687739297,-0.6497389999543642,-2.3308043559185196,-0.13632497462366264,-0.2594834687719436,-0.5777553081373342
2012-09-19 09:00:00,-0.5084806581076741,-0.6765477381512561,-0.3704005511585999,-0.518632390423476,-1.2974956271909905,-0.12632016070954044,-0.1612600555725295,-0.32222113883236847,-0.5188419516792178,-1.3396119932842907,-0.3080884602943986,-0.9198697933148738,-2.544927833153846,-0.13974191425109903,-0.3007363033358151,-0.6138834245795962
2012-09-19 10:00:00,-0.5191287835716745,-0.7398674538934104,-0.39901478859743184,-0.6056638059710807,-1.2732690039096892,-0.13014049832974298,-0.17397979924912932,-0.3338797559850331,-0.5237603138156119,-1.4680930752787316,-0.34917529282151494,-1.0964275813270408,-2.737295838448784,-0.14356950537946378,-0.3237510253488378,-0.6300335526779726
2012-09-19 11:00:00,-0.5447629090715105,-0.7336783209441692,-0.42321637874139423,-0.6435579924443603,-0.8447728607304762,-0.1366379714835719,-0.1711839035334033,-0.32964136212920336,-0.553886896934388,-1.4519438596949976,-0.3939481072174608,-1.0779921515904898,-2.7447165441165158,-0.15203526159410585,-0.31521611772714375,-0.6185944081813033
2012-09-19 12:00:00,-0.578464376604599,-0.7673436602600584,-0.4316773987614615,-0.6434313856789229,-1.0687313815558745,-0.1423298419909972,-0.17277322056887903,-0.33478595898191676,-0.6086102569006743,-1.5492249311911763,-0.40585863793285776,-1.0253469928092194,-2.9201642367946783,-0.16214700147816025,-0.3301168540953894,-0.6437733496832041
2012-09-19 13:00:00,-0.6266453251460004,-0.8960387765716284,-0.4388981818284654,-0.6504037594488898,-1.4162473486899323,-0.15050682531871204,-0.19454238404095558,-0.3631555189483652,-0.6925419941174543,-1.5906605381228485,-0.4449345766486972,-0.9497672417520006,-2.9067979032610753,-0.176694799400619,-0.336884626827463,-0.6692597667105712
2012-09-19 14:00:00,-0.6864531813967374,-1.036789669265142,-0.43388942158668437,-0.6783508937093385,-1.8226836764507728,-0.1608859785699948,-0.2216910950152204,-0.39625423205034715,-0.7876266534977603,-1.717632571256861,-0.4434178607215184,-0.9173624762758048,-2.473321764743819,-0.19407815177933815,-0.3616590250947241,-0.7067381399731104
2012-09-19 15:00:00,-0.7530131522700746,-1.3686818567957213,-0.40614675278209733,-0.7157767167259562,-1.91187769676531,-0.17174332529495906,-0.28742326152279407,-0.4661390165446587,-0.9071043314026778,-1.7784497936028543,-0.41415264889688924,-0.796119301768655,-1.7824073475994853,-0.21362526947477914,-0.37476162050376555,-0.7382211839753605
2012-09-19 16:00:00,-0.8173321183352573,-1.7028673734249982,-0.28038778569563105,-0.5211480500334407,-1.060911531233313,-0.18109831483782884,-0.34983869324995714,-0.5307140042742706,-1.047667536304588,-1.8775195173054535,-0.32021626762846866,-0.549835973482225,-0.49040179573698756,-0.23450558359269338,-0.3910645303080097,-0.772657680230108
2012-09-19 17:00:00,-0.8809173622057199,-2.0668568318857563,-0.04342894808391024,-0.0826062020086778,-0.08217021397737309,-0.18957016127750165,-0.42050020447900366,-0.5960629649873768,-1.194285774701442,-2.20248322362956,-0.04816530402556283,-0.09415858808238117,-0.5984673042322495,-0.2566000640984269,-0.4517157627748178,-0.8302569736269857
2012-09-19 18:00:00,-0.9350998259253731,-2.4025675958120436,0.0,0.0,0.0,-0.1974504228252703,-0.4902992192580468,-0.6550003293411769,-1.311083914767116,-2.6845926662995327,0.0,0.0,0.0,-0.2752954914238018,-0.5483559787223059,-0.9118589430781221
2012-09-19 19:00:00,-0.9999596786624174,-2.5573005748472,0.0,0.0,0.0,-0.20748780956335813,-0.520331257972853,-0.6790691488999178,-1.4341612542627218,-3.0907198909093254,0.0,0.0,0.0,-0.29450483913289577,-0.6303788795025055,-0.9825914414516532
2012-09-19 20:00:00,-1.0424278433625243,-2.6746747537119067,0.0,0.0,0.0,-0.2135165567310773,-0.5446120162471259,-0.6951759309750402,-1.5204270739686867,-3.3648310763573206,0.0,0.0,0.0,-0.30752254714639266,-0.6828911627355769,-1.019612686996791
2012-09-19 21:00:00,-1.0593288053739054,-2.722761702639862,0.0,0.0,0.0,-0.2148746278623878,-0.5536206377044299,-0.690568357413784,-1.5805213857659255,-3.639818887933146,0.0,0.0,0.0,-0.3169800667417078,-0.7375779046260286,-1.0569134847918007
2012-09-19 22:00:00,-1.0854243601434241,-2.881012281046233,0.0,0.0,0.0,-0.21753826513276664,-0.5830588796299935,-0.7115477322022241,-1.6275160017425851,-3.787603740933993,0.0,0.0,0.0,-0.32161733297777434,-0.7639944913086356,-1.0702906291442762
2012-09-19 23:00:00,-1.1034362156715132,-3.089076679394293,0.0,0.0,0.0,-0.2185871860681787,-0.6255026057990319,-0.7458837850923442,-1.6679717589151963,-3.9078368800162737,0.0,0.0,0.0,-0.32548039458697847,-0.7852479607940016,-1.0771846125639224
2012-10-15 00:00:00,-0.9610136065906807,-0.3556268645386824,0.0,0.0,0.0,-0.19177175621992448,-0.06840631234963944,-0.18992443444012305,-1.5522262813088692,-0.564350584008264,0.0,0.0,0.0,-0.30320622437989014,-0.10172055363535913,-0.4301682706010451
2012-10-15 01:00:00,-0.9799755172912269,-0.28695776918897997,0.0,0.0,0.0,-0.19572984541946725,-0.0541363416536252,-0.1701093469119633,-1.5877846808073424,-0.357801349864926,0.0,0.0,0.0,-0.31053452545774063,-0.05898909980299338,-0.37341503030654144
2012-10-15 02:00:00,-1.005981082000795,-0.33676090492356137,0.0,0.0,0.0,-0.20053396991702355,-0.06449399634749639,-0.1766311727089719,-1.62272863189927,-0.35622609158782736,0.0,0.0,0.0,-0.31680600020810773,-0.05956142482125903,-0.3652433997890805
2012-10-15 03:00:00,-1.0590374594668304,-0.38073409635539623,0.0,0.0,0.0,-0.21116781382801064,-0.07286130638661248,-0.18285366996594138,-1.693215391931774,-0.4569489405590386,0.0,0.0,0.0,-0.3312304780601065,-0.0785615068283927,-0.37306100015526666
2012-10-15 04:00:00,-1.1098936773592594,-0.4069897050106921,0.0,0.0,0.0,-0.21962600863730514,-0.07842840262518631,-0.18585682899932351,-1.7488838030240306,-0.7028630842507799,0.0,0.0,0.0,-0.3390494730278788,-0.1281258599013802,-0.410121591390724
2012-10-15 05:00:00,-1.1646571709426887,-0.42567656142678323,0.0,0.0,0.0,-0.22940852905380946,-0.07975096518323432,-0.1788488147816498,-1.7842229212806497,-0.8833768908844236,0.0,0.0,0.0,-0.3420499633697916,-0.16234283216067516,-0.4294426597733493
2012-10-15 06:00:00,-1.1292152828998403,-0.33058488770091593,-0.08941525338602088,-0.03965750856989055,-0.08466041377665072,-0.2204864238985535,-0.0583904991386874,-0.15396572644265785,-1.7256742562847918,-0.9774037653898421,-0.1258448074037491,-0.07294484013506819,0.26274974662896294,-0.327249206083493,-0.17717206613080183,-0.4396601786900402
2012-10-15 07:00:00,-1.125932614408997,-0.21631723036041375,-0.35811256294824634,-0.18676732330707263,-0.37531505201072923,-0.2226816578156832,-0.03699402144060182,-0.13474623639781,-1.6907546368490676,-1.20172895039073,-0.4752524179442225,-0.4313005119348849,-0.6582279764077883,-0.32422386547026905,-0.22922529841093578,-0.4981350022944066
2012-10-15 08:00:00,-1.1522421641276877,-0.1668321273995127,-0.5208994167578718,-0.2709663239593202,-0.5879951484650427,-0.22881122671024212,-0.03031041051428301,-0.12794552103892415,-1.6581548956086956,-1.2198531265913493,-0.6701574852390931,-0.6221813399990729,-1.0401427378344814,-0.3187618080395533,-0.23538125298727366,-0.5084196581193776
2012-10-15 09:00:00,-1.1773475590229328,-0.22747935068129863,-0.652989883259785,-0.39907988114462795,-0.8274630588950276,-0.2335130498303423,-0.04425096709948778,-0.1438086442764602,-1.634363300927681,-1.2307637062623002,-0.7986023491486671,-0.7432177939963222,-1.267232441801639,-0.3133435745953471,-0.23979704614724204,-0.5153628210277952
2012-10-15 10:00:00,-1.2038210981697461,-0.1555109770514202,-0.7308463298214829,-0.4170810940812279,-0.7779283991415495,-0.23888029908564737,-0.03239770270598552,-0.12812102406410336,-1.6411089986943046,-1.1829110820972977,-0.9390319611986725,-0.8367449884598763,-1.6535401506749472,-0.31484512653130103,-0.23145561091980033,-0.5030082876406631
2012-10-15 11:00:00,-1.2039274706799028,-0.23083824476872036,-0.7697216071124954,-0.48441988705798605,-0.9793144145541717,-0.2388137192925707,-0.04838337464170115,-0.1325904569752396,-1.6526082786480831,-1.3678817278119297,-1.001122181313314,-0.9579153155669484,-2.121462349935581,-0.3175318736283003,-0.26833576791621616,-0.5272784332370754
2012-10-15 12:00:00,-1.1832034307131691,-0.5392004618569026,-0.7088989336945792,-0.5671950514713224,-1.1056842370831919,-0.23323922919733162,-0.10449662002827803,-0.1802079327267242,-1.6526777490059876,-1.5506333738279705,-0.9256905341196164,-0.958639536127858,-2.225436608352992,-0.31652533125015475,-0.30442297681167724,-0.5573022274262028
2012-10-15 13:00:00,-1.210926502481152,-1.1260024344567026,-0.6137986474878897,-0.6937606923295369,-0.9324674706420133,-0.23711527616986375,-0.23023141361186233,-0.29691965636143525,-1.7132105235604702,-1.6816994872720785,-0.8193706107915343,-0.8936396812959712,-2.0520062774091237,-0.3267334346394814,-0.3287203902479851,-0.5693754636826186
2012-10-15 14:00:00,-1.2485150135743197,-1.529475921362757,-0.47103418205035097,-0.6558846051069842,-0.6721011856495342,-0.24072023430412262,-0.3094126606718362,-0.36381576975599583,-1.8016834058259887,-1.8537395220487394,-0.6444144443003367,-0.7351816446383966,-1.6942954873701563,-0.338060456173842,-0.35409660183766095,-0.5747170425089472
2012-10-15 15:00:00,-1.2355170055340818,-1.7016767792762455,-0.26426253556363904,-0.4087654357411101,-0.3904209068290678,-0.23327761594346483,-0.33764617446094114,-0.3722613427370585,-1.8245897206167339,-1.8746073232585532,-0.37926544459715045,-0.464521508473033,-0.9987833490125101,-0.33578851109677516,-0.34806402069058395,-0.5373567875082369
2012-10-15 16:00:00,-1.185234388955691,-1.8391677971236984,-0.0626814610041555,-0.10411966922152213,-0.14940359021803612,-0.21726130761586446,-0.3584415999772446,-0.3826504355456047,-1.783453550492216,-2.0764226821581104,-0.08957699943312326,-0.12136265223678637,-0.18969548890337087,-0.3176288363618647,-0.3750431061298864,-0.5400122368935134
2012-10-15 17:00:00,-1.118368599633333,-1.817610109703563,0.0,0.0,0.0,-0.20298887657044884,-0.3530275648919232,-0.37289199358268676,-1.6991781001370159,-3.0317958067599076,0.0,0.0,0.0,-0.2976683720598262,-0.5717458163666855,-0.7068968580269414
2012-10-15 18:00:00,-1.1132485806422532,-1.904800248109321,0.0,0.0,0.0,-0.20289988183403052,-0.36889182464538794,-0.3915997701009836,-1.6639161667236149,-3.8815898158519566,0.0,0.0,0.0,-0.29129404853264806,-0.7551539722754286,-0.8782355970061669
2012-10-15 19:00:00,-1.1171980816899765,-2.0884093843231697,0.0,0.0,0.0,-0.20481646928708588,-0.40587831484986736,-0.4294069165083377,-1.6510473811067257,-4.1210148973563285,0.0,0.0,0.0,-0.28948245924243177,-0.8097990219286791,-0.9316460716380933
2012-10-15 20:00:00,-1.1103800336100398,-2.181980850344694,0.0,0.0,0.0,-0.20335729415188253,-0.4262366864498246,-0.4509006858008587,-1.657310560539938,-3.9003351140081834,0.0,0.0,0.0,-0.2902019656344843,-0.7637739297852792,-0.8894602692143754
2012-10-15 21:00:00,-1.113051956203021,-2.128301757707448,0.0,0.0,0.0,-0.20378667775042317,-0.4147651910166146,-0.4372861065594513,-1.6746876951547411,-3.526506644060355,0.0,0.0,0.0,-0.29460096625950766,-0.6873605451970785,-0.8138060057630429
2012-10-15 22:00:00,-1.1220941114513152,-2.1832960340113563,0.0,0.0,0.0,-0.20548103009257943,-0.42489963968098654,-0.44415567682798535,-1.7042966862751683,-3.495770045689174,0.0,0.0,0.0,-0.3004589352837928,-0.6794752872420189,-0.7988227383713375
2012-10-15 23:00:00,-1.136153757526796,-2.1418209001805737,0.0,0.0,0.0,-0.20920446621475777,-0.41845417127337037,-0.4352576240343373,-1.7260022434450233,-3.3811566662253223,0.0,0.0,0.0,-0.3058431506307236,-0.6567374728591587,-0.7717899704975008
2012-11-11 00:00:00,-0.927167549460602,-0.8747968928694477,0.0,0.0,0.0,-0.18396371265732406,-0.17774622956861066,-0.2591864207014193,-1.5427337258721099,-1.651267189138076,0.0,0.0,0.0,-0.29829993057478266,-0.3365775538898027,-0.5683500555900115
2012-11-11 01:00:00,-0.9398667643526786,-0.7886846645568145,0.0,0.0,0.0,-0.18619472957590416,-0.15761073831968989,-0.24085424139369066,-1.541093563538072,-1.280078905909574,0.0,0.0,0.0,-0.29776443163161687,-0.25650469200110304,-0.49904718336840703
2012-11-11 02:00:00,-0.89131750095423,-0.5823247633323202,0.0,0.0,0.0,-0.17543510372083096,-0.1182349917179036,-0.20645342266324132,-1.4620482826097012,-0.8815081291705594,0.0,0.0,0.0,-0.280005604366267,-0.17502644881848337,-0.4351641309231001
2012-11-11 03:00:00,-0.8293778525709365,-0.4190973983788342,0.0,0.0,0.0,-0.1619715672402241,-0.08428211211001992,-0.17620814906434878,-1.3911344972348125,-0.49814933055280425,0.0,0.0,0.0,-0.2649445823315788,-0.09635901345294637,-0.37241549025947973
2012-11-11 04:00:00,-0.8334474312074046,-0.4611209466813732,0.0,0.0,0.0,-0.1625649735644916,-0.0927764360287635,-0.18185288301177727,-1.3937837858165179,-0.2217323089940563,0.0,0.0,0.0,-0.2648466232483786,-0.040088990562247136,-0.3267863355242083
2012-11-11 05:00:00,-0.8384589391567595,-0.3216341750164077,0.0,0.0,0.0,-0.16189477259516313,-0.06249899384459542,-0.1557333798985385,-1.356165356571986,0.08224653101405922,0.0,0.0,0.0,-0.2557540994249099,0.02656441850108438,-0.2720823091047329
2012-11-11 06:00:00,-0.8455828759998311,-0.25568979027698974,0.0,0.0,0.0,-0.16328724804898903,-0.04767043527432455,-0.13524693309664126,-1.391121766400238,0.30187605182569005,0.0,0.0,0.01163819111636659,-0.26283783044995584,0.07518642772448547,-0.2220326641154267
2012-11-11 07:00:00,-0.8332734746376589,-0.17916170418813457,-0.04939486540787358,-0.03512984486693523,-0.12369935739672083,-0.16255922630372482,-0.03140202560573019,-0.1171174533810471,-1.3670505200829675,0.4309716165730635,-0.08203514170434864,-0.02392171082305478,-0.019981989080386255,-0.2601917343969218,0.10181816046655949,-0.1928632376465557
2012-11-11 08:00:00,-0.8303401829412855,-0.17409751218563282,-0.13589386371457485,-0.08789130590756168,-0.2905420634724957,-0.1637673948602001,-0.030398839767958905,-0.12199707468292205,-1.3516030051657084,0.4599479902744229,-0.21007057079443467,-0.03857118432399864,-0.29981299477198753,-0.2610590401636251,0.10540039265337148,-0.1887850925884478
2012-11-11 09:00:00,-0.8232631392345794,-0.031912002543811484,-0.1969022989509603,-0.07827047805196509,-0.3189691745005492,-0.1616775742579448,0.000697095466866687,-0.09005938134177534,-1.3264644208169953,0.53963207836581,-0.32024874412604887,-0.024293512550812364,-0.47521518558371606,-0.2549269019268418,0.12082179707392872,-0.1660489705622482
2012-11-11 10:00:00,-0.7980497345359334,0.03818619404045729,-0.22333485149780152,-0.07206857193278611,-0.230318797432589,-0.157222297332335,0.015201655426998526,-0.07623205918363515,-1.2436035069798608,0.6196868596220855,-0.3249216095066199,0.011722927821016511,-0.5800707525549679,-0.23794957079590678,0.13679855875186478,-0.14781476672563604
2012-11-11 11:00:00,-0.7882464804279623,0.3471577462151373,-0.24890165155901822,0.01923482306076039,-0.09486172688682762,-0.15569343929006935,0.08002260032931016,-0.019076787253900412,-1.2083255586772557,0.6342635467681126,-0.3566273888838321,0.036595018539358586,-0.6051240732780531,-0.23198749640590305,0.14054254309159994,-0.14839150997674477
2012-11-11 12:00:00,-0.7668709215675856,0.3254315544301707,-0.24689134046155523,0.016462732801537188,-0.19675016816999893,-0.15293534400080094,0.07160180670375048,-0.030140141818321163,-1.1468621783230475,0.5831114980970298,-0.3358249098144922,0.04595970951267796,-0.5472849180305468,-0.22206556697555782,0.12590251230584903,-0.1666704173664121
2012-11-11 13:00:00,-0.7401784129570502,0.32033550677225736,-0.21210225770737512,0.005543775098410632,-0.22036461365425625,-0.14837375609671125,0.06886872651818716,-0.033095115034931934,-1.114890756532481,0.6486852805555053,-0.2875746996596887,0.05190844642218559,-0.27862490514019994,-0.21677674713262868,0.13907965534064823,-0.15371157921375186
2012-11-11 14:00:00,-0.7567890402229446,0.13108855383287987,-0.16960475074306283,-0.021267194451093506,-0.31520682798669003,-0.1517931381259926,0.02954176109468168,-0.07597647391129106,-1.1459204401615228,0.5699058792423177,-0.23772563417776346,0.023142039357649823,-0.20065683690312106,-0.2234144805053624,0.12192001177963427,-0.1739935804108427
2012-11-11 15:00:00,-0.7424977159001451,0.07386785104306406,-0.07337458918743321,-0.013249279295766511,-0.16623835669401263,-0.14852268193170504,0.017850478013155247,-0.09017011399132471,-1.115726273499928,0.6676941310806976,-0.09868483987917086,0.016890075247086567,0.0713162992952962,-0.21603650809240726,0.14217285734154794,-0.15797347677549714
2012-11-11 16:00:00,-0.7299940896536175,-0.038122202220715974,0.0,0.0,0.0,-0.1448508706447006,-0.0062324498611613455,-0.1169650719959956,-1.0961040636629165,0.5710154888110127,0.0,0.0,0.05428885301737381,-0.21006740456009815,0.12123315113012323,-0.18055366109903906
2012-11-11 17:00:00,-0.7494039204649168,-0.05486828321732217,0.0,0.0,0.0,-0.148163099527221,-0.010092549461104458,-0.1259061256578367,-1.139518563215194,0.40147042728042287,0.0,0.0,0.0,-0.21910775289251805,0.08381983523963848,-0.21769153429432936
2012-11-11 18:00:00,-0.8011701926738175,-0.05013004814627215,0.0,0.0,0.0,-0.15739866128444158,-0.009591768466107431,-0.12842161878929859,-1.2279139162971917,0.09786420300858037,0.0,0.0,0.0,-0.2352731049290945,0.021500112197899542,-0.2844332928241372
2012-11-11 19:00:00,-0.7961653911675025,-0.07265921246234193,0.0,0.0,0.0,-0.15607327520499115,-0.01321515896092471,-0.13071253767185448,-1.217584660369161,-0.015238957071654877,0.0,0.0,0.0,-0.2340646512937325,-0.003825290884259586,-0.30509936062297965
2012-11-11 20:00:00,-0.8366863895939253,-0.03827494044078862,0.0,0.0,0.0,-0.16457557720785343,-0.006684566768610289,-0.11882404137491855,-1.2884383684361507,-0.11773776038384784,0.0,0.0,0.0,-0.24887925571471997,-0.025296832667570202,-0.3208745634246455
2012-11-11 21:00:00,-0.8099224407896609,-0.04358506684841591,0.0,0.0,0.0,-0.1605914376443216,-0.0064973990624628475,-0.11444224375733004,-1.2393820657221195,-0.22931805128450766,0.0,0.0,0.0,-0.2407417011300522,-0.04986175646304193,-0.3364793970978545
2012-11-11 22:00:00,-0.8287445976941274,-0.07906091212191785,0.0,0.0,0.0,-0.1638348074261724,-0.01235196502406401,-0.12049811270176798,-1.2644350946055078,-0.35658140169304603,0.0,0.0,0.0,-0.24472650223146478,-0.07500895975288963,-0.36074262464978285
2012-11-11 23:00:00,-0.8302115330550388,-0.19118644146602198,0.0,0.0,0.0,-0.1652409044837451,-0.037329992217194054,-0.14183474849923056,-1.2724497909325074,-0.440270318371452,0.0,0.0,0.0,-0.24769775253513762,-0.09428812956177414,-0.37443014673932196
2012-12-07 00:00:00,,,,,,,,,,,,,,,,
2012-12-07 01:00:00,,,,,,,,,,,,,,,,
2012-12-07 02:00:00,,,,,,,,,,,,,,,,
2012-12-07 03:00:00,,,,,,,,,,,,,,,,
2012-12-07 04:00:00,,,,,,,,,,,,,,,,
2012-12-07 05:00:00,,,,,,,,,,,,,,,,
2012-12-07 06:00:00,,,,,,,,,,,,,,,,
2012-12-07 07:00:00,,,,,,,,,,,,,,,,
2012-12-07 08:00:00,,,,,,,,,,,,,,,,
2012-12-07 09:00:00,,,,,,,,,,,,,,,,
2012-12-07 10:00:00,,,,,,,,,,,,,,,,
2012-12-07 11:00:00,,,,,,,,,,,,,,,,
2012-12-07 12:00:00,,,,,,,,,,,,,,,,
2012-12-07 13:00:00,,,,,,,,,,,,,,,,
2012-12-07 14:00:00,,,,,,,,,,,,,,,,
2012-12-07 15:00:00,,,,,,,,,,,,,,,,
2012-12-07 16:00:00,,,,,,,,,,,,,,,,
2012-12-07 17:00:00,,,,,,,,,,,,,,,,
2012-12-07 18:00:00,,,,,,,,,,,,,,,,
2012-12-07 19:00:00,,,,,,,,,,,,,,,,
2012-12-07 20:00:00,,,,,,,,,,,,,,,,
2012-12-07 21:00:00,,,,,,,,,,,,,,,,
2012-12-07 22:00:00,,,,,,,,,,,,,,,,
2012-12-07 23:00:00,,,,,,,,,,,,,,,,
