,GPP_1km,RECO_1km,T2_1km,SWDOWN_1km,GPP_3km,RECO_3km,T2_3km,SWDOWN_3km,GPP_9km,RECO_9km,T2_9km,SWDOWN_9km,GPP_27km,RECO_27km,T2_27km,SWDOWN_27km,GPP_54km,RECO_54km,T2_54km,SWDOWN_54km,GPP_CAMS,RECO_CAMS,T2_CAMS,SWDOWN_CAMS
2012-01-12 00:00:00,0.0,0.3873708558380178,-1.6851179065158852,0.0,0.0,0.37074860310596586,-1.741790054928372,0.0,0.0,0.19206369664919135,-3.764122572053319,0.0,0.0,0.1762130572047432,-3.845638678390111,0.0,0.0,0.1745854383736328,-4.848488622814685,0.0,0.0,0.3829626296987993,-0.47428098552313,0.0
2012-01-12 01:00:00,0.0,0.38542865182567837,-1.6612468480621225,0.0,0.0,0.3641457517488208,-1.769674475733606,0.0,0.0,0.1824642431780112,-3.8134006881500624,0.0,0.0,0.16944923701732675,-3.8059020935891468,0.0,0.0,0.1555854213211525,-5.033690165945166,0.0,,,,
2012-01-12 02:00:00,0.0,0.3817102857300826,-1.649679979567318,0.0,0.0,0.3650388978814144,-1.7146171693915941,0.0,0.0,0.1765346372231439,-3.8101207421262058,0.0,0.0,0.1413966149873295,-4.041866408163057,0.0,0.0,0.1556287391145936,-4.852713734116638,0.0,,,,
2012-01-12 03:00:00,0.0,0.3759595994556889,-1.6523635646871309,0.0,0.0,0.36385243280463786,-1.690234924386649,0.0,0.0,0.1678144350599749,-3.9263479041140186,0.0,0.0,0.13648877920100524,-4.203609037763426,0.0,0.0,0.14337788144532046,-4.669500263659579,0.0,0.0,0.3662651415710287,-0.5546161733606025,0.0
2012-01-12 04:00:00,0.0,0.36796857871480776,-1.6916835431359256,0.0,0.0,0.3447533359975453,-1.8208611967161976,0.0,0.0,0.16859666093940157,-3.858311923402274,0.0,0.0,0.11131128358858634,-4.600569432668093,0.0,0.0,0.12916958648974744,-4.713075036683844,0.0,,,,
2012-01-12 05:00:00,0.0,0.3588491427865928,-1.7487320994829707,0.0,0.0,0.3406220522136501,-1.8306473755216779,0.0,0.0,0.15818353245286598,-4.051497273226864,0.0,0.0,0.12480427714762711,-4.372170645737317,0.0,0.0,0.12957589631892413,-4.77898613631559,0.0,,,,
2012-01-12 06:00:00,0.0,0.3508184686970726,-1.8057527214534985,0.0,0.0,0.33599880131821835,-1.8569760396898374,0.0,0.0,0.15026615918014363,-4.176405635480912,0.0,0.0,0.1267010698335537,-4.336586321481068,0.0,0.0,0.10851128332698774,-5.197293438189237,0.0,0.0,0.35366693793568144,-0.9447375330855304,0.0
2012-01-12 07:00:00,0.0006462182317652246,0.3484907570397182,-1.8258743695471424,0.6875156760215759,0.0005542629414494284,0.3349925388167764,-1.8678584668143765,0.6954107277327435,0.00018476895687619864,0.16517238693759326,-3.9631686564544815,0.7517312544473626,0.0,0.12300928974783217,-4.535460863496754,0.0,0.0006563494280849692,0.10985091612482341,-4.64318039303278,23.23651126672219,,,,
2012-01-12 08:00:00,0.0960860655618633,0.46824430979280424,-0.6330145290161101,122.35261535644531,0.08870967528923966,0.46139270856680537,-0.627332407497408,123.97433782285715,0.03397883299069133,0.3056003238488799,-1.9062883869308294,124.72459073150969,0.009950553395925802,0.17854174766390646,-3.5233898603620064,89.69528183401113,0.01204266192626891,0.1903225344504883,-3.0959612359120343,154.98933061322793,,,,
2012-01-12 09:00:00,0.22719601701666398,0.5702370870753158,0.3328661208925756,259.5404357910156,0.2274758287221163,0.5925966514604978,0.5643047188334083,261.63122872963305,0.10780110426389206,0.4399825729529231,-0.5408063815027228,262.60516422675136,0.07614790827305054,0.376368024342421,-1.10731328348997,281.8445774773932,0.04365650259217122,0.31443750140024607,-1.4905340815432617,276.88440251708414,0.8854148090310153,0.38990640196680365,0.17119760565558564,42.06699566823808
2012-01-12 10:00:00,0.32957111100398934,0.637219328048539,0.9657727016421968,359.9821472167969,0.33799685514847044,0.6614768491509615,1.2216183409287655,361.46514728868374,0.19608223343762987,0.5417804081049958,0.4143927651646075,362.68069276108116,0.15764027791610152,0.5008755962303929,0.17444336422336232,369.25679518626566,0.12654599782416964,0.4448533504193109,-0.20445773221474095,365.0126253777987,,,,
2012-01-12 11:00:00,0.3975212787508376,0.6807113203911176,1.3553938550049847,410.43280029296875,0.40803881131283837,0.7013308182671709,1.5871760646155868,411.0711506724817,0.27289146929508135,0.6067151151940194,1.0006584323815602,412.1077461053849,0.2322727032820604,0.5802153616191484,0.8890699831025237,412.05556438380887,0.20523117740281316,0.5429273184123674,0.6821190128512091,410.47572891555,,,,
2012-01-12 12:00:00,0.43427500693444865,0.708524483671686,1.5709329766762814,405.01947021484375,0.4469814240249786,0.7273106969806448,1.7970034780394384,405.11581845494766,0.3010705591612075,0.634931735791328,1.243935984851723,406.10889398834433,0.27278263804026,0.6143642273616668,1.2031733135150118,406.573158837823,0.24617534160354945,0.5856161286748497,1.106297118851081,409.2532834483445,1.833632243328104,0.5221842769829627,3.490014743580941,229.09066047648207
2012-01-12 13:00:00,0.4179577156303392,0.7136325760198025,1.565824812827847,344.4180908203125,0.4358759021938017,0.7368102039064076,1.8326755891122788,344.61420333235566,0.2887183286759026,0.6402445801013825,1.2544940969335108,344.99270223351294,0.26339677154644986,0.6153600613825796,1.183663566648982,353.17274118014876,0.2275563949548448,0.5877146009224682,1.1577785759530372,361.4533436340591,,,,
2012-01-12 14:00:00,0.31751376993181546,0.6798463341896974,1.199101757888536,234.93544006347656,0.34238024153855867,0.7144767606250525,1.5273691972080132,235.0962064752128,0.20135168766536696,0.5902590428819425,0.6655843635420065,234.5387491045935,0.1973607071104288,0.5753397608997582,0.7861076132396698,255.35659555695338,0.1661956494479946,0.5420232779877332,0.6599256080336888,271.25174840632144,,,,
2012-01-12 15:00:00,0.11684549953002057,0.5712421809035914,0.18868265486397168,92.20809173583984,0.12720231934557286,0.5918312038928129,0.4384128433626702,92.25603414315034,0.04255496605705247,0.3908055029087581,-1.1536465255313268,91.22205094920626,0.06994417751813246,0.4433612814243741,-0.47364078023831485,124.86093032893646,0.0603512587018488,0.4077247987470949,-0.6677247812262392,148.07789086930754,0.6206813862200876,0.4376999399523108,2.9563317238748748,196.3183014397242
2012-01-12 16:00:00,0.0,0.47223906951365374,-0.7655596779671524,0.0,0.0,0.47209555511426327,-0.6576954623057484,0.0,0.0,0.2500366425220282,-2.6885061424996617,0.0,0.0,0.26909616583835905,-2.5944715956688427,0.0,0.005287474801163915,0.24385315409448258,-2.3842132416533746,17.966558864285595,,,,
2012-01-12 17:00:00,0.0,0.4583128405530199,-0.9526105742351277,0.0,0.0,0.4508557793841029,-0.9000467542008518,0.0,0.0,0.22904090931425752,-2.981939968431821,0.0,0.0,0.22782350407924545,-2.9097313542797947,0.0,0.0,0.1715249086435491,-3.088387430679968,0.0,,,,
2012-01-12 18:00:00,0.0,0.44135924696731665,-1.1597484078148974,0.0,0.0,0.435661501087009,-1.0706782113674238,0.0,0.0,0.21493741331841765,-3.2326606572622465,0.0,0.0,0.21428599101487553,-3.239799251873326,0.0,0.0,0.15984915173511177,-3.238632567045502,0.0,0.0,0.346281559408776,-0.15663652463169814,7.772891632317281
2012-01-12 19:00:00,0.0,0.421683657891063,-1.4110278196310917,0.0,0.0,0.41537009455322116,-1.3243905716034412,0.0,0.0,0.20125913002164164,-3.4401991948093,0.0,0.0,0.1936214767713051,-3.5485782898943388,0.0,0.0,0.18680680724429793,-3.3139701601556237,0.0,,,,
2012-01-12 20:00:00,0.0,0.4058981185924936,-1.6392012133674432,0.0,0.0,0.3877807077685982,-1.6525983732885263,0.0,0.0,0.18749884836014338,-3.752613453478573,0.0,0.0,0.1839072467178567,-3.459482352053719,0.0,0.0,0.18664176326914791,-3.0560293061569714,0.0,,,,
2012-01-12 21:00:00,0.0,0.39056245256679073,-1.8679772848827332,0.0,0.0,0.37297033546807723,-1.8550612778578561,0.0,0.0,0.1865425680286623,-3.9159330868011395,0.0,0.0,0.19058186208666295,-3.6765960892051415,0.0,0.0,0.199161621984646,-2.8145530613428016,0.0,0.0,0.3255332017161333,-0.29163477530106635,0.0
2012-01-12 22:00:00,0.0,0.37702372363606923,-2.0993924915428543,0.0,0.0,0.3584224041296886,-2.116055200302428,0.0,0.0,0.17245544346469227,-4.170096886731062,0.0,0.0,0.17091519686467216,-3.9380691587036436,0.0,0.0,0.1948002846568683,-3.33586388918914,0.0,,,,
2012-01-12 23:00:00,0.0,0.3656543489601949,-2.3237787627189843,0.0,0.0,0.3454185426750108,-2.347705147829701,0.0,0.0,0.17810822674770513,-4.219312971768045,0.0,0.0,0.18302681686418185,-3.898609015357095,0.0,0.0,0.20107850666834898,-3.344302239939969,0.0,,,,
2012-02-22 00:00:00,0.0,0.1010779335245818,-5.377606300603279,0.0,0.0,0.1028758253066457,-5.381145118556302,0.0,0.0,0.03359642285229941,-7.344806402085231,0.0,0.0,0.029901386847768694,-7.568986272198974,0.0,0.0,0.0472403953494753,-7.527505396712619,0.0,0.0,0.2239318620378963,-4.992480578289758,0.0
2012-02-22 01:00:00,0.0,0.10578243801136823,-5.295254963227164,0.0,0.0,0.10694141206228533,-5.286907899323358,0.0,0.0,0.03541233138835427,-7.334652001031473,0.0,0.0,0.026783432807287552,-7.472452091819228,0.0,0.0,0.047580439751995544,-7.681543326623833,0.0,,,,
2012-02-22 02:00:00,0.0,0.10881379389613613,-5.2092615282504955,0.0,0.0,0.11138006854863959,-5.160825556762043,0.0,0.0,0.0409513412121566,-7.113179157079354,0.0,0.0,0.026677713445739746,-7.252622327661475,0.0,0.0,0.03687102734619859,-7.445762636404648,0.0,,,,
2012-02-22 03:00:00,0.0,0.11144798751765357,-5.1371714700223,0.0,0.0,0.11504709161343882,-5.000208974832485,0.0,0.0,0.0384915035355329,-7.016975814302532,0.0,0.0,0.02140184855758212,-6.933341794472655,0.0,0.0,0.030935299729078082,-7.0797269344115925,0.0,0.0,0.20986193520237884,-5.423495112844137,0.0
2012-02-22 04:00:00,0.0,0.11628421476636047,-5.03341555136659,0.0,0.0,0.11635759419121214,-4.930022607079892,0.0,0.0,0.038634612392025855,-6.8965171447135525,0.0,0.0,0.019222589594297575,-6.934865749756848,0.0,0.0,0.034168974150714244,-6.946452047354906,0.0,,,,
2012-02-22 05:00:00,0.0,0.11984269791546036,-4.943594907176402,0.0,0.0,0.12572318146825376,-4.757588181754346,0.0,0.0,0.04062586288812388,-6.63945453942643,0.0,0.0,0.021297495938980896,-6.796403374981481,0.0,0.0,0.03736933745681588,-6.252263868121576,0.0,,,,
2012-02-22 06:00:00,0.0,0.12865554976256793,-4.8070001455748805,0.0,0.0,0.13424365148411774,-4.612546506600787,0.0,0.0,0.04779759995400769,-6.371348223428866,0.0,0.0,0.023587855656787327,-6.399835050754456,0.0,1.661700263013072e-05,0.03947076426796994,-5.8603356458042555,10.971064615540037,0.04447930030348077,0.20499455574111936,-5.605257106450988,0.08311281958623955
2012-02-22 07:00:00,0.01968305506883986,0.2228872086714643,-3.4633911121774994,111.36605834960938,0.015656692731868024,0.2029007537142394,-3.424004017059385,111.96214023993207,0.0077562361545708,0.1335760917533998,-4.171344416502091,112.28657827457052,0.0002218308476303094,0.05878591529964454,-5.160232229471462,81.33767224394064,0.0017135666941890235,0.07491983333000853,-4.924915198240572,164.50036217551914,,,,
2012-02-22 08:00:00,0.06896179001079168,0.3376739481094467,-2.064136304320556,293.5465393066406,0.06685130199321877,0.34171000293012654,-1.8001028654784461,293.88709519024945,0.03220859650759836,0.2659688487636944,-2.3739134866681963,293.9192489905206,0.012939156664626202,0.1958436684384836,-2.8027623546971006,251.04378191847363,0.005944330213724969,0.16429345691153122,-3.326137363394412,327.37210648830796,,,,
2012-02-22 09:00:00,0.12153209320290358,0.41969604674798644,-1.157852434770811,451.11700439453125,0.13215905725940774,0.4372494210997088,-0.8653887001081084,450.9568782689749,0.10083669178824141,0.40586785577191,-0.9426841286147954,450.2963219004353,0.07922400187225749,0.40510705082217524,-0.6906121797435045,470.27408990497594,0.04593583662371427,0.32316778111857825,-1.3639504129707918,464.767237793891,0.7495653083049504,0.27332689901473595,0.11492564188650423,147.608927268031
2012-02-22 10:00:00,0.17417885806493466,0.4842583548473932,-0.5216142572059072,564.2889404296875,0.1871579104828395,0.5047045065061484,-0.2547271591610446,563.8251111139684,0.16442846198478567,0.4939058078085292,-0.051676479651905076,562.5996397695058,0.1754254319517084,0.5253131504432883,0.4526587084026703,568.8902455855819,0.12790807674157434,0.46131451284473535,-0.01345049573683057,563.8297769593041,,,,
2012-02-22 11:00:00,0.2273242737868251,0.5356076686089165,-0.050259491647245975,622.90087890625,0.24674557399416028,0.556294741867228,0.21957553611641129,622.2769948103614,0.2215161663511302,0.5485952448280175,0.4779038661070102,620.7852206000972,0.23973672562828766,0.5672215717250313,0.8965148815376387,619.9277798776908,0.2131350612673938,0.5394685081775753,0.7504305181746848,617.1912831340798,,,,
2012-02-22 12:00:00,0.2752924896214251,0.5753168799152212,0.2909891154873757,622.4866333007812,0.3019040775753858,0.5937023433967716,0.5540270388476226,621.743675711279,0.264531813453494,0.5809688937367156,0.7834921655365267,620.0909573152518,0.2863900998253399,0.5944595993570715,1.1530061776852571,619.7445232266161,0.27887766440252126,0.582176152644384,1.1408406777449034,621.2566082512828,1.836188720593652,0.392735015731905,5.27795694168348,462.5357793128736
2012-02-22 13:00:00,0.3046155984062828,0.6011323795975013,0.49295378336276,563.161376953125,0.33372952391597105,0.6169394234418608,0.7425254509408818,562.377084635426,0.2894211567034741,0.6000749859376489,0.9472021562051451,560.7948865828915,0.3079222320842183,0.6106346171511585,1.2936286244481792,568.3755106793438,0.29136725063641794,0.5947505782285429,1.2690764739811904,575.8759302120911,,,,
2012-02-22 14:00:00,0.3066951966309194,0.6136080343263769,0.5650345369304364,450.0279235839844,0.3339667264229845,0.6293973486758313,0.8192834494880604,449.29363296881087,0.2862283654088432,0.6064008587098202,0.9738734780559452,447.9120726405824,0.29214776503982554,0.610481488562741,1.2894838084697782,469.61928160302165,0.27733564301282565,0.5954820346378361,1.287550624408317,484.3190896047762,,,,
2012-02-22 15:00:00,0.24310393116229903,0.5902682357038757,0.3011507093507353,293.6467590332031,0.2829939511124379,0.6246068938981393,0.7144607580997299,293.0915435798409,0.23348013622994074,0.5947851785677236,0.7887163536131084,291.98679114755777,0.2431000159878991,0.5976805607953785,1.1418006353195183,331.3400170827403,0.2293511253898213,0.5833710166586817,1.188377468659222,353.4752588088404,1.1715885958514376,0.3477971184084102,5.711228315275701,407.2221603331557
2012-02-22 16:00:00,0.08128403542411476,0.46546583480282955,-0.8736091514673793,112.88671875,0.09752051766335837,0.49570267447863775,-0.5114035733517561,112.60967158385245,0.04793332012078479,0.39224305971584894,-1.2270742421312208,111.78669728695,0.061597706764612556,0.46655636651233334,-0.16335614873247156,82.56519244645268,0.09424462524110486,0.4853971415421993,0.22321886118035164,194.93416831080603,,,,
2012-02-22 17:00:00,0.0,0.34764380696036706,-2.042178235985413,0.0,0.0,0.34858388665113554,-1.9089184355424964,0.0,0.0,0.23446565708876974,-2.9825127981814425,0.0,0.0,0.22647400374126733,-3.281270565135278,0.0,0.0,0.26008688451942086,-2.0906076779755263,0.0,,,,
2012-02-22 18:00:00,0.0,0.34100806575434456,-2.128319725413065,0.0,0.0,0.336664562861636,-2.0136848759439934,0.0,0.0,0.20221172376530808,-3.4446693616404116,0.0,0.0,0.2393339352485954,-3.556538360676842,0.0,0.0,0.2013404558857814,-3.4650789200870067,0.0,0.0,0.22457110145579856,1.0163627117900356,63.803701664390196
2012-02-22 19:00:00,0.0,0.33861504399973463,-2.1682104666480195,0.0,0.0,0.33461969577150347,-2.043548336731076,0.0,0.0,0.18866497465921275,-3.7384029901938876,0.0,0.0,0.21087740572347885,-3.679779707193565,0.0,0.0,0.1771338116709892,-4.049907987322213,0.0,,,,
2012-02-22 20:00:00,0.0,0.33791838126342966,-2.1864486608436935,0.0,0.0,0.33288014578838554,-2.056369420970068,0.0,0.0,0.1728328918172995,-3.923797681170462,0.0,0.0,0.1940480043247662,-3.8111629430273384,0.0,0.0,0.17793794193024415,-3.9735955696915988,0.0,,,,
2012-02-22 21:00:00,0.0,0.33714508876270227,-2.193128132051546,0.0,0.0,0.3315100619020948,-2.0594835452124496,0.0,0.0,0.172431288498949,-3.9496656453146337,0.0,0.0,0.18671776271761217,-4.071630291652241,0.0,0.0,0.16959991058487012,-4.095058738541592,0.0,0.0,0.21638372239130887,-2.7655605800468437,0.0
2012-02-22 22:00:00,0.0,0.33719290014739317,-2.1969588165662075,0.0,0.0,0.3299646035093029,-2.0732421834537953,0.0,0.0,0.16828488099222055,-3.9644368105189858,0.0,0.0,0.18268360406020637,-4.103174457841281,0.0,0.0,0.16465977684320424,-4.232334059839821,0.0,,,,
2012-02-22 23:00:00,0.0,0.3363249361129665,-2.2119222040719326,0.0,0.0,0.33074528503918704,-2.0968656822116376,0.0,0.0,0.16607588494908776,-3.9990420532468858,0.0,0.0,0.17802653572504826,-4.010009434047271,0.0,0.0,0.1573734069578737,-4.458575387218021,0.0,,,,
2012-03-27 00:00:00,0.0,0.7427991554788604,0.9317046897435644,0.0,0.0,0.6520665274388878,0.40715197005378106,0.0,0.0,0.44089803055354865,-1.293959174465944,0.0,0.0,0.4170111382408281,-1.4395642655862293,0.0,0.0,0.44673702705295365,-1.1514860265753346,0.0,0.0,0.7474923855768566,5.105319283620528,0.0
2012-03-27 01:00:00,0.0,0.7137540492954124,0.7159395511283227,0.0,0.0,0.6249262055675502,0.20524936715559827,0.0,0.0,0.4146510380397829,-1.4766974192435227,0.0,0.0,0.4125785571400437,-1.4845866749062038,0.0,0.0,0.429381692017637,-1.4266422277061173,0.0,,,,
2012-03-27 02:00:00,0.0,0.6852060254802308,0.4970598223884667,0.0,0.0,0.600341088299837,0.02814838786303501,0.0,0.0,0.3973688170386934,-1.6391124700097928,0.0,0.0,0.39972165711315605,-1.5153297356733273,0.0,0.0,0.411817052147906,-1.7623702114433162,0.0,,,,
2012-03-27 03:00:00,0.0,0.660105285310328,0.30221949401967163,0.0,0.0,0.5800955791355538,-0.1608364456683656,0.0,0.0,0.37504471855890115,-1.850926275907333,0.0,0.0,0.37670835729381563,-1.8892124041109426,0.0,0.0,0.3812722642886805,-2.135126150277394,0.0,0.0,0.6425896356509583,2.724149155812657,0.0
2012-03-27 04:00:00,0.0,0.6337323560846536,0.10108551141524193,0.0,0.0,0.5563962710903564,-0.3574309190001491,0.0,0.0,0.3545411453061328,-2.103636389529785,0.0,0.0,0.3545178253295547,-1.951283136664026,0.0,0.0,0.34977811169058354,-2.5780156176615368,0.0,,,,
2012-03-27 05:00:00,0.0,0.609607490316704,-0.08500594596093915,0.0,0.0,0.5362913349491398,-0.5045677787717391,0.0,0.0,0.3415501310730481,-2.268568304360477,0.0,0.0,0.34055553596806737,-2.249155368369375,0.0,0.0,0.3346100921098685,-2.787179508956843,0.0,,,,
2012-03-27 06:00:00,0.33194172150508905,0.7096965361766563,0.8953125071022675,126.12055969238281,0.284668415542619,0.6519895827185994,0.5700600236390967,126.86245647065338,0.1518809129189908,0.4767071005111504,-0.6008814733640536,127.19824246759116,0.11747938217487988,0.4139196935071982,-1.2519061574618733,107.34830550167003,0.18357489632001017,0.4059746584800344,-1.4094869242933163,195.40088515122645,0.9307997305357251,0.6106670114449485,2.6185739228009925,14.091102551314254
2012-03-27 07:00:00,0.7336427046422492,0.8054661193920436,1.8605668513112337,325.4983825683594,0.6509825443769097,0.7620728994621694,1.7351260623038471,326.4214993345603,0.40799786198957866,0.61932936368412,0.8301920038536752,327.3714215729834,0.33409467197970755,0.5689870478646859,0.6206280361358408,293.50253227806775,0.3812106673230629,0.5216715154966725,0.11136687660707602,381.2013021063615,,,,
2012-03-27 08:00:00,1.0029971385454524,0.861356934328337,2.4043879004407085,512.9053955078125,0.9028452355118258,0.8193648775946452,2.2749394534456266,513.7495058302778,0.646440280845233,0.7133166249212585,1.7205652391014905,515.3203226934868,0.5482021905170626,0.6834302370690559,1.7459627658527148,473.00795226072734,0.6351453326919099,0.6745070165983084,1.8027974560124729,548.1345926274739,,,,
2012-03-27 09:00:00,1.181887157061177,0.8971686844275351,2.7409053774297427,666.81787109375,1.0940402571180925,0.8646524830278658,2.6850074903746766,667.5488939398208,0.8336222121999517,0.7734219378509591,2.2748516459047825,669.3574153757667,0.7848852341185828,0.7569369998308312,2.4050460276337327,690.0511722920046,0.809742870235469,0.7411400825797617,2.4413138674472616,682.8914522080435,4.942289179458049,1.1410377298646528,10.364745601984774,353.2178997561586
2012-03-27 10:00:00,1.319682404042055,0.9293922650446138,3.027109740247358,773.4830322265625,1.2355331588037877,0.9000173505967777,2.992351257056033,774.1915287261704,0.9753373283197305,0.8152645992014786,2.630853602300702,775.9699723884754,0.9316723497879054,0.7998833900031098,2.751927827477836,783.3252533052582,0.9676130013089531,0.7886599417498363,2.8431089647524685,777.001133690304,,,,
2012-03-27 11:00:00,1.4220872890229006,0.958644417445173,3.2837317878864214,824.4512329101562,1.341503148790911,0.9309326295184261,3.257055195876012,825.1483520117096,1.069675853156469,0.8447833283400249,2.8720008634027723,826.8048982204627,1.0052833024453902,0.823365662968248,2.9288998242823903,827.208509167007,1.0363316584932583,0.8082493104809366,2.9940327347137723,822.8889586756943,,,,
2012-03-27 12:00:00,1.4843043077949398,0.9839587806293661,3.5018672008906333,815.8665161132812,1.404477598393892,0.9570468049342937,3.4767645628189534,816.6051324556797,1.1206472064851385,0.8657197578252619,3.0452184346823894,817.9411220077691,1.0405412147006796,0.8392873277583612,3.0440505308350128,819.2769955469614,1.0561112929554832,0.8196174737918274,3.0715397298316147,819.9124076044973,6.5135673567771235,1.4737157764338842,13.87857813772321,697.1883096719587
2012-03-27 13:00:00,1.4986120038500148,1.0025959668155602,3.658523396506633,748.6309814453125,1.4200380719912238,0.9754425216470007,3.627407370303161,748.9826532201213,1.1233776644892823,0.8783656265034311,3.142982640188574,750.1954611614879,1.0317921810270425,0.8473388568693098,3.0992574738180356,759.2821492439869,1.0428842095148243,0.8258959833688891,3.104370329374455,767.687697519814,,,,
2012-03-27 14:00:00,1.448936768410585,1.013287475981896,3.7376474625652802,628.1539306640625,1.365115176525092,0.9821046417805281,3.6782111776789614,628.3114739909701,1.0643602408529609,0.8773665813117792,3.1288409343536165,629.1233463361687,0.9800314510641517,0.8484017165815992,3.097741944608642,653.2771437463549,0.9964338542483171,0.8299682449350466,3.1191634597922144,669.1830944638785,,,,
2012-03-27 15:00:00,1.3100052681140772,1.0141698818110567,3.70895024497065,464.31121826171875,1.2230252959798522,0.9772819945620632,3.6171174833983315,464.44604164582074,0.9396674077900182,0.8653874553076825,3.0079912198917995,464.4561665529716,0.8570655329234379,0.8316384974167926,2.9619034044082664,506.8306498651919,0.9049065902504628,0.8262035126482522,3.096563323790418,530.7803270964861,5.2163424557499045,1.4588002087965464,14.432842673676609,580.1431099287634
2012-03-27 16:00:00,0.9982199908910792,0.9905646367698935,3.4056312194166045,272.40557861328125,0.9509577649648003,0.962277219127185,3.396062666911994,272.41731890203687,0.6877150865246768,0.8288592937018708,2.627319033561353,272.0870554665901,0.5264335237797281,0.7715073880843533,2.390285844067002,239.17794688256447,0.744522858635426,0.8090478399149533,2.948258986740366,363.2285627875062,,,,
2012-03-27 17:00:00,0.35473834670718396,0.8894497945285623,2.420564044235352,77.67418670654297,0.34090793431319444,0.8641723156751222,2.382426834432798,77.72876516659845,0.2085243044611605,0.678868390951675,1.0604750040081081,77.14506983227938,0.13769027140324536,0.6127527725845378,0.8244846654064625,59.99457356503454,0.04846357678020528,0.6661279685975532,1.5047201509709254,18.045481406730215,,,,
2012-03-27 18:00:00,0.0,0.7943263141511404,1.5633858477345586,0.0,0.0,0.756299103068708,1.4241232372293782,0.0,0.0,0.5275430748584483,-0.4209913280564204,0.0,0.0,0.4980375116963702,-0.42001060771150306,0.0,0.0,0.5456215416342494,0.4112308256707009,0.0,0.0009610349835166032,1.0753614755529166,10.635256688017565,147.83179176566534
2012-03-27 19:00:00,0.0,0.7756682830736646,1.4015614954162876,0.0,0.0,0.7289269925784418,1.214896562817959,0.0,0.0,0.49782349042858365,-0.7051772123816495,0.0,0.0,0.45454627910013795,-0.8151205565182966,0.0,0.0,0.5232240983964717,0.002587298700086272,0.0,,,,
2012-03-27 20:00:00,0.0,0.7622065472591946,1.2802367751364716,0.0,0.0,0.7137130567406786,1.081995392031756,0.0,0.0,0.48013913194643476,-0.8934074149539379,0.0,0.0,0.4425277196133309,-0.9357495455419788,0.0,0.0,0.5069380835860234,-0.22747934089968977,0.0,,,,
2012-03-27 21:00:00,0.0,0.749106017750879,1.1791479056071503,0.0,0.0,0.6989165227236652,0.9739766196275454,0.0,0.0,0.4787115804017429,-0.8618292992894202,0.0,0.0,0.45444975711930424,-0.7480810898609076,0.0,0.0,0.4892904915897751,-0.28404350796829836,0.0,0.0,0.8836188139808745,7.672793361527814,0.0012124326931563522
2012-03-27 22:00:00,0.0,0.7414234456895651,1.1287181500215766,0.0,0.0,0.6930136654842903,0.9315928791529844,0.0,0.0,0.4857547619784964,-0.7541836767324949,0.0,0.0,0.4457225010443279,-0.8936718156572161,0.0,0.0,0.4772913086447124,-0.41144154289946216,0.0,,,,
2012-03-27 23:00:00,0.0,0.7304847632344647,1.0575182730009767,0.0,0.0,0.684182452168927,0.8872368487308667,0.0,0.0,0.4891486589083819,-0.6947578734765696,0.0,0.0,0.46142870411157266,-0.6553386863054125,0.0,0.0,0.4730362878567612,-0.5745238337880704,0.0,,,,
2012-04-27 00:00:00,0.0,1.053735259748283,4.156855719843169,0.0,0.0,0.9832153101728023,3.771851525603161,0.0,0.0,0.806407027637234,2.561848697500225,0.0,0.0,0.7851774188619052,2.4689124496830783,0.0,0.0,0.8034220475484422,3.004868040247294,0.0,0.0,1.0972366611821243,8.054637910561551,0.0
2012-04-27 01:00:00,0.0,1.0416184361108156,4.123330818524446,0.0,0.0,0.9752661899544268,3.762503942255213,0.0,0.0,0.7976896966913216,2.513115396008669,0.0,0.0,0.7869515827299657,2.482426719789376,0.0,0.0,0.792010171267515,2.9242710753755508,0.0,,,,
2012-04-27 02:00:00,0.0,1.0324343572143768,4.123479962306221,0.0,0.0,0.974009455811319,3.800473281610237,0.0,0.0,0.7777238156874726,2.3871830240663576,0.0,0.0,0.7833174797643903,2.4920469581493427,0.0,0.0,0.8423017173351585,3.2051039973554265,0.0,,,,
2012-04-27 03:00:00,0.0,1.0319939842168433,4.19331430127519,0.0,0.0,0.9761183676837215,3.909411895698159,0.0,0.0,0.7850255430903911,2.5003364491562077,0.0,0.0,0.7734340543828206,2.3867556804823513,0.0,0.0,0.8441145966074632,3.2491916927566646,0.0,0.0,0.979510313666062,6.5784028710074,0.0
2012-04-27 04:00:00,0.0,1.040072432978281,4.3426490422580875,0.0,0.0,0.9902771941870542,4.080231700496317,0.0,0.0,0.7828898799803952,2.5449299562278935,0.0,6.569155235505617e-07,0.7699914811765083,2.457495022775263,1.3811126612335862e-05,0.0,0.8100703667215888,2.950232476736046,0.0,,,,
2012-04-27 05:00:00,1.2079438162211835,1.126559451339366,5.207740988456825,98.53446960449219,1.1457207234830544,1.0822302384301927,4.9597629961104825,98.54513146623952,0.8421181268361575,0.8906688609438221,3.5834247164664492,100.05348479374484,0.811469781381114,0.8701850514061192,3.3608798495515306,96.0338246054361,0.33029177060437515,0.8321720343110426,3.143775091290558,33.75600078019048,,,,
2012-04-27 06:00:00,2.517683659705513,1.2048241987493462,6.01513637429115,278.5110168457031,2.4106067336480606,1.1622933192381664,5.776199980964443,278.1221655257429,1.8805613440255542,0.9957589846821475,4.550216767487272,279.7264442861207,1.8396410976021833,0.9913262658308688,4.465693544809725,264.01157754319513,2.259503230766826,0.9801039615042673,4.473286284034151,368.3680047171387,4.11258007547233,1.2142807701795895,8.441665492288594,59.74666496423969
2012-04-27 07:00:00,3.4249833408706647,1.2755549088558746,6.60227749987656,469.3625183105469,3.3376942156708918,1.242374336699285,6.380887956178566,468.9414394816235,2.7067357907888745,1.088594155847856,5.27773395283854,469.4053599617419,2.693804683156414,1.0867619862651625,5.205620591686552,442.2206593349146,3.1112664197578495,1.090487423302211,5.38532843337442,543.5965613917917,,,,
2012-04-27 08:00:00,4.096493789835589,1.3464567378059786,7.17317958121205,646.2218627929688,4.005683113185481,1.3158265533211009,6.948565967382146,645.459714943127,3.365400443698488,1.1720895415249164,5.947050366653201,646.31338322196,3.385206050722039,1.1800258450630317,5.950078125730172,612.270108822966,3.7555067943814935,1.1756667174474662,6.100003184294878,700.9247242055635,,,,
2012-04-27 09:00:00,4.627877652853139,1.419921513867918,7.746920716286059,789.0610961914062,4.5309227129749985,1.3883351199133427,7.515344464654119,788.8278390165219,3.830920893870245,1.2366143954706252,6.441800544621856,790.7328602070963,4.012185806376127,1.2604751068718265,6.588779057290195,817.3011172894251,4.3223522376403265,1.267109475099204,6.864695092987303,824.9036385094222,9.844750167772592,1.9769670225316285,15.027707796024279,460.40623478165793
2012-04-27 10:00:00,5.035792729978513,1.4891186469888573,8.275830144156705,886.7685546875,4.941863195938713,1.4572963978999713,8.039277643061135,886.7422882941269,4.205696941312894,1.3001980544851846,6.930027818531339,890.1005846372984,4.399585803359023,1.3353036307474355,7.181136987842017,903.1722533338224,4.6754029027409025,1.3287470053319659,7.389845230840165,908.1701818180346,,,,
2012-04-27 11:00:00,5.346215014158682,1.5572838346783549,8.792692299055943,930.2437133789062,5.221912962420156,1.5192474886011615,8.512037847230932,930.0968436887956,4.434025539184621,1.3503379126671415,7.314940004107358,932.6176808774984,4.7123057739263405,1.4082385527855363,7.771018753426344,941.3006971364825,4.974471023386735,1.397675957014262,7.939390793636054,945.7050638950465,,,,
2012-04-27 12:00:00,5.5387611438284745,1.6174093919860666,9.250820362638034,916.4500122070312,5.405944420735387,1.5765542883034702,8.945384874946312,916.5792329959896,4.5856178453998195,1.396910378433243,7.676521329052019,919.2234854826103,4.913854152336744,1.4730437872730897,8.286896801852759,928.1920709742918,5.132180573855307,1.4504448291994012,8.34975635944987,935.1440886917649,11.72175343644553,2.415965468644152,18.615495185474327,745.7371473610792
2012-04-27 13:00:00,5.58403999733714,1.6631594438190482,9.586080121329706,846.0885009765625,5.432970324322257,1.618171770571855,9.265394905176064,846.6786930905579,4.631319612107357,1.4371158747532211,7.9912538753432205,849.0340593579107,4.957585000308255,1.5186986461927774,8.647515370096023,866.7095100254851,5.064371974467493,1.4683326738048599,8.480777045652337,877.5895050152334,,,,
2012-04-27 14:00:00,5.457889196713676,1.6946812947079866,9.81197143712091,725.4810180664062,5.282719739440321,1.6428169785595261,9.443527431360828,726.1343519502532,4.501428928347264,1.4555794870812506,8.138307507967363,728.9488873857871,4.868290417613397,1.5498712803515171,8.903731559953691,760.6717986100363,4.873112718501926,1.4785047052507934,8.56559805014937,776.401951763337,,,,
2012-04-27 15:00:00,5.097582706596929,1.7091058767966412,9.926168889657799,566.0795288085938,4.89902233112164,1.6454938310184888,9.471268840814226,566.4773020836134,4.15521331544061,1.451163065194605,8.109498676451736,569.4126610151035,4.5492497740738616,1.5480071479067983,8.890877048933461,617.9914756430546,4.604121695803096,1.4836702354911109,8.598869456716457,640.9341451295244,9.085482648364772,2.43240220025089,19.64884033826118,616.3315472935122
2012-04-27 16:00:00,4.394679885550858,1.7058969583581451,9.921645860083867,382.974365234375,4.178807565644665,1.627012648233437,9.366381216857613,383.28294352384677,3.4992133303417647,1.420939450085387,7.883987117502061,383.8608008426883,3.5748478714885223,1.5044118491636245,8.562509883881265,358.79006783319403,4.1124601634404385,1.473979897849985,8.526099533972197,477.9281252914248,,,,
2012-04-27 17:00:00,3.0576416680141456,1.6917275016940059,9.833792182113067,191.5433807373047,2.9035489668109014,1.60680259763466,9.332528208986998,191.65044834893524,2.377265361227045,1.3748485657557503,7.6735170962926675,191.80362539955402,2.311930391080989,1.425727136211964,7.998163032269978,176.08051003997397,1.8706370825191456,1.422055918258104,8.125670750508228,124.61199037133984,,,,
2012-04-27 18:00:00,0.5400236032809776,1.6191109249281626,9.111399136026916,23.641462326049805,0.5117382399827599,1.529360704097785,8.577021110027136,23.640671257627847,0.39712052367351564,1.2679918356260313,6.765694215275823,23.293938162360263,0.32638709129113097,1.2760696489709056,6.794273848718951,20.049943342448724,0.017000380174613163,1.2780640766543803,6.981940128660061,0.8164163915344509,0.5607366646935453,1.887820711642288,15.518667135346645,198.10026783492464
2012-04-27 19:00:00,0.0,1.5789764407933653,8.745051665068724,0.0,0.0,1.4860727297822862,8.206749371150064,0.0,0.0,1.2190668836540088,6.37260062136809,0.0,0.0,1.2018475221682214,6.183364527074979,0.0,0.0,1.2322196891076704,6.637023011813781,0.0,,,,
2012-04-27 20:00:00,0.0,1.5672903937486304,8.636625501460736,0.0,0.0,1.4634954190498937,8.033896771216044,0.0,0.0,1.2027255734855002,6.245958954708722,0.0,0.0,1.1721907175109876,5.978644582087132,0.0,0.0,1.2235493321668875,6.657556984131649,0.0,,,,
2012-04-27 21:00:00,0.0,1.5580582568415908,8.551998605088432,0.0,0.0,1.453145278219565,7.9566414979614875,0.0,0.0,1.1920219286001583,6.1827186445395474,0.0,0.0,1.1539371622206942,5.757355866394156,0.0,0.0,1.207335298479706,6.513596305187966,0.0,0.0,1.497242855306077,11.253219491510754,1.1818368805671267
2012-04-27 22:00:00,0.0,1.5496728238313173,8.467453634549617,0.0,0.0,1.4430310992545283,7.8617724812858505,0.0,0.0,1.1797476776967806,6.090015988401414,0.0,0.0,1.1463680452930325,5.723405902788806,0.0,0.0,1.245829011344773,6.865581877112332,0.0,,,,
2012-04-27 23:00:00,0.0,1.5439644903518133,8.423460321432115,0.0,0.0,1.4419738510509115,7.85945588148794,0.0,0.0,1.1650950821084265,5.971254539327124,0.0,0.0,1.1300068977399802,5.577451321923525,0.0,0.0,1.1988287807904265,6.371352140411962,0.0,,,,
2012-05-26 00:00:00,0.0,1.4039912943010782,6.643845691999453,0.0,0.0,1.3296779067518427,6.247860418335983,0.0,0.0,1.2039933837216221,5.600709144832473,0.0,0.0,1.1782254646905899,5.661889496221665,0.0,0.0,1.1705014265157172,5.811522937133216,0.0,0.0,1.8442011048271967,12.317042228650854,0.0
2012-05-26 01:00:00,0.0,1.3712873211851417,6.387542248183139,0.0,0.0,1.2950657606269604,5.981196282654145,0.0,0.0,1.1757682739908628,5.3700527293706335,0.0,0.0,1.135309574097618,5.32346345667878,0.0,0.0,1.1455004008423069,5.601827449263421,0.0,,,,
2012-05-26 02:00:00,0.0,1.3391757761921639,6.1507284755222935,0.0,0.0,1.2631121855229765,5.741429121312007,0.0,0.0,1.1522121159815821,5.191901647520436,0.0,0.0,1.119088932488354,5.243195416124144,0.0,0.0,1.139194797042067,5.62147469864,0.0,,,,
2012-05-26 03:00:00,0.0,1.3096813305384158,5.915755513058049,0.0,0.0,1.2306327776103165,5.491605051163464,0.0,0.0,1.1308629430706363,5.024035323936635,0.0,0.0,1.1011274929476174,5.154106614164761,0.0,0.0,1.1149716396658669,5.452085702245423,0.0,0.19185255326043607,1.6304297485989054,10.174348406673648,0.0
2012-05-26 04:00:00,1.0936770151595963,1.314716076362556,5.979100081777958,38.53656005859375,1.0143194352584974,1.2419417815634648,5.590069005407465,38.462113171542995,0.7268152217569152,1.1529508772033732,5.237069913021178,33.181062552917254,0.8588189691840105,1.1400840426387506,5.5646203821880675,34.545589173127986,0.07149561203446939,1.0846956236712957,5.189731403190403,3.2818779582653703,,,,
2012-05-26 05:00:00,4.081160743114652,1.4184360333998887,6.857324410702586,187.44287109375,3.9743269132253345,1.382945890601703,6.7807399988479276,187.18552014678113,3.2024105434535417,1.3016541499312897,6.497118501680962,163.21134196609765,3.1541868285840224,1.2732650290838918,6.66878641458542,147.39413797086073,2.0538518472379894,1.188626137617169,6.079269477252575,85.99420260825379,,,,
2012-05-26 06:00:00,6.255827591101733,1.5093355836604672,7.61014066527551,358.7218933105469,6.181500361727351,1.4800037019686576,7.595132168822361,361.68662338938714,5.369585046710889,1.4286012818707963,7.573698253828208,321.8181686236574,5.180939984014711,1.4063990247181655,7.755110500528125,284.37050977484694,5.389470011017304,1.3702187367990384,7.615969107388471,335.0347199146437,6.4345458409017935,1.9392419363224156,12.568508541395612,106.07428303961406
2012-05-26 07:00:00,7.854568599300486,1.5989949906819894,8.313566422788657,531.8812255859375,7.799422378525571,1.5723862673307463,8.324654937884658,535.8279865673403,6.979455246267499,1.5229846797124458,8.35017087486006,482.2254497740256,6.48092755268991,1.4889408566265598,8.441619109567922,425.31200230302204,6.834624721449237,1.4755354688921924,8.537562501465414,481.8169993728216,,,,
2012-05-26 08:00:00,9.091765249041204,1.690378308517348,9.024603698290921,690.9103393554688,9.002351887383487,1.664102654166591,9.043987657277558,689.661754599568,8.16435584902466,1.6041734696348893,9.010793954082972,624.0560464983444,7.538753289484957,1.5455047476320518,8.913022648202219,556.9913127366249,7.828756736816461,1.53684415402035,9.100397469902216,610.0713996262461,,,,
2012-05-26 09:00:00,9.901495453029552,1.7777287789490273,9.712448862589723,809.9386596679688,9.72852588366673,1.7477342438618704,9.715553896773356,800.1305969397522,8.967031977294193,1.6787111837626463,9.627377667457651,733.3025214581547,8.023004315688379,1.5941522690506302,9.322173913402535,683.5206664049066,8.27110827048046,1.582424025701027,9.477164318636625,682.9764646713375,11.27972812851236,2.5627828181817014,16.674553314685483,541.8224780175483
2012-05-26 10:00:00,10.421380636580459,1.8511966368325827,10.308579463546666,883.2646484375,10.148725929406595,1.812804040675998,10.264130805935121,866.5221787954113,9.446699776637342,1.7377821989039213,10.141359981745154,811.5526225842427,8.209183488715178,1.6236718126314755,9.591123530675892,729.3863740913017,8.703145438606919,1.6251418089579595,9.894776248897672,755.7469780487775,,,,
2012-05-26 11:00:00,10.680732711933144,1.9071580357690476,10.780332759575632,909.0657348632812,10.442084410288736,1.8617356379561905,10.680662567111174,895.438459273003,9.604604707651747,1.7758451588925017,10.490055125676328,835.8866068192666,8.438911655177659,1.6570707633881183,9.908897149072814,733.7472178457181,9.128003532690476,1.6607267067630174,10.236849088582703,782.048110081238,,,,
2012-05-26 12:00:00,10.758308055285598,1.9463980706598112,11.127475580140556,890.9929809570312,10.52503105937868,1.9000550574877593,11.022560699350384,878.0077537298425,9.738451301583579,1.8077903732668001,10.790592050765007,828.9522230351889,8.757662740490481,1.687383079743925,10.206916484429264,749.7366776620102,9.044690191439809,1.6889889819076376,10.47985299310399,763.3868323545728,12.597995443667795,2.9080468480965513,19.02153928770734,771.3148763933189
2012-05-26 13:00:00,10.7504405525967,1.9701104786472263,11.337284903909186,835.3778076171875,10.532950767588181,1.9202162880684923,11.199419968616377,823.059604664596,9.755587914968688,1.8227084146736376,10.945060766123788,785.199808780674,8.940398605926019,1.7208785803839275,10.525125996172909,730.2202487766926,8.79365928119829,1.6907234908619113,10.533769067777289,715.7936371062854,,,,
2012-05-26 14:00:00,10.394899632410256,1.975229405376739,11.389834833131669,731.0941162109375,10.146882167610944,1.9255824239533956,11.243135646139052,716.7415112596989,9.387090848195985,1.820144516507476,10.959575074296607,691.9933433013416,8.44132224659465,1.7306274418671797,10.629677412056264,633.2950605981376,8.581928127418681,1.7087337364154787,10.692461927481233,643.50126421281,,,,
2012-05-26 15:00:00,9.646629704134627,1.9581912359813827,11.262924205949092,588.9837646484375,9.416428421097603,1.905600937535514,11.0877013608454,579.73556615282,8.55272377246318,1.7948058867983976,10.746475254602684,546.3522695921533,7.547015015684005,1.7047373151875107,10.42584856017037,510.7043968382372,8.175151890790556,1.7081218712759982,10.717053289544564,564.0607390418255,10.12166346127405,2.845283577095551,19.175989590302727,605.8168451045218
2012-05-26 16:00:00,8.299390252444168,1.9090922640132992,10.878263149506838,421.1253967285156,8.094700726248398,1.8576153015168797,10.690979831319076,411.9374053879997,7.254565720999236,1.7465195023096158,10.347447449170298,389.0174713002039,6.349545371911261,1.6697436618093915,10.116235984096921,343.75019232911933,7.233088825387453,1.6871732767730279,10.550376119683364,430.78222400657677,,,,
2012-05-26 17:00:00,6.215050565989934,1.8231066509198128,10.185178712480823,250.1817169189453,6.0568150331175845,1.7761732634124985,10.023777907894543,244.575969147004,5.213799271678583,1.6713679655836005,9.702196407529282,222.5971360308999,4.588002518418133,1.613085633324557,9.621490203435378,201.05940737529068,4.418443692595526,1.625839894852099,10.00482918427922,179.95451982531588,,,,
2012-05-26 18:00:00,3.054054902857691,1.6908883166486945,9.111467595908277,92.19347381591797,2.953036630179051,1.6431341942716229,8.937044119310046,90.38489410585431,2.4019350027230466,1.5522630859276556,8.660394023059116,78.47296582899415,2.3059498321233693,1.5089224587612298,8.686782113816477,80.61368746866867,1.5848881587812162,1.484150398753491,8.685056344013297,52.54479765040611,2.8808502698772847,2.434484080064783,16.888768905635146,252.4015365679226
2012-05-26 19:00:00,0.0001245271406082115,1.5515365509268664,7.95625365506474,0.0018298455979675055,0.00012613259493346422,1.4859670389858208,7.607166353069814,0.0018777160468774873,8.682031914668033e-05,1.3902357469243847,7.237989184390524,0.0012654308957843537,0.0027133519839838355,1.3323266193320906,7.049148026646822,0.053384035597165376,0.0,1.3263335975253974,7.33434248943189,0.0,,,,
2012-05-26 20:00:00,0.0,1.5016235667261189,7.52229383089344,0.0,0.0,1.4314467927678762,7.13304127298903,0.0,0.0,1.3244644981107274,6.636028014625766,0.0,0.0,1.2638712657532756,6.399451477168175,0.0,0.0,1.266742826435791,6.777709557925269,0.0,,,,
2012-05-26 21:00:00,0.0,1.4603468685090155,7.171552420935684,0.0,0.0,1.3845092568703967,6.723640907551046,0.0,0.0,1.2628619325759096,6.1028238874463705,0.0,0.0,1.2021055573151536,5.838777171783314,0.0,0.0,1.1752259542391323,5.941763170198593,0.0,0.0,1.9199538956240707,13.167248420708697,10.61263648251564
2012-05-26 22:00:00,0.0,1.4219464511417903,6.8610212351783675,0.0,0.0,1.3403222964679984,6.353920914992149,0.0,0.0,1.2164407233159888,5.674878521057824,0.0,0.0,1.1623085033572154,5.505871004739767,0.0,0.0,1.1250040617289,5.504105813619055,0.0,,,,
2012-05-26 23:00:00,0.0,1.3869250659525227,6.573965121735724,0.0,0.0,1.3073715932490622,6.079295692711313,0.0,0.0,1.1724410805349055,5.308790553136139,0.0,0.0,1.1290610089001,5.252263511595581,0.0,0.0,1.0918078281276826,5.230110489464889,0.0,,,,
2012-06-28 00:00:00,0.0,2.009213873448209,12.247960976804231,0.0,0.0,1.939572897930887,11.877076328115313,0.0,0.0,1.8291485642981242,11.369290852876182,0.0,0.0,1.7885777887843872,11.305207470344037,0.0,0.0,1.7801347986481766,11.464107456726012,0.0,0.0,2.392938399801552,16.537463911363933,0.0
2012-06-28 01:00:00,0.0,1.984884669265995,12.051663762078908,0.0,0.0,1.9175013381277053,11.707212771085453,0.0,0.0,1.7953087523773825,11.083089208069989,0.0,0.0,1.7716871241286498,11.153224955122944,0.0,0.0,1.7640979655557336,11.304241868855383,0.0,,,,
2012-06-28 02:00:00,0.0,1.9643420050361498,11.903649205555974,0.0,0.0,1.8975965779556327,11.5617928547504,0.0,0.0,1.7745166734812556,10.905321167244265,0.0,0.0,1.7442669055828313,10.913683763636746,0.0,0.0,1.73773570077214,11.024754528733899,0.0,,,,
2012-06-28 03:00:00,0.0,1.9486792781046742,11.797496747402246,0.0,0.0,1.8809867753726544,11.4540718077029,0.0,0.0,1.7580141948442518,10.764527877411435,0.0,0.0,1.7269962365353895,10.752394145972819,0.0,0.0,1.7205432430330787,10.85188173627278,0.0,0.28382329186459837,2.2195534627095816,14.938602801537698,1.5296189430777315e-06
2012-06-28 04:00:00,2.4780369678424137,1.9839365170129777,12.11885015048162,46.25107955932617,2.4527652431499942,1.9251612289662283,11.832791028014519,46.22979859230182,2.2278499967333283,1.81252181374232,11.229830496920947,43.572155149088346,2.3999912910363483,1.7729806417517544,11.158983197612525,48.1746812550415,0.4166368103813518,1.7224513292303858,10.87136854690247,7.566289991407942,,,,
2012-06-28 05:00:00,7.559634532514628,2.1195248444511194,13.301182175654402,197.36520385742188,7.607001764985557,2.104134797364294,13.387867397261015,196.9824558698553,7.162010255871218,2.0169838290088653,12.980888262922038,189.48310214607102,7.077461963864385,1.9664428953010367,12.855428565652591,186.00394893414435,5.138093075352294,1.8867795275593495,12.32886870205596,119.5104926782264,,,,
2012-06-28 06:00:00,10.811658480620869,2.2426446154384116,14.375694664422102,375.5841064453125,10.918114441655346,2.2385796891934895,14.566399377348903,376.6570662482048,10.694959682201505,2.2058636257001067,14.653361791022968,371.7130435711087,10.565247614166461,2.1918171159151427,14.837932684009244,356.8673159269508,11.596763358323072,2.191953068162492,15.028533857879951,448.06115760881744,7.811228054222446,2.673149342007155,18.35790059319778,104.52331863712413
2012-06-28 07:00:00,12.836790766284427,2.3685450066399723,15.443257831230753,552.959716796875,12.987628546629463,2.3735128173808677,15.717709709178417,556.0861932836823,12.917770771996034,2.3619558887214183,16.05674163057782,552.9189438756551,12.783802104214935,2.3711950187114357,16.465786926620133,530.6938404742781,13.477188196677718,2.399747055448391,16.939173876879764,608.1851486528288,,,,
2012-06-28 08:00:00,14.134528371606038,2.49713395641177,16.512725837372344,714.5970458984375,14.28953543368111,2.5048442338241865,16.82737113673212,717.2652530471241,14.324406899172441,2.498836466142918,17.26583991875521,718.5722397737327,14.08845101072102,2.489424194269312,17.555986990564325,684.6317057462911,14.57077273788967,2.527082730082142,18.116547568075738,746.2280116978253,,,,
2012-06-28 09:00:00,14.903959630853256,2.623610118094183,17.56100104013721,845.1072998046875,15.058075084466964,2.6280929178319012,17.866121636808273,847.6835649890728,15.111404171786623,2.619151148992866,18.320898770170412,849.2328169272777,15.164965838716132,2.602990010048627,18.601754376482653,860.7547545050961,15.124472935500664,2.6129443514405697,18.924567148553656,837.5585686972632,13.224805177655185,3.380676582233815,23.18052303525444,480.40542494366275
2012-06-28 10:00:00,15.26128501510126,2.741841275026127,18.543427464412936,928.9940185546875,15.408720634059689,2.7410668117059394,18.819404233724054,930.8673228116123,15.513922396576913,2.7261368061964233,19.2436813618092,938.1818367282309,15.443670770990497,2.684097272376663,19.335309260166767,921.1621479248299,15.34410127747947,2.693419426009082,19.636757869128896,897.4418367394806,,,,
2012-06-28 11:00:00,15.278605652808684,2.8445311575849055,19.394899863799697,953.75927734375,15.426074847658114,2.836479419955947,19.622436039050694,954.2303593532375,15.540111141883335,2.815063678134737,20.00631684763348,959.213340924833,15.313639442293503,2.754310645763659,19.941316930482376,908.6004938839235,15.24744265464497,2.7521320084753818,20.19830531557179,882.203596521269,,,,
2012-06-28 12:00:00,14.988542525127444,2.922163634653005,20.038101473756512,909.9982299804688,15.12852934377215,2.905487675157763,20.198455811560894,908.6130146729411,15.214639016707045,2.8746186818894826,20.514505617475436,903.6741344602882,15.075624336497091,2.7938697775229477,20.288445143361816,865.7088243138619,15.105917745142362,2.8054548289122536,20.619963737776718,860.9615656949136,14.165082619465242,3.790539938433484,25.74571856690093,723.216767742517
2012-06-28 13:00:00,14.44854469885664,2.9666506993360957,20.40499699087487,810.0435791015625,14.566976320964987,2.9413922653433815,20.491251426840194,803.9737206473804,14.667933180670918,2.8985465612087222,20.716203572814155,806.2056143509031,14.394676565604964,2.8196398867251866,20.499482060334714,761.4764270668192,14.38749111987481,2.823064586461939,20.85989013333896,750.242624557577,,,,
2012-06-28 14:00:00,13.80403913774402,2.9865928957863326,20.571431694387094,700.7127685546875,13.910559064687657,2.9538970928979245,20.590934586591327,694.1106010940978,14.037931112429327,2.8980595813000303,20.704615957903027,698.2127979450348,13.704594636410993,2.8119730669208916,20.44042062937329,667.1539346535387,13.907411665907915,2.8237108008712126,20.788630936505502,672.346465352043,,,,
2012-06-28 15:00:00,12.956313212908995,2.98005338758562,20.5237209026981,578.7802734375,13.044713287497895,2.9414987680144313,20.49109128432195,572.250241439057,13.027697836574417,2.8675745600851807,20.44581059068566,566.8656477759985,12.437523108541852,2.780480294739182,20.14347513653054,536.7538643465932,13.0595052273233,2.8016538144226386,20.596743398652347,554.9273541184006,11.534703753431776,3.908337003314041,26.13486145371745,635.8207457985458
2012-06-28 16:00:00,11.791935755573101,2.9397266144798904,20.187159651886986,441.46746826171875,11.863663961715531,2.8977973584051466,20.1069814614457,433.3852902219585,11.558129501720094,2.8034369884634467,19.892029583164334,419.3465509070589,10.486642069301105,2.721163155879771,19.622743110980554,352.57241837898135,11.851161992749907,2.7545209425884134,20.19165892362498,439.97117079479403,,,,
2012-06-28 17:00:00,9.701625282902214,2.8590833846580077,19.507225662722384,279.97900390625,9.689024903083286,2.8142615201944925,19.379297059198734,273.4470303342569,9.30879374662976,2.706878815319268,19.02600422998702,263.30187892904746,8.193932532349484,2.6275775765585876,18.808204964302842,215.65940857574486,7.575505225060788,2.639953976765704,19.16775730992519,183.78865992898648,,,,
2012-06-28 18:00:00,5.854989161544974,2.714682793156315,18.306534215713178,120.48426055908203,5.758472938391545,2.67027951629811,18.151537072364352,115.01814275216684,5.544133087607143,2.574501324058434,17.870611899252392,111.04905159717723,5.372131384934233,2.5033250388162473,17.694270891323292,107.2783878591056,3.9135172831070664,2.4921075626266482,17.85759822194978,71.43772469568864,3.4743273767904683,3.520626152113191,23.297134862673143,257.8195263328778
2012-06-28 19:00:00,0.394417854186218,2.5405342998035527,16.846787184869964,5.930627346038818,0.39639271160571804,2.477569106030624,16.526373633437018,5.932973683549625,0.3673269269189011,2.3635598606236172,16.106961690023894,5.494502206437577,0.5679937774018643,2.3080651199449886,15.997978135691332,8.924432504137535,0.01720902370239201,2.2968825494549683,16.14161488214279,0.23761355832464853,,,,
2012-06-28 20:00:00,0.0,2.463084269214487,16.11777370882497,0.0,0.0,2.4022174922043926,15.829191060105915,0.0,0.0,2.278750968996744,15.344955760903801,0.0,0.0,2.228573647748345,15.284161813741107,0.0,0.0,2.2216559621876857,15.464474390245114,0.0,,,,
2012-06-28 21:00:00,0.0,2.4133695829028032,15.653792905083197,0.0,0.0,2.343917153463392,15.312510555210844,0.0,0.0,2.2358468330680363,14.929360552207516,0.0,0.0,2.178881990489142,14.832352311440086,0.0,0.0,2.18443722179166,15.100598390836215,0.0,0.0,2.964021612324255,19.250847181631602,15.417871298065256
2012-06-28 22:00:00,0.0,2.3635008117450953,15.260445877143841,0.0,0.0,2.296833246163742,14.884079911478523,0.0,0.0,2.1954694883165513,14.564324761020128,0.0,0.0,2.1369884060745212,14.42956642783171,0.0,0.0,2.131481231204902,14.644788640045626,0.0,,,,
2012-06-28 23:00:00,0.0,2.320864330796883,14.934238312403924,0.0,0.0,2.2552814493783497,14.577368383394575,0.0,0.0,2.1523247300399335,14.18740704708006,0.0,0.0,2.110211684527448,14.191094131276868,0.0,0.0,2.086223319901261,14.220750859871375,0.0,,,,
2012-07-27 00:00:00,0.0,2.3002890339201483,14.75087550197133,0.0,0.0,2.2061288604191245,14.155261194861563,0.0,0.0,2.014857425753573,13.003260985631119,0.0,0.0,1.9844052016453255,13.00505384403695,0.0,0.0,1.9746745535675685,13.09971764231408,0.0,0.0,2.712444268041944,18.933597415338642,0.0
2012-07-27 01:00:00,0.0,2.2728665866495423,14.514119798799646,0.0,0.0,2.173099669299443,13.883337920597752,0.0,0.0,1.9790923057227177,12.715780618742464,0.0,0.0,1.9567712032854427,12.806205441682815,0.0,0.0,1.9641219229929687,13.033030374203827,0.0,,,,
2012-07-27 02:00:00,0.0,2.2523896688059297,14.346941155778802,0.0,0.0,2.1525164781887294,13.73042231958889,0.0,0.0,1.9511204377332982,12.485900493801914,0.0,0.0,1.9347798864253716,12.60799822423281,0.0,0.0,1.9594299004449047,13.035851332357064,0.0,,,,
2012-07-27 03:00:00,0.0,2.2340613958632556,14.213362970444273,0.0,0.0,2.1345120569154643,13.59353808555478,0.0,0.0,1.9251178543942735,12.282746372303917,0.0,0.0,1.9129907099948487,12.398687772712242,0.0,0.0,1.9416396960189644,12.877596577497105,0.0,0.0031123579483774565,2.505191249508592,16.397062425485387,0.0
2012-07-27 04:00:00,0.22994333108499876,2.21918196756883,14.118677675825651,3.351699113845825,0.22838661823070752,2.11748167863108,13.475147064674065,3.3810084815187964,0.2211871607569693,1.908799619834698,12.143700846883338,3.4898096197405133,0.3194668691199139,1.8995754531309073,12.2777113729607,5.078231574649863,0.0,1.922779437081591,12.706472687451827,0.0,,,,
2012-07-27 05:00:00,6.475572602657864,2.3477866244966212,15.264298535428077,140.96104431152344,6.4910563056165635,2.2867671141701766,14.967172367009818,141.34097777502726,6.251921206701381,2.1047398945464026,13.89600420625134,141.60228114484062,5.954080706485555,2.054264616753095,13.715474899704285,135.04399268150974,3.362063115828201,1.9869585940180532,13.287579136047151,65.43255479984873,,,,
2012-07-27 06:00:00,10.614794618340646,2.4826718227131397,16.475598699082227,323.96820068359375,10.714253354110603,2.4608260211714277,16.552356029699496,324.4816836698639,10.610447467829612,2.3775108181188376,16.270163947544773,324.47592906043036,10.239703301331915,2.3414259100969343,16.262954830517714,304.65990656659505,11.349647371744268,2.296804016444422,16.02970052711701,391.8577345842222,7.486106460948283,2.8637056597383057,19.288388889901494,78.38629070323336
2012-07-27 07:00:00,12.92173724453329,2.6012224363631704,17.494621782986407,508.2772216796875,13.051976101631764,2.5935144254614637,17.68130008949491,508.90167722039746,13.061989379154353,2.5732385003766733,17.98511333186779,508.5321831115476,12.757876178341471,2.5733195664923647,18.339625847963248,477.3309064613759,13.44357075162927,2.5506558090677087,18.331862601309457,556.6645460956985,,,,
2012-07-27 08:00:00,14.225268600990901,2.715945488322149,18.44715308234893,674.98974609375,14.378396654783812,2.7176830823179516,18.715914959240898,675.67610398968,14.423111845747322,2.714364658808712,19.201506667010364,675.0163027703584,14.15382048008724,2.7142172382800283,19.592184666204957,637.1273164713838,14.570635713177685,2.7078210387703034,19.74715883698099,703.2452984320065,,,,
2012-07-27 09:00:00,14.91683605684409,2.830963236577955,19.381953792150345,809.949462890625,15.081856827108771,2.8341677703612933,19.672258434149875,810.7394521002476,15.137126245484437,2.831544878749847,20.1969363171448,809.7941162839653,15.219410815548299,2.8187773620171863,20.513174490696745,826.4658575138246,15.182609340269925,2.812855165762873,20.71209967042014,820.0823466956937,13.053243313039323,3.649905951939826,25.10322151946891,487.36180303433304
2012-07-27 10:00:00,15.187329899914257,2.9401264532570908,20.25968432502786,902.3201293945312,15.357979771899796,2.939638965388543,20.532425606234373,903.2640520965034,15.426339985347731,2.9301905131729042,21.02567621698716,901.1452120031439,15.45250557976324,2.900151800143848,21.227398620218867,897.6778527282364,15.318076430873134,2.8965364645639684,21.45609463583876,876.088641331456,,,,
2012-07-27 11:00:00,15.160002225707919,3.0349015097730945,21.022664431306158,944.179443359375,15.333868023264351,3.0287347043470163,21.257161508607364,943.9005105127515,15.420545341777077,3.0077390035840263,21.672894433937415,937.4642381369526,15.482266934398824,2.9609515591416886,21.783621865487348,926.8210269406759,15.351236626559345,2.9741981772772177,22.150135609631224,902.6729073451376,,,,
2012-07-27 12:00:00,14.90903858301639,3.1097100539738336,21.628301515545353,932.2288818359375,15.084675476976626,3.097120989354746,21.813362617287527,929.9731796676997,15.172147970088659,3.0653185890475445,22.144250591700086,915.4830307386185,15.192741349682006,3.0142732457670265,22.223507227091023,893.8907063358146,15.072690053500299,3.0020704579426583,22.35153024325249,866.0005889914038,12.773415534784993,4.033253888601533,27.70589924245419,797.6956601843258
2012-07-27 13:00:00,14.473268956821059,3.157709114713163,22.014709577366393,866.7252807617188,14.653159362916007,3.138504163967427,22.148511330735673,863.9665140780377,14.738741914955185,3.0981053456468866,22.407651451695173,841.5526886030646,14.601223504011958,3.023469779611523,22.266454472716354,808.7471565807585,14.61839334852398,3.0442131044250855,22.706045506460516,801.4780550307992,,,,
2012-07-27 14:00:00,13.839656683493148,3.1757080164887,22.148916024397252,752.72314453125,14.014790244796078,3.1506553879466614,22.232539921808797,748.2835575651827,13.997114200427545,3.1012098031933704,22.421453416628456,723.1242140259114,13.843522571395797,3.00964696881541,22.08506761845624,681.0770340709447,13.635156872385512,3.0030328112394917,22.359808741820757,673.7575643204377,,,,
2012-07-27 15:00:00,12.958734314978177,3.1566111101290057,21.948888078215653,599.6860961914062,13.095311539390673,3.124086641170061,21.939662103469846,594.154715849137,12.881559329165864,3.0589305230477972,22.036030544797786,568.4754270233533,12.780125856275019,2.976834068739368,21.731593358351248,543.4610030052592,12.840938149384677,2.9805482753829473,22.08507150021917,561.2358052474677,10.615254347450806,4.165134242299196,27.275150226013867,650.9669751979346
2012-07-27 16:00:00,11.5636136358849,3.1019589470388613,21.4098971870788,424.0483703613281,11.563613165312129,3.0616821485033174,21.323351364456684,414.8031949195789,11.208724396024063,2.9765454684564343,21.29648091771765,396.1123230994901,10.266914094974311,2.889537460550024,20.91658188332594,328.35766709618673,11.769433918913585,2.9303632425901665,21.614980468389245,427.43224812474267,,,,
2012-07-27 17:00:00,8.996957463031837,2.9926201648271555,20.495622131288172,243.3308868408203,8.85944163639703,2.9442014125556475,20.366110594066452,236.74548212395877,8.405526615360635,2.826401393642811,20.01501565685711,218.87366057590094,8.081964978229875,2.798835701702296,20.171502484442197,207.16943554383496,7.361359234342794,2.835182419280547,20.80481263422,172.91959420332157,,,,
2012-07-27 18:00:00,4.3937420651009145,2.814589861929819,19.069473371311705,81.95235443115234,4.318409644909163,2.741453920252653,18.742617315379917,79.59143026767407,4.27566199510993,2.6201622433922607,18.258942040024255,78.95604377754434,4.266649534140296,2.634124643047978,18.777551218924465,80.90641496998332,2.7890577743641116,2.6281283646155464,19.014553085148517,47.47712985788354,2.3182951138694436,3.7248102898031274,24.03730226896208,254.25581131246713
2012-07-27 19:00:00,0.0,2.6587651766605784,17.75897341191735,0.0,0.0,2.5702222304945845,17.287147767220283,0.0,0.0,2.406570623454352,16.387344940823798,0.0,0.0,2.4260944282942427,16.94325977753794,0.0,0.0,2.4448736154205575,17.377007188216307,0.0,,,,
2012-07-27 20:00:00,0.0,2.585862011077961,17.18364441981388,0.0,0.0,2.5129535702217787,16.807800567033784,0.0,0.0,2.332861631928418,15.763871616301358,0.0,0.0,2.3487016073152382,16.2390289094944,0.0,0.0,2.3526844379663165,16.495385119579392,0.0,,,,
2012-07-27 21:00:00,0.0,2.539408351660235,16.80417484854868,0.0,0.0,2.467274989480485,16.43253895119657,0.0,0.0,2.2824296038798906,15.337234168513875,0.0,0.0,2.277021861063357,15.636111230667765,0.0,0.0,2.282680627042477,15.874218468991119,0.0,0.0,3.1329192350545774,20.021593832717663,8.542044056428482
2012-07-27 22:00:00,0.0,2.496691678660529,16.457647070387,0.0,0.0,2.4291609290192184,16.118287488145263,0.0,0.0,2.2322727713939923,14.934032671684008,0.0,0.0,2.232863246454965,15.257592899523233,0.0,0.0,2.234052423967533,15.461624918991346,0.0,,,,
2012-07-27 23:00:00,0.0,2.4656083724774716,16.193781485498942,0.0,0.0,2.3982885913127268,15.869937022231799,0.0,0.0,2.1967279155756594,14.655795053535156,0.0,0.0,2.1920821238979036,14.908882040053488,0.0,0.0,2.1971078719913,15.137328651790561,0.0,,,,
2012-08-27 00:00:00,0.0,1.4309376195852306,6.749584701609612,0.0,0.0,1.3776695139057473,6.570016948929466,0.0,0.0,1.2662530017619953,6.110889296694306,0.0,0.0,1.2141655578646549,6.124852346297954,0.0,0.0,1.2464674567219585,6.624335511065164,0.0,0.0,2.016985733039538,13.31015629597282,0.0
2012-08-27 01:00:00,0.0,1.3991347980653428,6.497891551401479,0.0,0.0,1.3428051022686305,6.294552945305957,0.0,0.0,1.2284112240358758,5.782382759286013,0.0,0.0,1.1928127307904925,5.921227803384477,0.0,0.0,1.242140556695736,6.568011222744513,0.0,,,,
2012-08-27 02:00:00,0.0,1.369200292966714,6.286842891672623,0.0,0.0,1.314155894626274,6.066940162872864,0.0,0.0,1.1884592187073806,5.4355511876341,0.0,0.0,1.1603292141166681,5.640736851480113,0.0,0.0,1.2275091191694354,6.426942885272815,0.0,,,,
2012-08-27 03:00:00,0.0,1.3478064530829723,6.155317615958104,0.0,0.0,1.2935284109750909,5.933023468694317,0.0,0.0,1.160524425346457,5.191463684056169,0.0,0.0,1.1321041813989774,5.32001611760697,0.0,0.0,1.1858901032660836,6.060265181218479,0.0,0.0,1.904490100972094,11.99798904810151,0.0
2012-08-27 04:00:00,0.0,1.3242732518388187,6.01218471830027,0.0,0.0,1.2689893043338814,5.772351096573296,0.0,0.0,1.1202406017083428,4.862205339571387,0.0,0.0,1.1020040888408575,5.036601159302059,0.0,0.0,1.1446708608934402,5.694947286513323,0.0,,,,
2012-08-27 05:00:00,1.2772694750888096,1.3477957789555297,6.279466132147139,39.886497497558594,1.2385600183893262,1.2941468677255838,6.039065703310347,40.159970913262946,1.0343076338835149,1.1282689656398508,4.936333023645959,39.32539599684859,0.848424674703065,1.1074941548520643,5.09616156597961,31.909092835102904,0.0030313750837620275,1.1025493755956097,5.3092331699879445,0.08344977628197707,,,,
2012-08-27 06:00:00,5.127202587139835,1.5016907915503048,7.617011826550582,220.6215057373047,5.187292874100977,1.4955896453701305,7.779587003915885,221.36986371181226,4.726143917962419,1.374688382044175,7.032026336850178,220.50602325421116,3.9872988007665917,1.287569632194152,6.583372816680463,190.97855023904924,4.653781374964881,1.2566976453711713,6.570246231654092,267.9336793354171,4.130929508622939,1.9747561209566906,12.812078608438556,30.718578846507633
2012-08-27 07:00:00,7.6388551600260675,1.6381870995975203,8.793504364448468,413.6591491699219,7.7241223096908245,1.635595002463952,8.993041397943992,414.50498737281305,7.431482126296365,1.57031629946601,8.705865267052527,413.45280660839853,6.691119304278465,1.498037491839531,8.386684245778616,373.96535060345707,6.8546763336865055,1.4429250140363181,8.098484356494508,451.528941792036,,,,
2012-08-27 08:00:00,9.311102309003648,1.7610955225418308,9.826493200326203,588.3754272460938,9.44038477752591,1.7622537209232196,10.052355468717293,589.0696829867592,9.223798944429477,1.7154738132062077,9.965631114843246,584.8560002271853,8.664060732230675,1.6612981375205567,9.816415541079168,544.6234478196404,8.75802438983256,1.635726244005878,9.750624639466695,616.7090494908839,,,,
2012-08-27 09:00:00,10.509387317768615,1.881690776480592,10.828819149029474,728.9634399414062,10.666757471748642,1.885212515598305,11.072269899551847,729.7635588311455,10.486053648245129,1.840498446105718,11.042249421135093,724.6099688181082,10.33170939516173,1.7968298745536604,11.015890185007416,745.6042216536607,10.070598942933522,1.7759730908752647,11.021252163831202,741.2383090292432,8.388577909809095,2.5545037539451467,17.14227746542843,368.36295416925054
2012-08-27 10:00:00,11.3506544422507,1.9979403315092876,11.792215615099877,824.55517578125,11.520334317720344,2.001315275681093,12.041827980765374,825.7954608587472,11.403830687009924,1.9547929389789858,12.03626088076456,825.4591825292543,11.134534340519142,1.8968119568930366,11.913924294030453,828.8645986517024,11.049532926393768,1.9071191998512724,12.227353006789205,816.3714911884877,,,,
2012-08-27 11:00:00,11.871819673567536,2.1025221793105033,12.661614244498693,867.7787475585938,12.042185077741161,2.1038173064071675,12.899990417034996,868.5139286786775,11.942365440196335,2.049949341832061,12.87573998417134,869.3359183505991,11.652058582015295,1.997046293885416,12.812156964161929,856.1353036030213,11.62953896826008,1.9887818628688676,13.057448876769486,853.7665811876262,,,,
2012-08-27 12:00:00,12.089922040959875,2.188832630469883,13.391555655221188,854.7258911132812,12.253385061909228,2.18769909669844,13.617977588619219,854.9344655775434,12.174534321447613,2.129212466393276,13.587269260421616,855.3507315395053,11.95417295248632,2.08055297814433,13.593770723244678,845.2799627579537,11.865536070821404,2.0593185492022843,13.695753609147205,836.6642552771718,9.760255111372244,2.9401934365437286,19.89154986888453,612.4602237801693
2012-08-27 13:00:00,11.992636815942866,2.2508274725121686,13.93017018065011,786.7908935546875,12.150656422497173,2.247717025790302,14.141753840861975,786.5262465377668,12.09884962130172,2.18873173665452,14.123236075976237,786.8067161641877,11.926661300070695,2.129524181552993,14.06825871522224,789.1762214360805,11.982472902573665,2.128537607410645,14.39290949069599,796.5860481120886,,,,
2012-08-27 14:00:00,11.525037267943386,2.2850425230573888,14.247010012138182,669.045654296875,11.677358496825757,2.280655134628922,14.444710091244959,668.7166733833969,11.636772458469501,2.22079749085106,14.435089360715564,668.4395420963976,11.561588435436617,2.1636140345690293,14.395496766248195,685.6901352771225,11.549859288616796,2.15989058954618,14.719067636177165,683.5884039552307,,,,
2012-08-27 15:00:00,10.53764448702817,2.283771259264702,14.27158213269695,511.5207214355469,10.672172670423688,2.2777235420779878,14.449388071236935,510.84563688538645,10.619324879574323,2.2119810127150585,14.387642215364881,510.38387191502085,10.747103535707218,2.1644553504458015,14.432665154318313,546.8457819426409,10.927022868862592,2.170145510480213,14.808554329447059,568.6532619824951,7.877002824520901,2.999222932549313,20.875775137001156,545.6803294903588
2012-08-27 16:00:00,8.676159710029282,2.233770457553622,13.906302245264538,327.89324951171875,8.791880243495594,2.23098004557306,14.09801795407807,327.19961729727606,8.70068490344319,2.156654853053039,13.940335813461061,326.38925251981254,8.134499701639903,2.1133635542019604,14.004000711129962,292.27466681898795,9.611632519147621,2.1571893567550147,14.691127726768055,411.8454009505704,,,,
2012-08-27 17:00:00,5.103689336795985,2.10307175658388,12.907953842541735,137.60263061523438,5.164996469688052,2.0987135646109016,13.05350283247205,137.12429951409058,5.036769466929417,2.017435342749271,12.759742687971384,134.9080665094086,4.507480718726917,1.983363387093071,12.866815530197153,118.04876427396331,3.0727084339717985,2.044450757650761,13.704429144935999,70.54808453478306,,,,
2012-08-27 18:00:00,0.017199995451643094,1.931042099292112,11.55637201003942,0.30900612473487854,0.016664928553162362,1.882543140355498,11.322908513966736,0.3030894419153476,0.014984411234364593,1.7287240092793201,10.350142666650543,0.2796711715192932,0.0033918048505301337,1.7342919953672404,10.711138538157178,0.06205212565571857,0.0,1.780078405848819,11.37269616407802,0.0,0.2212599270919576,2.5672701973594325,18.126301322007688,193.93569136932945
2012-08-27 19:00:00,0.0,1.8868484931595713,11.214703169797913,0.0,0.0,1.8322651410457658,10.934437663966028,0.0,0.0,1.6499946699270582,9.691419044429127,0.0,0.0,1.6413863079273778,9.910345227438343,0.0,0.0,1.6397070445600013,10.177609474879365,0.0,,,,
2012-08-27 20:00:00,0.0,1.8554315725812027,10.97207891965292,0.0,0.0,1.7952142716528876,10.650892901564678,0.0,0.0,1.602940454422165,9.295305816561902,0.0,0.0,1.58860243539113,9.45577906255211,0.0,0.0,1.6129827896539002,9.824366211032205,0.0,,,,
2012-08-27 21:00:00,0.0,1.8280385600654017,10.76498753235478,0.0,0.0,1.7713044370670155,10.467032651341409,0.0,0.0,1.5710173047802425,9.018395350068296,0.0,0.0,1.5676495050173933,9.269773690660362,0.0,0.0,1.5678803270577215,9.474242101352559,0.0,0.0,2.139817481842045,14.958624972708849,0.47590143751308916
2012-08-27 22:00:00,0.0,1.8066031859584084,10.6082932974995,0.0,0.0,1.7486410063918778,10.300177053577402,0.0,0.0,1.548296317714364,8.845619204671362,0.0,0.0,1.5513315128150622,9.104517510212911,0.0,0.0,1.5551636763327408,9.362922594090586,0.0,,,,
2012-08-27 23:00:00,0.0,1.7883940032151058,10.48467857835205,0.0,0.0,1.729851766584513,10.161073271266115,0.0,0.0,1.5267340901788635,8.687255777179567,0.0,0.0,1.5328017339751951,8.924511549881087,0.0,0.0,1.5440721097185128,9.263035558439595,0.0,,,,
2012-09-21 00:00:00,0.0,1.1143779908416465,4.603540100007461,0.0,0.0,1.0591213889654583,4.312241872587923,0.0,0.0,0.9791433693179512,3.812851336903758,0.0,0.0,0.9801509468692324,4.035855306618732,0.0,0.0,0.9585897865694938,4.174879861842119,0.0,0.0,1.0772160330028857,6.952544305753975,0.0
2012-09-21 01:00:00,0.0,1.1017724943242857,4.560557749208655,0.0,0.0,1.0456715888555954,4.261059970433566,0.0,0.0,0.9698450190828605,3.768453043330794,0.0,0.0,0.9589519781178687,3.8595572155684352,0.0,0.0,0.9481860148641184,4.074506373450692,0.0,,,,
2012-09-21 02:00:00,0.0,1.093083411138333,4.535689753930043,0.0,0.0,1.036478434490985,4.243712125217063,0.0,0.0,0.9608142655905229,3.745130799708117,0.0,0.0,0.9440222378139634,3.7170642787437003,0.0,0.0,0.9321611038045585,3.9334867061418466,0.0,,,,
2012-09-21 03:00:00,0.0,1.0815291976774037,4.481041989550094,0.0,0.0,1.0286039476228102,4.203384149952597,0.0,0.0,0.9511814443201012,3.676743555011189,0.0,0.0,0.8987210787998271,3.3704489901575205,0.0,0.0,0.9126915806869179,3.7567683554112254,0.0,0.0,0.9897733839133305,5.578492736406865,0.0
2012-09-21 04:00:00,0.0,1.0709427001824583,4.425520629863639,0.0,0.0,1.01787357380397,4.13386968003448,0.0,0.0,0.9383379520320806,3.576775461336409,0.0,0.0,0.8760854232142399,3.1878057988197193,0.0,0.0,0.8904107460971833,3.558389796979346,0.0,,,,
2012-09-21 05:00:00,0.0,1.0638894784938902,4.395566112908116,0.0,0.0,1.0124850892829464,4.128920649240013,0.0,0.0,0.922450748367059,3.4416986660541,0.0,0.0,0.8664123690082195,3.077021333867472,0.0,0.0,0.8695471027751586,3.3714445776316855,0.0,,,,
2012-09-21 06:00:00,1.9676190123439044,1.1603978114226456,5.214731588854649,108.05775451660156,1.9554113900356913,1.1335042287207608,5.12296334560546,108.64892536076762,1.587316342239047,1.0372197678787718,4.455728310778274,100.23359366312053,1.3287093097452276,0.9615877689613203,3.898009035521438,84.6226615126718,1.9947991127141838,0.9489479558390702,4.045760609184712,164.77580202404494,1.9866604822285552,1.0345382184031966,6.454802788097474,13.721816203442916
2012-09-21 07:00:00,4.252007607869289,1.3045247166438598,6.429880987798966,287.91754150390625,4.349434790130393,1.3024465895384503,6.556755752466234,291.30347985592283,3.9064932514814927,1.2324982705386425,6.129846764163958,277.07691899368643,3.4663933526529127,1.1636917396678468,5.663924954875949,242.49268316999613,3.8880426091451086,1.1370737473786179,5.688127301063836,333.9991172354578,,,,
2012-09-21 08:00:00,5.902881586454227,1.4319734965471325,7.47429350851679,460.9346923828125,6.061426692510441,1.4404158044516042,7.683473596702167,465.3889254008009,5.829977216231479,1.4040637902669715,7.606350849496047,456.60816398390034,5.384147937420168,1.353282139883946,7.330795841610161,407.4851118725079,5.703690548609058,1.340869277161463,7.435561748516951,489.50032096903084,,,,
2012-09-21 09:00:00,7.1212208090225095,1.5557423838393862,8.461708607610534,599.7555541992188,7.323178207527669,1.5707947859577756,8.733135909515278,603.4937656096988,7.208190792584897,1.5441278428360408,8.806895312768683,600.4727507785171,7.122983892457454,1.5158667575683142,8.769714889129725,610.7287710087967,7.081044600318406,1.502569934546635,8.8636726606533,615.6393762395626,6.658154310157927,1.696771514739971,13.128208101082532,296.77934511682247
2012-09-21 10:00:00,7.996871515114854,1.6717361546644287,9.382823058446693,689.861328125,8.217253756452113,1.6882869603591408,9.680862604457813,693.1778722922351,8.148268831546329,1.6641076544780184,9.829444139283607,692.0119784183754,8.008193525610853,1.6285529754627628,9.79187744740839,693.9520423698897,8.035927819095287,1.6302490805595753,10.02117256690121,698.4783809172056,,,,
2012-09-21 11:00:00,8.56134536358773,1.7727308549848284,10.184104958160047,728.559326171875,8.774418067700898,1.7876367763779055,10.488139446012383,729.8391789345607,8.728759421315608,1.7614255483767411,10.656772153776343,729.3967237768737,8.581366711784298,1.7239672261773717,10.645849516942313,728.0265957112472,8.636250550494093,1.7330124555545512,10.954909931631347,731.5309649629729,,,,
2012-09-21 12:00:00,8.79939875304295,1.851938486064063,10.815168804868513,710.4126586914062,9.000246323335011,1.8638430116037457,11.109790221270782,711.0998385604398,8.960380672642433,1.831653359388792,11.25544464481898,712.787996823089,8.755518243572851,1.7778035870311428,11.162281326630891,710.1276903080815,8.84512125280573,1.7972787699939878,11.554970550399782,715.1686045439684,8.440326607610556,2.130919192884642,16.90369045099945,588.9202978948789
2012-09-21 13:00:00,8.662223052796588,1.8995169882500704,11.19400577918876,636.4364013671875,8.841881263189032,1.9077028678092762,11.465616422191596,636.2339208039404,8.769303709157516,1.8678928685074345,11.563605708851606,634.9389477556715,8.651971827050602,1.8140080198018091,11.508652132247681,646.8060740598194,8.704302391251918,1.8183316778436411,11.770006678820309,660.6366906283599,,,,
2012-09-21 14:00:00,8.055469210545564,1.9118502075399917,11.283118590147305,510.7116394042969,8.191653120097229,1.9151049219110095,11.516475343077124,508.7464774529241,8.046835700524678,1.8662406426221627,11.541093847367568,501.67849047241015,8.116152182536071,1.8217978219438002,11.592242167363606,533.0306501719631,8.220244498496392,1.8243112269323298,11.843802431964695,554.6129887597799,,,,
2012-09-21 15:00:00,6.738540643990607,1.8785927633470496,11.002146889690538,344.8227844238281,6.827066837892055,1.8777779112837591,11.191938250775298,342.23406209105764,6.542853230223148,1.8183618141648825,11.111530875761462,326.80555090819405,6.976586931742489,1.7860079293661835,11.294264810118431,384.3307659226144,7.158141211405838,1.7967142583905615,11.598939801333266,407.9793489215307,5.876247761591675,2.1237849125506867,17.610837874796445,467.44185711057384
2012-09-21 16:00:00,4.248304885073258,1.7794713880140727,10.181210963279254,162.71348571777344,4.26919235739606,1.7725486848562746,10.299845056915371,159.98856673498705,3.978945094665909,1.7079971581839608,10.132828451655932,149.1718315159644,3.5997691156773928,1.6779818368432353,10.33887012358099,131.2296381112009,5.396746130268309,1.7056879161952656,10.790307407700599,251.3237629214986,,,,
2012-09-21 17:00:00,0.2556359427994024,1.5986000631557977,8.720362524469369,7.5847930908203125,0.24749873829458735,1.5629627173938352,8.576713458215579,7.403397654074701,0.2196515994334064,1.46945326004816,8.097462294014274,6.794100066766323,0.05573129257176003,1.4459121288754333,8.282042151169223,1.752110584023315,0.0,1.5158855820106099,9.079035233395082,0.0,,,,
2012-09-21 18:00:00,0.0,1.5353699745333251,8.213395821685674,0.0,0.0,1.499369026600128,8.063764318829934,0.0,0.0,1.3738775329160124,7.283489095713577,0.0,0.0,1.343500427054379,7.34676431875574,0.0,0.0,1.3589128625726936,7.6858373817276595,0.0,0.0,1.653825448300465,12.718826208571567,89.70187813139391
2012-09-21 19:00:00,0.0,1.4988219616336271,7.929933244964539,0.0,0.0,1.4574385667803125,7.7268518490638405,0.0,0.0,1.326759253527365,6.888605651358187,0.0,0.0,1.2869271287198591,6.843328435528145,0.0,0.0,1.3305897875017039,7.427564150541899,0.0,,,,
2012-09-21 20:00:00,0.0,1.470257555587824,7.72239197076792,0.0,0.0,1.4228577297677116,7.4749216914791585,0.0,0.0,1.2812170801077722,6.509994268109683,0.0,0.0,1.2617668372699415,6.580702685289555,0.0,0.0,1.3071287146560422,7.19429007026722,0.0,,,,
2012-09-21 21:00:00,0.0,1.447517894887748,7.565002241871585,0.0,0.0,1.3974852387143004,7.298832615723322,0.0,0.0,1.2566756370273682,6.321491458901069,0.0,0.0,1.2305916170679305,6.3083058029558465,0.0,0.0,1.2415014598885838,6.679608283923617,0.0,0.0,1.4616748181925854,11.005437833406924,0.0
2012-09-21 22:00:00,0.0,1.4272801178455243,7.433107590881576,0.0,0.0,1.3795788043675523,7.183682484178759,0.0,0.0,1.2346703584367413,6.155233213689177,0.0,0.0,1.2040051851892122,6.093041164540841,0.0,0.0,1.2171928298270558,6.4898179097999025,0.0,,,,
2012-09-21 23:00:00,0.0,1.4094773768901565,7.324483803952668,0.0,0.0,1.36093628874297,7.060213929238024,0.0,0.0,1.2218469978171183,6.071198694688793,0.0,0.0,1.2017537534287883,6.129239227206597,0.0,0.0,1.2152852954137214,6.4582522631436605,0.0,,,,
2012-10-20 00:00:00,0.0,1.5862995817705887,9.422419443786454,0.0,0.0,1.505589436936751,8.843139987494709,0.0,0.0,1.2062451360389004,6.402919268193557,0.0,0.0,1.1719749537213209,6.004452822841673,0.0,0.0,1.2144964947032892,6.510429954197516,0.0,0.0,1.2785093754290762,8.728298501600225,0.0
2012-10-20 01:00:00,0.0,1.5734814707711897,9.332016455352257,0.0,0.0,1.491500272557366,8.716156206087142,0.0,0.0,1.188252250552069,6.203825656882418,0.0,0.0,1.1683935983930878,6.049857962905028,0.0,0.0,1.2093323902235378,6.479793312386165,0.0,,,,
2012-10-20 02:00:00,0.0,1.5574856427634873,9.19489259954693,0.0,0.0,1.4757213558775468,8.590254383214972,0.0,0.0,1.1716516890953843,6.097653517870866,0.0,0.0,1.1517298307235637,5.875771733443061,0.0,0.0,1.2191191083973398,6.612470985767585,0.0,,,,
2012-10-20 03:00:00,0.0,1.5437091947496973,9.058214388488453,0.0,0.0,1.4557350683171513,8.415503825907875,0.0,0.0,1.1629827796506855,5.974972761355837,0.0,0.0,1.1381687561663678,5.802113259308874,0.0,0.0,1.1881155291670924,6.270841896767002,0.0,0.0,1.1932658035029635,7.896534486113901,0.0
2012-10-20 04:00:00,0.0,1.5269761320705912,8.924316875670016,0.0,0.0,1.4350755644020428,8.22589371129212,0.0,0.0,1.1435540770328496,5.841055233691134,0.0,0.0,1.119493750453028,5.609015812016733,0.0,0.0,1.1668084529847118,5.978890614166911,0.0,,,,
2012-10-20 05:00:00,0.0,1.5143090695126284,8.808829526867978,0.0,0.0,1.4318384805571733,8.166648203794804,0.0,0.0,1.121867341125702,5.568758788628993,0.0,0.0,1.0947765410221655,5.354941179951367,0.0,0.0,1.141810429547878,5.690640779314852,0.0,,,,
2012-10-20 06:00:00,0.30057888914430037,1.5182056946093558,8.84347947367178,13.670095443725586,0.2863294467828819,1.4293200985181433,8.147131794865766,13.801422919529372,0.22157834860164846,1.1485653814024166,5.874845696826481,14.376949835550041,0.07740884596081915,1.090159757950974,5.251833771991518,4.972511898754755,0.9092657876506366,1.2152083060053716,6.378401908213671,67.72273231909475,1.3306148428891384,1.1385923376575584,7.172939926720523,1.7303026450923162
2012-10-20 07:00:00,2.5617144451071043,1.6284300092300497,9.757277071937517,171.33094787597656,2.5263599598345743,1.5834050838509357,9.436148099638114,171.9666362950295,2.1397353462303847,1.3719704383186329,7.81700613780742,174.2597041812218,1.77189699009553,1.3073152361742064,7.186558718598997,145.0159487263509,2.4474901251770436,1.3691928213825593,7.783550767392875,221.3970559362255,,,,
2012-10-20 08:00:00,3.988146173978812,1.755976558859143,10.801654836284758,334.27099609375,3.997299221375181,1.7489093770316482,10.78695331220216,334.3754913250789,3.678253302048872,1.6119810635775207,9.79272312993682,337.06781705003266,3.36162880298737,1.5678803488985926,9.368254571548949,299.8147178256085,3.7065153946403386,1.5763349447125243,9.509616043432565,364.43592018258056,,,,
2012-10-20 09:00:00,4.846409691718914,1.857828598223192,11.615118471259565,464.7108154296875,4.856478636404166,1.8598992827332574,11.675062558085655,464.4320886600366,4.668054226521994,1.7897883106066361,11.204050212753861,466.5132164989154,4.715750927246444,1.7950803622505611,11.308172128714048,482.49754662035093,4.664854795951003,1.7812763497152677,11.260415782036919,478.1053965419304,6.703225933221506,1.7332870123433433,13.32993131501351,187.0644654108316
2012-10-20 10:00:00,5.343117101862596,1.9412659842951228,12.259510541735303,547.280517578125,5.364524757084993,1.9498719607426198,12.384757355021593,547.4677125283328,5.230370112139957,1.9084675973225598,12.218866784065886,548.488424019626,5.269117032016792,1.92895463978788,12.490220240453713,553.8183222026613,5.222898162488536,1.9199189643987729,12.478382577395347,549.0956329513087,,,,
2012-10-20 11:00:00,5.578504155162927,2.005709953152209,12.750350155161422,575.7416381835938,5.603207910270622,2.0182649042191443,12.913023111237301,575.7181977005966,5.4849532730249795,1.9845230713941113,12.83973476367357,575.9507102366014,5.498847320045358,2.0040367432180237,13.149845603631762,575.1732716534358,5.492684378974146,2.005164112724289,13.2755282116255,574.7672073804055,,,,
2012-10-20 12:00:00,5.556049847628117,2.0476970297234662,13.061448460925147,545.4561767578125,5.581909933021339,2.0613306467895973,13.234889926922904,545.0892458848226,5.462138787326025,2.025477794374153,13.15413178223492,544.9896529043463,5.482232785119493,2.0441906031744783,13.496544489084306,547.1783253919251,5.513642815031574,2.0541262627322587,13.7507973320521,552.3818689783933,8.612248503346512,2.189562079622611,17.894488862605822,435.3512981039507
2012-10-20 13:00:00,5.235748515298127,2.0589453995214266,13.135707317493525,461.1339416503906,5.25990528317842,2.0703230195436646,13.2828520292653,461.08045859937187,5.136080516488656,2.028935740613629,13.150690865267089,460.6400262216526,5.206192140550178,2.0481729283929373,13.510890905106058,473.8122930987165,5.221547032118364,2.0651152543286373,13.861420629696958,477.72746090736865,,,,
2012-10-20 14:00:00,4.502333777911875,2.0343070595222836,12.926115882917468,332.0137634277344,4.523607931443586,2.0413966681642006,13.049027884105008,332.17312312374116,4.400235190301206,1.9922007265698412,12.833146995693578,331.28265217636846,4.5718662547347275,2.010237707818744,13.16079901488683,359.14331548520954,4.701500012939323,2.0376609307788143,13.64881088574647,374.81968575744247,,,,
2012-10-20 15:00:00,3.0431741645040224,1.957504275981513,12.303418446999833,172.38221740722656,3.0429980148180005,1.9524944715564323,12.328418848053987,172.01179739719933,2.909607056980722,1.8798298645729152,11.886383961759114,170.60260427547618,3.3566457555354434,1.909458240270459,12.25588734926693,212.7593931029032,3.6183851289757496,1.9604629727147385,12.995271740835014,234.24921525066142,4.274098455414804,2.057851581269689,17.51424954271616,313.00282610917264
2012-10-20 16:00:00,0.3537854651893887,1.8125706184156616,11.154245911690698,14.894160270690918,0.342506212021349,1.7656888693576338,10.839780121273417,14.75328788104188,0.2941798718406516,1.6014161967338756,9.550331533335065,14.059178383162301,0.04196018771524514,1.7316804096250404,10.84442986021909,2.114740643052133,1.6049535700098287,1.7559730799390731,11.251124705634249,81.34808401120996,,,,
2012-10-20 17:00:00,0.0,1.7499999626737435,10.66146706391175,0.0,0.0,1.6907834795974617,10.233451009409887,0.0,0.0,1.4898476988456426,8.618569007012185,0.0,0.0,1.4933359829460466,8.736335155443244,0.0,0.0,1.557669713274019,9.420310107621109,0.0,,,,
2012-10-20 18:00:00,0.0,1.7175519204675176,10.404257457637323,0.0,0.0,1.6528406941406732,9.929370870924938,0.0,0.0,1.4340976715332492,8.134831497285655,0.0,0.0,1.4319268128335156,8.202169258547283,0.0,0.0,1.4358700500358437,8.330023586339122,0.0,0.0,1.5261943907200604,12.890599312934771,26.002106129445696
2012-10-20 19:00:00,0.0,1.6911213724343095,10.190338145419016,0.0,0.0,1.6236386865841324,9.702479350698514,0.0,0.0,1.38542172610963,7.714289251448258,0.0,0.0,1.380382933014852,7.764808449881733,0.0,0.0,1.4057095447725403,8.20845610285866,0.0,,,,
2012-10-20 20:00:00,0.0,1.6695535311132692,10.030081401054407,0.0,0.0,1.5991933119588766,9.520107081210744,0.0,0.0,1.3569883522953132,7.508953658732721,0.0,0.0,1.3578075862510788,7.600607685983291,0.0,0.0,1.349036692365478,7.586160507744608,0.0,,,,
2012-10-20 21:00:00,0.0,1.6515065632179684,9.90850895591537,0.0,0.0,1.5820424056135443,9.391228118750767,0.0,0.0,1.3375318592962933,7.423261914776022,0.0,0.0,1.3271949864001906,7.329415603614052,0.0,0.0,1.3255810696777615,7.353819789716798,0.0,0.0,1.317919512464278,9.792630038729367,0.0
2012-10-20 22:00:00,0.0,1.6402516468655852,9.837256715195524,0.0,0.0,1.5693421112931667,9.310565676450965,0.0,0.0,1.3121776664000697,7.228590021882759,0.0,0.0,1.3060280398109547,7.152216872237296,0.0,0.0,1.3087535132824006,7.218486046001773,0.0,,,,
2012-10-20 23:00:00,0.0,1.6316168277014138,9.787934623790507,0.0,0.0,1.5618530781230753,9.278162139645664,0.0,0.0,1.299461954675509,7.149171414436608,0.0,0.0,1.2832792565106987,6.982329608021653,0.0,0.0,1.2971050280455578,7.129369492101942,0.0,,,,
2012-11-15 00:00:00,0.0,0.8287301221651682,2.8207070763435182,0.0,0.0,0.7832211233606727,2.4745984082387418,0.0,0.0,0.5381348090786955,0.3182219899201548,0.0,0.0,0.4705750603227069,-0.16448592262553813,0.0,0.0,0.4451694256467892,-0.8262419076273952,0.0,0.0,0.6378026939911734,2.5983322691526864,0.0
2012-11-15 01:00:00,0.0,0.8192445905764889,2.782770614223345,0.0,0.0,0.7748707956300608,2.4294299692191723,0.0,0.0,0.5133770925333044,0.12519982681153358,0.0,0.0,0.442917739121296,-0.4456258571905328,0.0,0.0,0.44770984955607446,-0.4601016777292249,0.0,,,,
2012-11-15 02:00:00,0.0,0.8130079410756277,2.7678968810411533,0.0,0.0,0.7776240365127018,2.4836733738029286,0.0,0.0,0.5088505516488633,0.11201405761680207,0.0,0.0,0.4572585012953023,-0.2317004341112811,0.0,0.0,0.41261758004143007,-0.8564121168722043,0.0,,,,
2012-11-15 03:00:00,0.0,0.8086006207363667,2.7558114258258053,0.0,0.0,0.7753004002754192,2.4823287557436573,0.0,0.0,0.4933077543938429,0.022290402711311632,0.0,0.0,0.432754207700843,-0.563763623060407,0.0,0.0,0.3786011168697407,-1.2497334657762804,0.0,0.0,0.6187906383946522,2.5657842696106243,0.0
2012-11-15 04:00:00,0.0,0.8042768101033555,2.7432718132473473,0.0,0.0,0.7690348454900116,2.4265931583608977,0.0,0.0,0.48629977917864037,-0.06434083910830966,0.0,0.0,0.4125268278441501,-0.7252984180766119,0.0,0.0,0.360201400503405,-1.6004552718923764,0.0,,,,
2012-11-15 05:00:00,0.0,0.8017305237710259,2.7152520639085242,0.0,0.0,0.7632755961274696,2.3817928767486123,0.0,0.0,0.47184388269033634,-0.22145341102695065,0.0,0.0,0.41484782580405616,-0.6677875051975259,0.0,0.0,0.3493863808275258,-1.689176671774153,0.0,,,,
2012-11-15 06:00:00,0.0,0.7976312853273583,2.669677780059732,0.0,0.0,0.7631576272379916,2.3579714650387764,0.0,0.0,0.4613373162045534,-0.3734859248988699,0.0,0.0,0.40209794180366887,-0.8244520115278534,0.0,0.00012655612710544935,0.3448433602911344,-1.8056819173242267,0.18857295479878738,0.24263628092493558,0.5874253999367983,1.8080043411611666,0.002188020639982654
2012-11-15 07:00:00,0.31843516675784966,0.8345825842114297,2.991829768183059,64.71878051757812,0.3151818203590342,0.8094507516420382,2.749407629433532,65.85068625367472,0.16621248718776527,0.5972765893247407,1.1191361740086607,66.10997544438604,0.04958456861813483,0.4771645983858877,-0.09943014929755968,41.68168017454786,0.12137817901840668,0.43700606750736737,-0.6731320744413273,111.04408383038968,,,,
2012-11-15 08:00:00,0.9520745189126828,0.9463807823927689,3.9295890663421456,216.4153594970703,1.0059034141352037,0.9645223698518616,3.999412752657846,218.85891020116136,0.6565160450656976,0.7734732883184797,2.568456439598531,219.12118498923692,0.43602157182035983,0.6796095289013548,1.678035632250053,185.18336318611892,0.42134771385950476,0.5949147239272,1.0592545722774038,249.3689664081571,,,,
2012-11-15 09:00:00,1.3944260201122234,1.0348994213666414,4.661231049598477,345.16998291015625,1.4764981845492628,1.0630021401857876,4.842987240776957,346.98182938662865,1.1573220551880408,0.9223229307288331,3.7555202523376225,348.18322853074125,1.0858358140026658,0.8851124699001942,3.570225712796817,366.02558968867777,0.9094365463880913,0.8031165033307412,2.9528779072715734,360.2983465980668,2.34272291819179,0.7733841530741554,4.414166869587475,83.68770761698379
2012-11-15 10:00:00,1.685721482788246,1.103370305655206,5.205685963039695,428.54205322265625,1.7636191484484363,1.1266652498895748,5.38654304190578,429.828437497638,1.527945400585168,1.02936995488643,4.694555020982445,430.463598155705,1.469255883022084,1.000038836070008,4.578719828408057,436.27145702520954,1.303069167803033,0.9376417789824261,4.113632377296981,431.79160751496534,,,,
2012-11-15 11:00:00,1.8458299510444327,1.151753784097201,5.565886662822724,457.175537109375,1.9130716358103732,1.169674699209883,5.7096151852998105,457.93207553277335,1.722108143189771,1.0922263195455901,5.211757184633199,458.459703155592,1.610466577664972,1.0439934130355255,4.9191669909517985,459.3530001463275,1.5513121921753588,1.016584639408,4.8133250502384355,457.8759615257578,,,,
2012-11-15 12:00:00,1.866567847786064,1.1792484473936562,5.750425567564592,429.101806640625,1.923403933347206,1.1944653675594896,5.879201741539892,429.6854604645786,1.7563808471989657,1.1242306087549596,5.45730723802008,429.75743892839535,1.6139157885562025,1.0615500742441089,5.05317749172191,432.69500412960787,1.5855861360111376,1.0409758705403058,5.007267140058082,436.58102464721543,3.701069116005495,1.026986895792794,7.473624506520107,256.28035078805414
2012-11-15 13:00:00,1.7042532641407466,1.1769933176331857,5.685440630312502,347.3902893066406,1.7537297300673318,1.192232682864033,5.809899100912975,347.44919178513186,1.587293253905868,1.1177467451864462,5.372865453799017,346.985634124059,1.4459457374594555,1.044486425597411,4.87245508795837,359.2115491337351,1.4390062406844573,1.0256229756828343,4.890541922136796,369.72525250413565,,,,
2012-11-15 14:00:00,1.271565084268586,1.1308311728496334,5.251722238315548,220.8629150390625,1.3054876655576124,1.1434332821079547,5.371796096698095,220.34308694021072,1.110542941916565,1.0403482210245032,4.581769809381743,219.47462447425593,1.0523791117578745,0.9712046398372471,4.167397540612186,245.7395529367475,1.119514123191262,0.9774709290665168,4.482125281951041,263.063487046484,,,,
2012-11-15 15:00:00,0.46620373560886663,1.0200610068976872,4.308619409354772,68.82344055175781,0.4592328577111,1.0053181409139238,4.232350533041169,68.38810533843221,0.30560313218481916,0.8062333593001311,2.476186930921206,67.77333658211771,0.4026901451589367,0.7742767808003982,2.39498475785451,105.01995966804293,0.5188390295965558,0.8179087744202587,3.0262069935796863,127.83828231289161,1.1499827328250605,0.8842970597632335,6.920289492101847,163.7392370178064
2012-11-15 16:00:00,0.0,0.9217094095646994,3.4781528385922114,0.0,0.0,0.8970987611894727,3.32354902862331,0.0,0.0,0.6290351947091877,1.0723329378774047,0.0,0.0,0.611310868987598,0.7586336779614755,0.0,0.012113288956969647,0.6168644125701317,1.1199155343825775,3.509217322176981,,,,
2012-11-15 17:00:00,0.0,0.8904977549515735,3.230729451908197,0.0,0.0,0.8562903349321147,3.024897783332049,0.0,0.0,0.5767634814027512,0.6538964638883836,0.0,0.0,0.4802961173197336,-0.40172296973435434,0.0,0.0,0.5423461466307964,0.3458287707017176,0.0,,,,
2012-11-15 18:00:00,0.0,0.8642951479613165,3.021741991270757,0.0,0.0,0.8308737187021097,2.8011337761226702,0.0,0.0,0.5339398022260119,0.26806316859833323,0.0,0.0,0.4638244235554732,-0.24404301858041694,0.0,0.0,0.41216306722623314,-1.0613969677870665,0.0,0.0,0.6851384338587647,4.770864864183293,5.105206311023985
2012-11-15 19:00:00,0.0,0.8417886300053822,2.847896298772251,0.0,0.0,0.8067613769026107,2.634940946626561,0.0,0.0,0.5038873615806837,-0.015000142968575828,0.0,0.0,0.4584668591254787,-0.15850749375218498,0.0,0.0,0.39794138832392306,-1.100523740748393,0.0,,,,
2012-11-15 20:00:00,0.0,0.8231360078005381,2.696317764782765,0.0,0.0,0.7853336573159083,2.4584281647930557,0.0,0.0,0.4862779421359638,-0.15079836785265183,0.0,0.0,0.44625208545246536,-0.36530690012871103,0.0,0.0,0.3709996433786772,-1.3512517345922128,0.0,,,,
2012-11-15 21:00:00,0.0,0.8046632200656707,2.557313840162905,0.0,0.0,0.7661776573698335,2.2828925802916236,0.0,0.0,0.47098358448036887,-0.2666295252141708,0.0,0.0,0.42748489361766606,-0.6467797333389974,0.0,0.0,0.37815585825468634,-1.178513491996784,0.0,0.0,0.6288027655098328,3.0145112031437047,0.007263590483364861
2012-11-15 22:00:00,0.0,0.7908420481281755,2.4434322834779927,0.0,0.0,0.7559794952729676,2.2110918199324754,0.0,0.0,0.4582414357268037,-0.3508323105314845,0.0,0.0,0.41358680680118987,-0.7698853839378067,0.0,0.0,0.3769293813910866,-1.1768019186145355,0.0,,,,
2012-11-15 23:00:00,0.0,0.7810466483532886,2.3746612854032922,0.0,0.0,0.744254781628184,2.132154994908906,0.0,0.0,0.4515178704361252,-0.43630592085651176,0.0,0.0,0.39684988188385745,-0.8522501731726597,0.0,0.0,0.3725935171386144,-1.2648253664860087,0.0,,,,
2012-12-24 00:00:00,0.0,0.9748744125032868,3.72309933467555,0.0,0.0,0.9449697673622495,3.5744127142498527,0.0,0.0,0.7228377584295903,2.0313194595017197,0.0,0.0,0.7178251189708535,2.208185981952386,0.0,0.0,0.7091030338617244,2.348255216157842,0.0,0.0,0.5256377039214392,2.42621580023911,0.0
2012-12-24 01:00:00,0.0,0.9768768784411977,3.719999863214627,0.0,0.0,0.9449738508016254,3.5790524517450666,0.0,0.0,0.7244451754396876,2.035264400331428,0.0,0.0,0.6967777785213777,1.9510724956266008,0.0,0.0,0.6967429270484076,2.1099286753959454,0.0,,,,
2012-12-24 02:00:00,0.0,0.9799675381304658,3.732145277692113,0.0,0.0,0.946393463078636,3.600769078857382,0.0,0.0,0.7215202356198206,1.994553333885772,0.0,0.0,0.6924733815464074,1.8728983255732858,0.0,0.0,0.6732833376208819,1.962814749534857,0.0,,,,
2012-12-24 03:00:00,0.0,0.9800344678851325,3.7463257967498085,0.0,0.0,0.9455408294734635,3.6034206039210246,0.0,0.0,0.7075421193926581,1.8835613592806077,0.0,0.0,0.6662634748096495,1.6972280780021505,0.0,0.0,0.6367168708887941,1.595531314040137,0.0,0.0,0.4963236585022906,2.160783312179273,0.0
2012-12-24 04:00:00,0.0,0.9722450855930919,3.712585829860704,0.0,0.0,0.9344905403452912,3.561836488384792,0.0,0.0,0.6981931723200323,1.8117750869069702,0.0,0.0,0.6632558701791234,1.6677564414735058,0.0,0.0,0.660442455018317,1.896469719886174,0.0,,,,
2012-12-24 05:00:00,0.0,0.9607986232745045,3.6709118493215303,0.0,0.0,0.923899522827711,3.5323934789789444,0.0,0.0,0.6931420309216836,1.8578818855701484,0.0,0.0,0.6528978151653808,1.631854115277431,0.0,0.0,0.6732146240018784,2.0380169140088773,0.0,,,,
2012-12-24 06:00:00,0.0,0.9465034363660486,3.616238062892466,0.0,0.0,0.9067314406069914,3.44016747415002,0.0,0.0,0.6771478366771196,1.768016537087991,0.0,0.0,0.6491915481677717,1.6160021618649671,0.0,0.0,0.7030115672032573,2.41412894395395,0.0,0.0,0.46768781724077274,1.6783218746384805,0.0
2012-12-24 07:00:00,0.0006193666038092931,0.9324405282322582,3.547187712414728,0.21847239136695862,0.0005814912687686164,0.8896652501483986,3.3657827316236753,0.22143646745633097,0.00025684402551453075,0.6781856462191705,1.8345890242150726,0.2589510742215939,0.0,0.636643558843506,1.5832976548021191,0.0,0.041011103353407054,0.6963324248468011,2.334292536626002,16.600194489894143,,,,
2012-12-24 08:00:00,0.4332818661296697,0.9923617725188882,4.17395305262239,101.26614379882812,0.4179247133270207,0.9673151315233226,4.090726661516535,103.10879540113962,0.2950369147505663,0.8001003588370577,2.9578782711790654,102.19795683056624,0.192603066669686,0.7555629502715081,2.601859761795222,71.87177595404702,0.40905720449779537,0.8696508322681203,3.8924899402517608,128.81591961212982,,,,
2012-12-24 09:00:00,0.7446942498641393,1.033982895214362,4.636089434580103,216.57835388183594,0.7227935363229285,1.011935147704831,4.575753727101729,220.50559209647682,0.5430015694278587,0.8690938320372066,3.5988154082603785,217.7978642189444,0.5825658505573098,0.8877070265733741,3.821294276829837,235.10840628657067,0.6812022724737121,0.9483728138956419,4.522917918297025,233.450867951802,1.4641213695562776,0.5433343890795872,3.496907676131671,43.27889962915921
2012-12-24 10:00:00,0.9037523927305913,1.0600659189590684,4.898607575824817,298.09942626953125,0.8725782193769122,1.036175759807508,4.806491715955786,302.8885450172164,0.6969432419370051,0.9170481034420636,3.988361257958318,298.40981731313457,0.7560971261773075,0.9564959300874999,4.343528051022546,307.57659038931996,0.7751304060730603,0.9567625008643619,4.5203577561237775,309.38002953488905,,,,
2012-12-24 11:00:00,0.9738474039017955,1.0782198525894546,5.047369551476448,335.9466857910156,0.9444245241389326,1.055038577719748,4.94565484558304,340.42528928384144,0.7748498205868732,0.9460059884111709,4.202167882055599,334.9460939471745,0.8376882876717642,0.9929090967522234,4.61081771914451,339.20830046875307,0.8394395258829037,0.9801630932284774,4.697460705101189,342.8043551159781,,,,
2012-12-24 12:00:00,0.9684740287841889,1.0877238017792743,5.119411462003489,322.8245544433594,0.9348872929921085,1.0626577532488222,4.996615987843103,325.77200295060084,0.760178426868562,0.9475667479612968,4.200541506917627,319.9748840671193,0.8258934411400304,0.9958045284552036,4.638954730452225,326.23940766640175,0.7895417730332656,0.9626582849299965,4.4903977614629005,334.1737075361281,2.9839818686974824,0.7734205303760291,8.139867302302473,219.351116060704
2012-12-24 13:00:00,0.8542331978930608,1.0769037708592113,5.018073000396398,256.926025390625,0.8214224905840007,1.0496259393846883,4.877565082235502,257.97837733985864,0.6441006953472806,0.9222328000454326,3.996740237962807,248.92690201320173,0.7055162055203368,0.9622667644930335,4.368049638850608,264.98639102360363,0.6818784107409577,0.9331110187109942,4.210842916241162,283.72588957765447,,,,
2012-12-24 14:00:00,0.6005310654632285,1.046717732054342,4.728891234510834,150.7554931640625,0.5828949363652273,1.021495459831,4.611003095513251,151.71363651291998,0.425390937004913,0.8756741544578714,3.6144182346902105,140.55213169586864,0.4821894824664237,0.9020504895656188,3.852446768423328,163.9291544926626,0.48291964635598794,0.8804198447507983,3.7517732571826454,189.54090905175184,,,,
2012-12-24 15:00:00,0.1622223442925693,0.9702470500261563,4.019985701146529,35.87031555175781,0.15352645044854635,0.934022246433826,3.812280216946114,36.175539234502324,0.09859584220912669,0.7753654261693891,2.714718288415888,32.948010772921904,0.1712464093607181,0.7951165078774285,2.9013803629417345,56.85767764905344,0.18331534971613195,0.7687953085528878,2.7570794874056777,76.03300596152602,0.6400702991850546,0.6588540923517424,6.632147361082467,130.44111556239625
2012-12-24 16:00:00,0.0,0.9114419830332231,3.5083937463713517,0.0,0.0,0.870942084520838,3.2630569959986073,0.0,0.0,0.7112932033326697,2.1340821139364134,0.0,0.0,0.6953623779543047,2.0080939219185145,0.0,0.0002449856550283765,0.6503160718617975,1.592844947801274,0.16192177043039196,,,,
2012-12-24 17:00:00,0.0,0.8904100851888486,3.328401458814159,0.0,0.0,0.8494450177276821,3.0718904420379682,0.0,0.0,0.6838132751927913,1.8794438522626076,0.0,0.0,0.6954276310060474,1.9833899606125807,0.0,0.0,0.6510107681591305,1.6006447175137466,0.0,,,,
2012-12-24 18:00:00,0.0,0.8683136420411155,3.133342188392986,0.0,0.0,0.8233024677773658,2.8440944224478097,0.0,0.0,0.6681048540008073,1.6999511588156713,0.0,0.0,0.6543543345750923,1.6250478697192214,0.0,0.0,0.6485047358339138,1.5889464971263794,0.0,0.0,0.5790995732733627,4.597995652189884,2.3255369489600755
2012-12-24 19:00:00,0.0,0.8423023565496578,2.8978709540277525,0.0,0.0,0.7949807582143846,2.567945692303005,0.0,0.0,0.6573538923276797,1.5404412664858969,0.0,0.0,0.6265685899044576,1.3150125574451963,0.0,0.0,0.6462405141207316,1.5126429168026514,0.0,,,,
2012-12-24 20:00:00,0.0,0.8113589078552972,2.6212001450823763,0.0,0.0,0.7699571015219782,2.3401641040826924,0.0,0.0,0.6366824450469348,1.3268994440113566,0.0,0.0,0.5846510339026996,0.9171307965407127,0.0,0.0,0.6408144937908196,1.389668844799203,0.0,,,,
2012-12-24 21:00:00,0.0,0.7861841039104196,2.3960814882622925,0.0,0.0,0.7442538228750162,2.1166680210710713,0.0,0.0,0.620047216754586,1.1456303669071468,0.0,0.0,0.5774626349272118,0.8967069658759973,0.0,0.0,0.6320831470118737,1.2579008431235557,0.0,0.0,0.5434055854673159,3.8382791972411763,0.0
2012-12-24 22:00:00,0.0,0.7681134711049251,2.229195571939267,0.0,0.0,0.726273024423645,1.9533748896121628,0.0,0.0,0.609248428893045,1.0359725043965293,0.0,0.0,0.5667907726980237,0.8051272418436097,0.0,0.0,0.6191387566585168,1.1204999072149688,0.0,,,,
2012-12-24 23:00:00,0.0,0.7529348021705731,2.086111307382629,0.0,0.0,0.7111855121337421,1.8073610768460475,0.0,0.0,0.5987563558160769,0.947121740544749,0.0,0.0,0.5521643527736382,0.622889367273387,0.0,0.0,0.6002261249568286,0.908253869712848,0.0,,,,
