,GPP_1km,RECO_1km,T2_1km,SWDOWN_1km,NEE_1km,GPP_9km,RECO_9km,T2_9km,SWDOWN_9km,NEE_9km,GPP_54km,RECO_54km,T2_54km,SWDOWN_54km,NEE_54km,GPP_CAMS,RECO_CAMS,T2_CAMS,SWDOWN_CAMS,NEE_CAMS
2012-01-20 00:00:00,0.0,1.100943922996521,-1.1989997545847875,0.0,1.100943922996521,0.0,0.9628175199465522,-1.7949593697968818,0.0,0.9628175199465522,0.0,1.0258417458232185,-0.988934199590449,0.0,1.0258417458232185,0.0,0.3985797481687541,3.0019618549546863,0.0,0.3985797481687541
2012-01-20 01:00:00,0.0,1.0761770009994507,-1.3514405414038688,0.0,1.0761770009994507,0.0,0.9759641663007188,-1.7360782763628686,0.0,0.9759641663007188,0.0,1.0318770532716317,-0.9386637336444653,0.0,1.0318770532716317,0.0,0.3944169511720172,2.9616943960676068,0.0,0.3944169511720172
2012-01-20 02:00:00,0.0,1.0570186376571655,-1.4823808325668826,0.0,1.0570186376571655,0.0,0.9787168189796618,-1.733397777119831,0.0,0.9787168189796618,0.0,1.023980077451927,-0.9870047123276692,0.0,1.023980077451927,0.0,0.3902541541752803,2.9214269371805273,0.0,0.3902541541752803
2012-01-20 03:00:00,0.0,1.042142629623413,-1.5957957429750973,0.0,1.042142629623413,0.0,0.970433233035339,-1.7623751723444174,0.0,0.970433233035339,0.0,0.9947365185299358,-1.1653270726579332,0.0,0.9947365185299358,0.0,0.3860913571785434,2.8811594782934478,0.0,0.3860913571785434
2012-01-20 04:00:00,0.0,1.021608829498291,-1.7576914560578283,0.0,1.021608829498291,0.0,0.9546208620593147,-1.8727673073157125,0.0,0.9546208620593147,0.0,0.9665756882937812,-1.3178919696437223,0.0,0.9665756882937812,5.752487879655488e-05,0.3752507742215411,2.5280034333131374,0.0,0.3751932493427445
2012-01-20 05:00:00,0.0,0.9941769242286682,-1.965890981179474,0.0,0.9941769242286682,0.0,0.940302227386143,-2.0249489983951476,0.0,0.940302227386143,0.0,0.9125492139592504,-1.6819691346863046,0.0,0.9125492139592504,0.00011504975759310976,0.3644101912645388,2.174847388332827,0.0,0.36429514150694564
2012-01-20 06:00:00,0.0,0.9629249572753906,-2.1643794346992205,0.0,0.9629249572753906,0.0,0.9264099374742687,-2.129086935962971,0.0,0.9264099374742687,0.0,0.9066576087940328,-1.683785750985568,0.0,0.9066576087940328,0.00017257463638966464,0.3535696083075364,1.8216913433525168,0.0,0.3533970336711468
2012-01-20 07:00:00,0.0006905138725414872,0.9379538297653198,-2.3435987542416683,2.4835305213928223,0.9372633099555969,0.0017961810733805263,0.8873327398010361,-2.379051464065334,2.755929400126118,0.8855365587276556,0.0008730578475278376,0.89813419696014,-1.755155766289004,2.614870796486432,0.8972611391126121,0.28448485340200724,0.35744915861702936,1.8610129177810277,11.28885139561341,0.07296430521502212
2012-01-20 08:00:00,0.04203645512461662,0.9797829985618591,-2.1112295615821677,76.20545959472656,0.937746524810791,0.0634790497656128,0.9636691413344046,-1.8592784444886392,84.68240404844173,0.9001900915687918,0.029941557860509525,0.9177587325000542,-1.611546952052077,91.1436096131761,0.8878171746395447,0.5687971321676248,0.36132870892652236,1.9003344922095387,22.57770279122682,-0.20746842324110248
2012-01-20 09:00:00,0.07475436478853226,0.9898775815963745,-2.1506896121346406,153.68772888183594,0.9151232242584229,0.11265351098867359,1.0084709469615112,-1.6643629297022768,166.28824314275062,0.8958174359728376,0.0764874034045979,0.9423382855431425,-1.5066640079868456,182.1789944138969,0.8658508821385446,0.8531094109332426,0.3652082592360153,1.9396560666380496,33.86655418684023,-0.48790115169722725
2012-01-20 10:00:00,0.09603369235992432,0.9894794821739197,-2.3295717046167406,208.985107421875,0.8934457898139954,0.15153104914872906,1.0047720711194799,-1.788094137741894,216.2291032567977,0.8532410219707508,0.13996630118960648,0.9627487988320028,-1.4824368570240978,251.75429165308583,0.8227824976423963,0.965804671796665,0.38140118252089983,2.092475028095574,72.41422028344678,-0.5844034892757651
2012-01-20 11:00:00,0.10676460713148117,0.9848702549934387,-2.536130121708958,234.7946319580078,0.878105640411377,0.16022497492415003,0.9719867597968938,-2.1729245244396718,236.73982297937317,0.8117617848727438,0.15602778608967127,0.9387498289538123,-1.7400134467660704,282.50108692054386,0.782722042864141,1.0784999326600873,0.3975941058057843,2.245293989553099,110.96188638005334,-0.6809058268543029
2012-01-20 12:00:00,0.1083412766456604,0.9751408696174622,-2.7788560400084807,228.032470703125,0.8667995929718018,0.14160227214303117,0.9289098717131823,-2.6081527260758928,237.35804558075338,0.7873075995701511,0.1551038938493544,0.9069214006876971,-2.0179604757055785,280.8267718688916,0.7518175068383427,1.1911951935235097,0.41378702909066883,2.3981129510106234,149.5095524766599,-0.7774081644328408
2012-01-20 13:00:00,0.10234249383211136,0.9584627151489258,-3.054489828834879,198.72642517089844,0.856120228767395,0.11781182462210595,0.8775655335385744,-3.0770618780460355,212.77385001754934,0.7597537089164684,0.14286273884005776,0.8689248954776512,-2.345827073365547,242.22967118080743,0.7260621566375934,0.9481639515073471,0.39771505256614875,2.1402218360209666,139.4335821133142,-0.5504488989411984
2012-01-20 14:00:00,0.08599574118852615,0.9326958656311035,-3.3585791055550906,145.6602325439453,0.846700131893158,0.070978033582171,0.8175464744688372,-3.5214202653216358,151.12305106835615,0.7465684408866662,0.11160286765104134,0.8174883864751682,-2.803576561853009,170.27921733078676,0.7058855188241269,0.7051327094911846,0.38164307604162867,1.8823307210313096,129.35761174996847,-0.3234896334495559
2012-01-20 15:00:00,0.04550623893737793,0.8669026494026184,-3.8805047444645875,67.63938903808594,0.8213964104652405,0.028170417237481444,0.7371783287682977,-4.070673172512545,70.21602715637192,0.7090079115308162,0.04802819305411383,0.7295623512879971,-3.477188715437876,81.92161524094976,0.6815341582338832,0.462101467475022,0.3655710995171086,1.6244396060416526,119.28164138662277,-0.09653036795791342
2012-01-20 16:00:00,0.0004392458649817854,0.7720514535903931,-4.5662952631723925,0.2840456962585449,0.7716122269630432,0.00020300644294544913,0.6125648855777555,-4.960891154041444,0.28334339534690905,0.61236187913481,0.00019851723932464782,0.6224311680595276,-4.254844345241039,0.8773206015325121,0.622232650820203,0.30806764498334804,0.3550475236255499,1.183770035694471,81.03295684242809,0.04697987864220188
2012-01-20 17:00:00,0.0,0.7456503510475159,-4.752127969214349,0.0,0.7456503510475159,0.0,0.5846803686607239,-5.210564220213476,0.0,0.5846803686607239,0.0,0.5849633052649582,-4.5764936880385525,0.0,0.5849633052649582,0.15403382249167402,0.34452394773399125,0.7431004653472891,42.78427229823342,0.19049012524231723
2012-01-20 18:00:00,0.0,0.7296580672264099,-4.847828027532225,0.0,0.7296580672264099,0.0,0.5706454420571402,-5.339749086114799,0.0,0.5706454420571402,0.0,0.552382527540886,-4.765685336332589,0.0,0.552382527540886,0.0,0.3340003718424326,0.30243089500010734,4.535587754038744,0.3340003718424326
2012-01-20 19:00:00,0.0,0.7173948287963867,-4.875056630228827,0.0,0.7173948287963867,0.0,0.5586200420829438,-5.359063525276144,0.0,0.5586200420829438,0.0,0.578527901873934,-4.493218124614239,0.0,0.578527901873934,0.0,0.3298190865290904,0.03651115808655797,3.0267981858310486,0.3298190865290904
2012-01-20 20:00:00,0.0,0.7143584489822388,-4.835945769940209,0.0,0.7143584489822388,0.0,0.5861412428830752,-5.097824939123891,0.0,0.5861412428830752,0.0,0.5872346304255041,-4.270842782586111,0.0,0.5872346304255041,0.0,0.32563780121574826,-0.22940857882699145,1.5180086176233565,0.32563780121574826
2012-01-20 21:00:00,0.0,0.7103975415229797,-4.819434599101523,0.0,0.7103975415229797,0.0,0.6102971664275006,-4.878781929617991,0.0,0.6102971664275006,0.0,0.6039286054478219,-4.076388964315909,0.0,0.6039286054478219,0.0,0.3214565159024061,-0.495328315740541,0.009219049415664315,0.3214565159024061
2012-01-20 22:00:00,0.0,0.7032461166381836,-4.811579428766735,0.0,0.7032461166381836,0.0,0.614732275152192,-4.7599494577224375,0.0,0.614732275152192,0.0,0.6049197951229903,-3.985552942313782,0.0,0.6049197951229903,0.0,0.3295814426394212,-0.5242500723449887,0.006146032943776013,0.3295814426394212
2012-01-20 23:00:00,0.0,0.6935659646987915,-4.831541671774502,0.0,0.6935659646987915,0.0,0.6189738932445096,-4.709183103591472,0.0,0.6189738932445096,0.0,0.6466983448929657,-3.7065880721679294,0.0,0.6466983448929657,0.0,0.33770636937643633,-0.5531718289494362,0.0030730164718880066,0.33770636937643633
2012-02-19 00:00:00,0.0,0.667319655418396,-4.49158421699461,0.0,0.667319655418396,0.0,0.549299003780781,-5.382462928062613,0.0,0.549299003780781,0.0,0.5083414799606613,-5.727721470657321,0.0,0.5083414799606613,0.0,0.22760110963243457,-1.2624796346397245,0.0,0.22760110963243457
2012-02-19 01:00:00,0.0,0.6610168218612671,-4.575208892567906,0.0,0.6610168218612671,0.0,0.5482047962065112,-5.466892535325241,0.0,0.5482047962065112,0.0,0.5282780247933976,-5.636709936274582,0.0,0.5282780247933976,0.0,0.22469843343770432,-1.1439356196933983,0.0,0.22469843343770432
2012-02-19 02:00:00,0.0,0.6622748970985413,-4.618952474442032,0.0,0.6622748970985413,0.0,0.5478802094004772,-5.50626197988941,0.0,0.5478802094004772,0.0,0.5344056825002562,-5.641555420528661,0.0,0.5344056825002562,0.0,0.22179575724297404,-1.0253916047470721,0.0,0.22179575724297404
2012-02-19 03:00:00,0.0,0.6744991540908813,-4.572930779402934,0.0,0.6744991540908813,0.0,0.5534179159383666,-5.43912993296489,0.0,0.5534179159383666,0.0,0.5400388303087968,-5.336663531012348,0.0,0.5400388303087968,0.0,0.2188930810482438,-0.906847589800746,0.0,0.2188930810482438
2012-02-19 04:00:00,0.0,0.6872207522392273,-4.500680893553283,0.0,0.6872207522392273,0.0,0.5681081826494404,-5.23602615363748,0.0,0.5681081826494404,0.0,0.5685799538163053,-5.0706934415275144,0.0,0.5685799538163053,0.01623721201902064,0.21735342735011523,-0.9871851946440854,0.008957880388344063,0.20111621533109458
2012-02-19 05:00:00,0.0,0.688057005405426,-4.43486261248725,0.0,0.688057005405426,0.0,0.583730556157686,-4.9634747924108815,0.0,0.583730556157686,0.0,0.5717681989569654,-5.037279355767474,0.0,0.5717681989569654,0.03247442403804128,0.2158137736519867,-1.0675227994874248,0.017915760776688126,0.18333934961394543
2012-02-19 06:00:00,0.0,0.6863829493522644,-4.321360263847835,0.0,0.6863829493522644,0.0,0.5944060008550174,-4.802926205833415,0.0,0.5944060008550174,0.0,0.5681594845908264,-4.807490592327378,0.0,0.5681594845908264,0.04871163605706193,0.21427411995385814,-1.1478604043307643,0.026873641165032193,0.16556248389679623
2012-02-19 07:00:00,0.008897306397557259,0.7584637999534607,-3.6762078145661543,56.84531021118164,0.7495664954185486,0.005203539727691698,0.6607603048506439,-4.11660882711001,53.14143561906192,0.6555567651229521,0.004597063227744503,0.66231100243347,-3.7538815088423365,56.33152771783477,0.6577139392057254,0.22961167690721818,0.2263441255513278,-0.30340179005027024,25.75744157433123,-0.00326755135589038
2012-02-19 08:00:00,0.020513709634542465,0.828416645526886,-3.1257206877188644,163.33079528808594,0.8079029321670532,0.01338391869405306,0.7658042384382221,-3.246817866533786,155.45776082318594,0.752420319744169,0.01183804595708154,0.7791493508635855,-2.74398926557671,163.47267112849445,0.767311304906504,0.41051171775737444,0.23841413114879742,0.5410568242302238,51.48800950749743,-0.17209758660857702
2012-02-19 09:00:00,0.024574579671025276,0.8659307360649109,-2.859929863739303,269.9479064941406,0.8413561582565308,0.0230234947841508,0.8442832283154654,-2.6303138950444858,263.2719529640812,0.8212597335313147,0.019414634893744773,0.9073537144893292,-1.7194281218362462,283.04948008222283,0.8879390795955845,0.5914117586075308,0.25048413674626707,1.385515438510718,77.21857744066362,-0.34092762186126374
2012-02-19 10:00:00,0.03111628070473671,0.8970910310745239,-2.6604318678699377,364.6462707519531,0.8659747242927551,0.02716171753704087,0.8950664708178397,-2.233423348976199,351.4062729874585,0.8679047532807989,0.02822774685213602,0.9870401772731209,-1.1717727309209895,361.73241074556586,0.9588124304209849,0.7311216922852932,0.2693398400550033,2.0630785444142705,133.19463009062522,-0.46178185223028995
2012-02-19 11:00:00,0.03507653623819351,0.9162324070930481,-2.5359074965667903,429.5654296875,0.8811558485031128,0.029080925393090092,0.9187661858640651,-2.0437374789800105,407.9939842723273,0.8896852604709751,0.02584453886116369,0.9887030970619184,-1.1228668520686296,391.0923364024085,0.9628585582007547,0.8708316259630556,0.28819554336373954,2.7406416503178237,189.1706827405868,-0.5826360825993161
2012-02-19 12:00:00,0.03836396709084511,0.9250843524932861,-2.509263461644692,426.8216247558594,0.8867203593254089,0.026039576547289087,0.9170775806821072,-2.0555841885913155,394.3743094330131,0.8910380041348182,0.029314097307127567,0.9660859448581023,-1.271982671669126,378.86972094342764,0.9367718475509748,1.010541559640818,0.30705124667247574,3.4182047562213764,245.14673539054843,-0.7034903129683423
2012-02-19 13:00:00,0.03618522733449936,0.9192274808883667,-2.5931352166367176,354.37359619140625,0.8830422759056091,0.021640911342330614,0.8982854420386455,-2.169465733228368,319.63057524987954,0.8766445306963149,0.029934414944705643,0.9363019882769786,-1.5139481059152855,321.6110624481905,0.906367573332273,0.9032285134468365,0.3014107388817058,3.313665364361976,234.742327600776,-0.6018177745651307
2012-02-19 14:00:00,0.02965508960187435,0.9004966616630554,-2.7848958681727005,247.03799438476562,0.8708415627479553,0.017911734254570454,0.8588165729291607,-2.488829857170938,223.686979565198,0.8409048386745902,0.02521977568689458,0.8983868784018921,-1.8234129617842432,227.96601029561597,0.8731671027149975,0.795915467252855,0.29577023109093575,3.209125972502576,224.33791981100356,-0.5001452361619192
2012-02-19 15:00:00,0.0191304050385952,0.8676592707633972,-3.092903925316241,139.77169799804688,0.8485288619995117,0.011568247334428038,0.8074704701784116,-2.9854336631206047,128.7843471553906,0.7959022228439835,0.018293870976609634,0.8409282775248501,-2.3009183658472057,133.51163478697643,0.8226344065482405,0.6886024210588734,0.2901297233001658,3.1045865806431756,213.93351202123114,-0.3984726977587076
2012-02-19 16:00:00,0.0064641209319233894,0.8188297152519226,-3.5382403205309654,45.54493713378906,0.8123655915260315,0.003469073608689694,0.7456399703923442,-3.6679350150440793,43.861066717937156,0.7421708967836546,0.00534218309511749,0.7693606996078253,-2.892979695147605,47.93841714415792,0.7640185165127078,0.4590682807059156,0.26801042418522214,2.0950639046319983,154.07281733952317,-0.19105785652069346
2012-02-19 17:00:00,0.0,0.7511866688728333,-4.121622838829112,0.0,0.7511866688728333,0.0,0.6562275431982919,-4.569898272784746,0.0,0.6562275431982919,0.0,0.6808882264353385,-3.804956288707037,0.0,0.6808882264353385,0.22953414035295783,0.24589112507027844,1.085541228620821,94.21212265781517,0.01635698471732061
2012-02-19 18:00:00,0.0,0.7287108302116394,-4.395548136358656,0.0,0.7287108302116394,0.0,0.6092532594678987,-5.029046062228997,0.0,0.6092532594678987,0.0,0.6178843837303635,-4.511947445992705,0.0,0.6178843837303635,0.0,0.22377182595533476,0.0760185526096433,34.351427976107175,0.22377182595533476
2012-02-19 19:00:00,0.0,0.7100638151168823,-4.629371491567824,0.0,0.7100638151168823,0.0,0.5800079221393385,-5.325991754502252,0.0,0.5800079221393385,0.0,0.5615407667725392,-5.107152595279002,0.0,0.5615407667725392,0.0,0.22015475992351935,-0.3483731225895905,22.900951984071447,0.22015475992351935
2012-02-19 20:00:00,0.0,0.6895498037338257,-4.867823853600538,0.0,0.6895498037338257,0.0,0.5451122963887931,-5.714146565322296,0.0,0.5451122963887931,0.0,0.5082779476147881,-5.678626562525356,0.0,0.5082779476147881,0.0,0.21653769389170394,-0.7727647977888246,11.450475992035724,0.21653769389170394
2012-02-19 21:00:00,0.0,0.6706838011741638,-5.101023740168858,0.0,0.6706838011741638,0.0,0.5180430480582017,-6.0838671317009965,0.0,0.5180430480582017,0.0,0.45738226336916604,-6.185000326663897,0.0,0.45738226336916604,0.0,0.21292062785988852,-1.1971564729880586,0.0,0.21292062785988852
2012-02-19 22:00:00,0.0,0.6532741189002991,-5.326289781765424,0.0,0.6532741189002991,0.0,0.48543548135302333,-6.516969610552032,0.0,0.48543548135302333,0.0,0.40714006150128085,-6.742672022631156,0.0,0.40714006150128085,0.0,0.21948520952772568,-1.424525677691278,0.0,0.21948520952772568
2012-02-19 23:00:00,0.0,0.6374669671058655,-5.55162631722069,0.0,0.6374669671058655,0.0,0.45785759311851754,-6.971564632588808,0.0,0.45785759311851754,0.0,0.3659745923166648,-7.2663105442317155,0.0,0.3659745923166648,0.0,0.22604979119556282,-1.6518948823944974,0.0,0.22604979119556282
2012-03-19 00:00:00,0.0,1.2326925992965698,-0.8257640045018945,0.0,1.2326925992965698,0.0,1.138350777753562,-0.8688339913940243,0.0,1.138350777753562,0.0,1.2291742995029997,0.26268804445755023,0.0,1.2291742995029997,0.0,0.7283159037142631,4.531838739654039,0.0,0.7283159037142631
2012-03-19 01:00:00,0.0,1.1992061138153076,-1.0545671634030205,0.0,1.1992061138153076,0.0,1.1117912912895294,-1.074666928074116,0.0,1.1117912912895294,0.0,1.1924502380539017,0.035190524571557025,0.0,1.1924502380539017,0.0,0.7117937837237714,4.3636509042831495,0.0,0.7117937837237714
2012-03-19 02:00:00,0.0,1.170390248298645,-1.2468742307020957,0.0,1.170390248298645,0.0,1.0902237748741617,-1.2057317491671893,0.0,1.0902237748741617,0.0,1.1545781790557663,-0.21461450640868945,0.0,1.1545781790557663,0.0,0.6952716637332799,4.195463068912259,0.0,0.6952716637332799
2012-03-19 03:00:00,0.0,1.1447584629058838,-1.4199864026371232,0.0,1.1447584629058838,0.0,1.0712986832312086,-1.365524649603347,0.0,1.0712986832312086,0.0,1.1210336411936028,-0.44883552826512624,0.0,1.1210336411936028,0.0,0.6787495437427882,4.02727523354137,0.0,0.6787495437427882
2012-03-19 04:00:00,0.0,1.1224807500839233,-1.5581129773583589,0.0,1.1224807500839233,0.0,1.0544011385920633,-1.489962204306966,0.0,1.0544011385920633,0.0,1.08060825333276,-0.7157454620066955,0.0,1.08060825333276,0.37673518610787293,0.6667745096273816,3.7717737781034466,1.6709085584869956,0.2900393235195087
2012-03-19 05:00:00,0.0,1.1051137447357178,-1.6699288922097992,0.0,1.1051137447357178,0.0,1.034614643281065,-1.624800057275689,0.0,1.034614643281065,0.0,1.045998704007953,-0.9553951096240544,0.0,1.045998704007953,0.7534703722157459,0.6547994755119749,3.5162723226655235,3.341817116973991,-0.09867089670377094
2012-03-19 06:00:00,0.06707540899515152,1.1226352453231812,-1.5220596029866427,41.448848724365234,1.0555598735809326,0.03922139641123398,1.036467375785913,-1.588052914932038,36.56458944521182,0.9972459793746791,0.03675660955895092,1.0199697956637204,-1.1377801049918845,35.69403664527742,0.9832131861047695,1.1302055583236188,0.6428244413965684,3.2607708672276,5.012725675460987,-0.48738111692705044
2012-03-19 07:00:00,0.179274782538414,1.157936930656433,-1.2352978502380048,153.8585968017578,0.9786621332168579,0.11983869779006685,1.0846972944007807,-1.2443490758027786,140.42970800840757,0.9648585966107138,0.09037858674081838,1.033884882928039,-1.0351160811638866,119.31255731863486,0.9435062961872206,1.7562171619290217,0.7141779381457888,4.14331229666744,58.6523895288845,-1.0420392237832328
2012-03-19 08:00:00,0.2544223666191101,1.1792832612991333,-1.058138860241866,276.8878479003906,0.9248608946800232,0.1823862534498984,1.1160352085725074,-0.9982852967838921,257.569477263233,0.933648955122609,0.15607415293004354,1.0799954969523902,-0.7463860035275052,226.97100833047338,0.9239213440223466,2.3822287655344248,0.7855314348950091,5.025853726107279,112.29205338230801,-1.5966973306394157
2012-03-19 09:00:00,0.3168282210826874,1.197867512702942,-0.907679899169907,387.6832580566406,0.8810392618179321,0.22844016038178958,1.1423237324153444,-0.7785936843923436,357.40412986759515,0.9138835720335547,0.24977868780814078,1.1365312813975328,-0.39343050231323673,339.807806968846,0.8867525935893921,3.0082403691398274,0.8568849316442295,5.908395155547119,165.93171723573153,-2.1513554374955977
2012-03-19 10:00:00,0.3784870505332947,1.2188332080841064,-0.7630666916642422,473.74017333984375,0.8403461575508118,0.2666775070318029,1.163911022713263,-0.6149793567683149,433.042936772694,0.8972335156814601,0.3013979562942236,1.180913772701059,-0.11119161382055513,425.88612899948436,0.8795158164068354,3.3571293007008,0.9121611344279107,6.49323797907353,229.726528906834,-2.444968166272889
2012-03-19 11:00:00,0.4276401102542877,1.2384129762649536,-0.6408848235332263,515.3222045898438,0.8107728958129883,0.3080880686484138,1.1860045876786065,-0.48115554247219794,489.5875948386387,0.8779165190301927,0.35795470949795966,1.219380862943181,0.13523750492507675,481.2067520853201,0.8614261534452214,3.7060182322617723,0.967437337211592,7.078080802599942,293.5213405779365,-2.7385808950501804
2012-03-19 12:00:00,0.4583337903022766,1.253164529800415,-0.5621978881655275,522.0346069335938,0.7948307394981384,0.3312810001996954,1.2054084378803407,-0.3766713570351487,483.6404766747521,0.8741274376806453,0.39962212790360774,1.2507365972661182,0.2966535489135596,487.1830209508104,0.8511144693625105,4.054907163822745,1.0227135399952731,7.6629236261263545,357.316152249039,-3.032193623827472
2012-03-19 13:00:00,0.4617097079753876,1.259306788444519,-0.5323134166195311,488.02093505859375,0.7975970506668091,0.3301286564361837,1.2130513092730333,-0.34271087792662835,456.0595107871547,0.8829226528368496,0.4005634006426433,1.2728031631849548,0.4135873799110179,454.85760757113354,0.8722397625423115,3.7537115853323635,1.0056856008140729,7.708838941138413,339.47423586872264,-2.7480259845182906
2012-03-19 14:00:00,0.4457918107509613,1.2676386833190918,-0.5093507021647538,411.0888671875,0.8218468427658081,0.3013351337040662,1.2138793972660986,-0.34510794526882926,374.42199696779585,0.9125442635620324,0.3788801738412061,1.293702666234782,0.5260328958386711,357.32925504749426,0.9148224923935758,3.4525160068419822,0.9886576616328727,7.754754256150471,321.6323194884062,-2.4638583452091094
2012-03-19 15:00:00,0.37482360005378723,1.2595973014831543,-0.575786068969055,292.2051086425781,0.8847737312316895,0.2668018920749147,1.2026094066520137,-0.452888863202085,265.81330687357087,0.935807514577099,0.3084183765232334,1.297596032144204,0.5514948288404733,265.1431221998673,0.9891776556209706,3.1513204283516005,0.9716297224516725,7.800669571162529,303.79040310808983,-2.179690705899928
2012-03-19 16:00:00,0.24201498925685883,1.2261372804641724,-0.8269441451711818,156.30247497558594,0.9841222763061523,0.1654206097002274,1.1669949528288401,-0.7125467719564306,139.8210056719515,1.0015743431286128,0.234522688101829,1.2675765431874684,0.3808955045222667,149.77162636378497,1.0330538550856394,2.100880285567734,0.8959247289572868,7.033337098896312,229.1150968330214,-1.204955556610447
2012-03-19 17:00:00,0.04820433631539345,1.1246886253356934,-1.6191450508502074,30.69074249267578,1.0764843225479126,0.033421637538409016,1.07517537383287,-1.4047197990208604,28.515829862120977,1.0417537362944609,0.016724138882668407,1.1474417812025022,-0.34019964274788056,14.391787620785216,1.1307176423198337,1.050440142783867,0.8202197354629013,6.266004626630096,154.43979055795296,-0.23022040732096571
2012-03-19 18:00:00,0.0,1.073133945465088,-2.036920743120981,0.0,1.073133945465088,0.0,1.0052272244916132,-1.9729004291727734,0.0,1.0052272244916132,0.0,1.0923044842446537,-0.7760186671147323,0.0,1.0923044842446537,0.0,0.7445147419685156,5.498672154363879,79.7644842828845,0.7445147419685156
2012-03-19 19:00:00,0.0,1.043233871459961,-2.271611447260335,0.0,1.043233871459961,0.0,0.98604331919243,-2.227269835587624,0.0,0.98604331919243,0.0,1.081973809245373,-0.9887931524717881,0.0,1.081973809245373,0.0,0.7027129259344096,4.828303447050914,53.17728238806116,0.7027129259344096
2012-03-19 20:00:00,0.0,1.0051790475845337,-2.5670528411505096,0.0,1.0051790475845337,0.0,0.9639842987100549,-2.4652677141608437,0.0,0.9639842987100549,0.0,1.083379132991791,-0.9451523407736474,0.0,1.083379132991791,0.0,0.6609111099003037,4.157934739737948,26.590080493237828,0.6609111099003037
2012-03-19 21:00:00,0.0,0.9782540202140808,-2.811029896893733,0.0,0.9782540202140808,0.0,0.9402803479243439,-2.643482589688304,0.0,0.9402803479243439,0.0,1.0939162270793552,-0.7989011426426287,0.0,1.0939162270793552,0.0,0.6191092938661976,3.487566032424983,0.0028785984144974464,0.6191092938661976
2012-03-19 22:00:00,0.0,0.950918436050415,-3.0391443967046676,0.0,0.950918436050415,0.0,0.9162524006502849,-2.8577927108769607,0.0,0.9162524006502849,0.0,1.0862217301773707,-0.8624743321616276,0.0,1.0862217301773707,0.0,0.6093460553749905,3.313077146624088,0.001919065609669466,0.6093460553749905
2012-03-19 23:00:00,0.0,0.9203366637229919,-3.260113879878997,0.0,0.9203366637229919,0.0,0.8800941976996097,-3.193802026814548,0.0,0.8800941976996097,0.0,1.0226721583782465,-1.355548055762146,0.0,1.0226721583782465,0.0,0.5995828168837836,3.1385882608231923,0.0009595328048347331,0.5995828168837836
2012-04-07 00:00:00,0.0,1.4629197120666504,0.46836638002085684,0.0,1.4629197120666504,0.0,1.373845271992712,0.447235690288332,0.0,1.373845271992712,0.0,1.2865097400319243,0.22901278866144137,0.0,1.2865097400319243,0.0,0.9046995536117551,6.412849634095675,0.0,0.9046995536117551
2012-04-07 01:00:00,0.0,1.4429292678833008,0.35276599611342874,0.0,1.4429292678833008,0.0,1.3429216843418994,0.25200830032729093,0.0,1.3429216843418994,0.0,1.2805416335194262,0.2549331300198544,0.0,1.2805416335194262,0.0,0.886200413899945,6.160280713919747,0.0,0.886200413899945
2012-04-07 02:00:00,0.0,1.4307808876037598,0.3008169033649297,0.0,1.4307808876037598,0.0,1.3168950199454048,0.11087553175610565,0.0,1.3168950199454048,0.0,1.2578897382164538,0.1868570110039594,0.0,1.2578897382164538,0.0,0.8677012741881349,5.907711793743817,0.0,0.8677012741881349
2012-04-07 03:00:00,0.0,1.4100302457809448,0.2168328561239299,0.0,1.4100302457809448,0.0,1.3030894563952617,0.036007785055677574,0.0,1.3030894563952617,0.0,1.2547008554234877,0.1824736767146892,0.0,1.2547008554234877,0.0,0.8492021344763248,5.655142873567889,0.0,0.8492021344763248
2012-04-07 04:00:00,0.0,1.3927208185195923,0.15549622109903075,0.0,1.3927208185195923,0.0,1.2822139400084624,-0.08701833293371802,0.0,1.2822139400084624,0.0,1.2602707144754577,0.17576367485231933,0.0,1.2602707144754577,0.5706024770687343,0.857040587788818,5.6973124833793465,5.147733023267449,0.2864381107200836
2012-04-07 05:00:00,0.059482745826244354,1.3973352909088135,0.2561744882614019,10.620888710021973,1.3378525972366333,0.03549500062835054,1.290678421593057,-0.00275638230195806,10.000391823449538,1.2551834209647064,0.0,1.2562696622241694,0.13322906808974197,0.0,1.2562696622241694,1.1412049541374687,0.8648790411013113,5.739482093190804,10.295466046534898,-0.2763259130361574
2012-04-07 06:00:00,0.4809633791446686,1.4769320487976074,0.8206100544007611,109.94866943359375,0.9959686994552612,0.31789157749989294,1.3752947039781516,0.5878228188309247,106.88906174638898,1.0574031264782586,0.3430875877344503,1.3406946571083407,0.7510076545108346,108.76811904211957,0.9976070693738903,1.7118074312062033,0.8727174944138045,5.781651703002262,15.443199069802349,-0.8390899367923987
2012-04-07 07:00:00,0.8058846592903137,1.5109190940856934,1.0544146347298067,240.0420684814453,0.7050344347953796,0.5902114719762381,1.4477805854376384,1.058817090039515,243.61404314785057,0.8575691134614003,0.740879948442311,1.4516054016095916,1.4142486737272189,253.17040633019786,0.7107254531672806,2.3511866317136416,0.9468406825276491,6.489284722549049,78.32228327439275,-1.4043459491859926
2012-04-07 08:00:00,1.0365792512893677,1.530722737312317,1.1789632803539885,374.1176452636719,0.4941434860229492,0.7779069219780977,1.4830291100498665,1.2989634276723583,382.5014257317279,0.7051221880717687,1.0865796682672269,1.533283319920914,1.8761991275284342,411.4038130566973,0.4467036516536871,2.9905658322210806,1.0209638706414936,7.196917742095836,141.20136747898314,-1.969601961579587
2012-04-07 09:00:00,1.222551941871643,1.5460352897644043,1.2685730085083127,501.6086730957031,0.32348334789276123,0.9293150916907101,1.4969908981679818,1.3874390008414788,516.0395871221828,0.5676758064772717,1.3024254879815453,1.575216528578431,2.106439826500072,560.7219583701313,0.27279104059688564,3.629945032728519,1.0950870587553383,7.904550761642623,204.08045168357353,-2.534857973973181
2012-04-07 10:00:00,1.3809587955474854,1.5720800161361694,1.4006500369869783,603.4939575195312,0.19112122058868408,1.101772801909884,1.5294889057303958,1.5316429926885573,630.7123009882173,0.42771610382051173,1.3991371795500573,1.6038008937346,2.251270884585222,666.2790989036537,0.20466371418454266,3.847070358899368,1.1374377603746173,8.293224582406184,256.2524413982988,-2.7096325985247507
2012-04-07 11:00:00,1.5136722326278687,1.6012028455734253,1.5392506591958346,663.3562622070312,0.08753061294555664,1.2253255930431264,1.5652202631994485,1.6968828356728953,680.7828859568685,0.33989467015632213,1.4352585793036374,1.634299495958348,2.403647218382399,708.3804661499182,0.19904091665471046,4.064195685070216,1.1797884619938965,8.681898403169743,308.42443111302407,-2.8844072230763196
2012-04-07 12:00:00,1.5859816074371338,1.6250264644622803,1.6530386985118959,671.4464111328125,0.039044857025146484,1.3220227428551774,1.6000695260202924,1.859065735088629,681.9370563768248,0.278046783165115,1.3900416935584883,1.6439836267146597,2.4508908130019265,700.7143258536289,0.2539419331561714,4.281321011241065,1.2221391636131755,9.070572223933304,360.59642082774934,-3.0591818476278894
2012-04-07 13:00:00,1.5540471076965332,1.633586049079895,1.6944761042363146,621.3494262695312,0.07953894138336182,1.2965483975841756,1.606766412220768,1.895679848606807,628.012805011424,0.3102180146365925,1.2464378019619702,1.63998292772961,2.4278531299084904,636.4903287353603,0.3935451257676399,3.9640326718140027,1.2062886907859012,9.054023327748025,343.86883537714107,-2.7577439810281015
2012-04-07 14:00:00,1.4281202554702759,1.6215176582336426,1.632265420416982,520.4420166015625,0.1933974027633667,1.194623139623001,1.5906257262305086,1.8222880082034463,544.5041466147359,0.39600258660750765,1.073221488900759,1.6094270306843927,2.2753278961092946,518.0090938758491,0.5362055417836338,3.6467443323869406,1.190438217958627,9.037474431562746,327.14124992653274,-2.4563061144283136
2012-04-07 15:00:00,1.21329927444458,1.5918357372283936,1.4630895009073905,379.51727294921875,0.3785364627838135,0.9559016279111353,1.545579929280365,1.5751295176331728,395.1601927650729,0.5896783013692296,0.8543229721409934,1.5708066050779546,2.0624178496834977,358.0346902784051,0.7164836329369612,3.329455992959878,1.1745877451313527,9.020925535377467,310.41366447592446,-2.1548682478285253
2012-04-07 16:00:00,0.9121147394180298,1.5504779815673828,1.1934862408633882,222.54867553710938,0.638363242149353,0.6223064807437744,1.466790865789576,1.140368660493318,223.15082722794997,0.8444843850458017,0.5796305930208119,1.5126084038132757,1.7419691436892168,214.0510780084849,0.9329778107924638,2.2343816049385743,1.1066211997141286,8.271309769126315,235.09076262765248,-1.1277604052244457
2012-04-07 17:00:00,0.41032180190086365,1.450911521911621,0.5487476091540778,79.4366455078125,1.040589690208435,0.25390638018645784,1.3493641920908959,0.348672037388306,78.89338145478344,1.095457811904438,0.20269432129863352,1.3830479653626262,0.9984013080803121,76.33330132762457,1.1803536440639926,1.1393072169172704,1.0386546542969046,7.521694002875164,159.7678607793805,-0.10065256262036582
2012-04-07 18:00:00,0.0,1.3298181295394897,-0.31633831021408326,0.0,1.3298181295394897,0.0,1.1726389033162605,-0.8484052434044999,0.0,1.1726389033162605,0.0,1.2022064159076498,-0.1742633994329042,0.0,1.2022064159076498,0.04423282889596658,0.9706881088796806,6.772078236624012,84.44495893110849,0.926455279983714
2012-04-07 19:00:00,0.0,1.2710843086242676,-0.6967916162867744,0.0,1.2710843086242676,0.0,1.1010374689250824,-1.359287917051808,0.0,1.1010374689250824,0.0,1.0882122282673936,-0.9169656966091814,0.0,1.0882122282673936,0.029488552597311125,0.9264437876126232,6.118827767193648,56.319811401240415,0.8969552350153122
2012-04-07 20:00:00,0.0,1.221242904663086,-1.041473860299298,0.0,1.221242904663086,0.0,1.0331747048084052,-1.8259727430620079,0.0,1.0331747048084052,0.0,0.9977040299988388,-1.5024429068851184,0.0,0.9977040299988388,0.014744276298655563,0.882199466345566,5.465577297763283,28.19466387137232,0.8674551900469104
2012-04-07 21:00:00,0.0,1.1811741590499878,-1.3180679467652665,0.0,1.1811741590499878,0.0,0.9716524731582067,-2.2681793553127045,0.0,0.9716524731582067,0.0,0.9203790479913535,-1.9920756178700914,0.0,0.9203790479913535,0.0,0.8379551450785087,4.812326828332918,0.06951634150422592,0.8379551450785087
2012-04-07 22:00:00,0.0,1.141506552696228,-1.606409981135494,0.0,1.141506552696228,0.0,0.9159099342532339,-2.6950145246730597,0.0,0.9159099342532339,0.0,0.857312780699785,-2.3690845681360098,0.0,0.857312780699785,0.0,0.8077424443542992,4.258435409804573,0.0463442276694804,0.8077424443542992
2012-04-07 23:00:00,0.0,1.1017588376998901,-1.8827760670677267,0.0,1.1017588376998901,0.0,0.8470548141233867,-3.2045924584421086,0.0,0.8470548141233867,0.0,0.8052471079513575,-2.7529293983102523,0.0,0.8052471079513575,0.0,0.7775297436300899,3.7045439912762275,0.0231721138347402,0.7775297436300899
2012-05-16 00:00:00,0.0,1.4497039318084717,0.08183307011264618,0.0,1.4497039318084717,0.0,1.1897651998068375,-1.1157352111083294,0.0,1.1897651998068375,0.0,1.2101206287093824,-0.2399574388414843,0.0,1.2101206287093824,0.0,1.0394771686243418,5.897984613688358,0.0,1.0394771686243418
2012-05-16 01:00:00,0.0,1.353174090385437,-0.6027389332494871,0.0,1.353174090385437,0.0,1.1117726186830508,-1.7959228397060165,0.0,1.1117726186830508,0.0,1.129306057336316,-0.8109832533306528,0.0,1.129306057336316,0.01703398437651562,1.0192713600950956,5.565457391247657,0.0,1.0022373757185798
2012-05-16 02:00:00,0.0,1.2694764137268066,-1.237145754761368,0.0,1.2694764137268066,0.0,1.024566324658764,-2.5961138967140696,0.0,1.024566324658764,0.0,1.06866847343018,-1.212131201570313,0.0,1.06866847343018,0.03406796875303124,0.9990655515658492,5.232930168806956,0.0,0.964997582812818
2012-05-16 03:00:00,0.0,1.1950947046279907,-1.8328149492666848,0.0,1.1950947046279907,0.0,0.928809851124902,-3.2377595730253734,0.0,0.928809851124902,0.0,0.9998266827675351,-1.6426465180659844,0.0,0.9998266827675351,0.051101953129546865,0.978859743036603,4.900402946366254,0.0,0.927757789907056
2012-05-16 04:00:00,0.08994791656732559,1.1472249031066895,-2.226065477614193,11.081488609313965,1.057276964187622,0.056696477680563725,0.8658024178216114,-3.6415906930046975,13.376743630532909,0.8091059401410476,0.0013069291367304899,0.9445895219462719,-2.0126940896891083,0.5202798854270404,0.9432825928095414,0.9052112773411967,0.997584090295987,5.037833829320937,23.682654711532564,0.09237281295479038
2012-05-16 05:00:00,0.7759338617324829,1.172838568687439,-2.0346990198602497,103.4875717163086,0.39690470695495605,0.5216070795736792,0.921711398357987,-3.145787083925962,127.29090658637601,0.40010431878430774,0.3622931085885226,0.9711490707486066,-1.7851639762268596,89.5429195861792,0.608855962160084,1.7593206015528464,1.0163084375553713,5.175264712275619,47.36530942306513,-0.7430121639974752
2012-05-16 06:00:00,1.424051284790039,1.2118403911590576,-1.7758685476739147,226.28155517578125,-0.21221089363098145,1.1806010001699903,1.0230745823416045,-2.384868561447257,273.68998650736137,-0.15752641782838572,1.023964801701409,1.0458463374618998,-1.2714875222293016,248.83294776196504,0.0218815357604909,2.613429925764496,1.0350327848147554,5.312695595230302,71.04796413459769,-1.5783971409497408
2012-05-16 07:00:00,2.0426270961761475,1.258847713470459,-1.4550989795901375,371.1083679199219,-0.7837793827056885,1.9506671337629873,1.140058703791908,-1.5422857498514746,435.30981368101,-0.8106084299710792,1.6942263395548984,1.1331104524131685,-0.7371063164013226,405.0434546604104,-0.5611158871417299,3.3955430267915157,1.1285567380450634,5.938823576939456,168.74607326114165,-2.2669862887464522
2012-05-16 08:00:00,2.8004114627838135,1.3288387060165405,-0.9931294216848366,524.8902587890625,-1.471572756767273,2.682057727271912,1.2646107808439924,-0.7189706925686231,588.0470128121807,-1.4174469464279196,2.185920913709306,1.2054479814852845,-0.2688854154341999,543.0992694521202,-0.9804729322240213,4.177656127818535,1.2220806912753714,6.564951558648611,266.4441823876856,-2.955575436543164
2012-05-16 09:00:00,3.459622621536255,1.4045767784118652,-0.48237756601415255,653.7122192382812,-2.0550458431243896,3.3346557214295243,1.3754811277408747,0.018111195991900936,716.3879794235132,-1.9591745936886495,2.5763053129126847,1.278310190876143,0.19362718841466633,644.3316921571967,-1.2979951220365418,4.9597692288455555,1.3156046445056795,7.191079540357765,364.1422915142296,-3.644164584339876
2012-05-16 10:00:00,4.112815856933594,1.484277367591858,0.049215681638313406,759.8687133789062,-2.6285386085510254,3.8575962174617,1.4623462350526488,0.5792115480824218,797.3247595832602,-2.3952499824090507,2.993114692784387,1.339505223998274,0.534825789166836,711.7935041286829,-1.653609468786113,5.361031163681918,1.38116189699705,7.827320095160789,416.2733038461679,-3.9798692666848683
2012-05-16 11:00:00,4.7396650314331055,1.5658326148986816,0.567080582326818,822.4188232421875,-3.173832416534424,4.286013831294614,1.5341469711157956,0.9947169301485322,829.2620247039897,-2.7518668601788185,3.2619426317067206,1.4054242825485603,0.9607973431306197,734.304666178968,-1.8565183491581603,5.762293098518281,1.4467191494884204,8.463560649963812,468.40431617810617,-4.315573949029861
2012-05-16 12:00:00,5.093502044677734,1.6249388456344604,0.9541068403317009,818.4922485351562,-3.4685630798339844,4.626900108166236,1.5867892372510952,1.3001558126389332,841.0454191674634,-3.0401108709151408,3.4843944439908077,1.4723144072033365,1.346722466571356,700.0821848490015,-2.012080036787471,6.163555033354644,1.512276401979791,9.099801204766836,520.5353285100445,-4.651278631374853
2012-05-16 13:00:00,5.499172687530518,1.6848305463790894,1.3086782922429159,778.2258911132812,-3.8143420219421387,4.742112991783988,1.6150687461418136,1.4612258427419873,766.3616140373584,-3.1270442456421743,3.5019297215309053,1.4951725309336368,1.4731159647283885,638.9564202551824,-2.0067571905972685,5.851975959762895,1.5013228233393734,9.15611999316841,501.2087675816374,-4.350653136423522
2012-05-16 14:00:00,5.348972320556641,1.7034273147583008,1.4329579710574465,669.0076904296875,-3.64554500579834,4.611004405284159,1.626600115919881,1.5525884615789085,636.0983622632402,-2.9844042893642775,3.3690442758349213,1.4947219365976385,1.4666198712632261,556.5888452065174,-1.8743223392372828,5.5403968861711475,1.4903692446989556,9.212438781569986,481.8822066532304,-4.050027641472192
2012-05-16 15:00:00,4.9304633140563965,1.6866726875305176,1.3389648271461263,522.5181884765625,-3.243790626525879,4.237467614029721,1.6142760806072682,1.4694111348754113,506.14638981147635,-2.6231915334224527,3.0274757834426316,1.4695507153912577,1.3153961930042786,434.16522423896265,-1.5579250680513739,5.228817812579399,1.479415666058538,9.26875756997156,462.55564572482336,-3.7494021465208607
2012-05-16 16:00:00,4.251348972320557,1.6460024118423462,1.089730936215937,362.75262451171875,-2.6053466796875,3.3940200557828852,1.5435619003614418,1.0508498059960134,352.863028601683,-1.8504581554214434,2.3953120451766723,1.4208532413962471,1.0196597117986306,311.3695494707441,-0.9744588037804252,4.034075783009616,1.3869999958928925,8.663326570531996,366.9798076069253,-2.6470757871167234
2012-05-16 17:00:00,2.9682114124298096,1.5623446702957153,0.5906794582856287,202.53306579589844,-1.4058667421340942,2.270711413628102,1.4379877039539959,0.46041290556066466,188.77273154060939,-0.832723709674106,1.6162493060710723,1.3343013538259054,0.4883450031063077,179.7513900915813,-0.2819479522451669,2.8393337534398326,1.2945843257272471,8.057895571092434,271.4039694890273,-1.5447494277125855
2012-05-16 18:00:00,1.1368179321289062,1.4190202951431274,-0.2989930510254522,62.62871551513672,0.2822023630142212,0.8127423028762208,1.3019345658590082,-0.33478568936979874,58.38835783308908,0.4891922629827874,0.5966888005515023,1.2123744758670392,-0.26246576064752003,57.316347372673896,0.6156856753155369,1.6445917238700494,1.2021686555616016,7.45246457165287,175.82813137112925,-0.4424230683084478
2012-05-16 19:00:00,0.0,1.301270604133606,-1.0656238296652045,0.0,1.301270604133606,0.0,1.1832551608559772,-1.1457255160706552,0.0,1.1832551608559772,0.0,1.1063490607831028,-0.8969810222943377,0.0,1.1063490607831028,1.096394482580033,1.122645554815891,6.698571872225005,119.57908266325418,0.026251072235857986
2012-05-16 20:00:00,0.0,1.2584232091903687,-1.3532087537017443,0.0,1.2584232091903687,0.0,1.1253979802339418,-1.5701712032024837,0.0,1.1253979802339418,0.0,1.063403184808407,-1.16307246264425,0.0,1.063403184808407,0.5481972412900165,1.0431224540701802,5.944679172797141,63.33003395537915,0.49492521278016377
2012-05-16 21:00:00,0.0,1.2278294563293457,-1.6023869133649218,0.0,1.2278294563293457,0.0,1.090027922748528,-1.777859659355049,0.0,1.090027922748528,0.0,1.041349617347258,-1.3372947815586789,0.0,1.041349617347258,0.0,0.9635993533244696,5.190786473369276,7.080985247504117,0.9635993533244696
2012-05-16 22:00:00,0.0,1.1944879293441772,-1.8763913879672638,0.0,1.1944879293441772,0.0,1.035248091748347,-2.2041360064579756,0.0,1.035248091748347,0.0,1.0214869631464236,-1.5336857062653295,0.0,1.0214869631464236,0.0,0.923612134340274,4.734976840219289,4.720656831669411,0.923612134340274
2012-05-16 23:00:00,0.0,1.1519906520843506,-2.221611872483249,0.0,1.1519906520843506,0.0,0.9805696048165825,-2.7079086385291764,0.0,0.9805696048165825,0.0,0.9941899831938382,-1.704726642280817,0.0,0.9941899831938382,0.0,0.8836249153560783,4.279167207069301,2.3603284158347053,0.8836249153560783
2012-06-10 00:00:00,0.0,2.813581943511963,8.20834013574826,0.0,2.813581943511963,0.0,2.7441220208530988,8.257717131362995,0.0,2.7441220208530988,0.0,2.698403737694187,8.442507333139615,0.0,2.698403737694187,0.0,1.9413560332150752,12.116978214021305,0.0,1.9413560332150752
2012-06-10 01:00:00,0.0,2.7614493370056152,7.904418152164535,0.0,2.7614493370056152,0.0,2.687405005769967,7.932684645239112,0.0,2.687405005769967,0.0,2.68686260918289,8.384132552765749,0.0,2.68686260918289,0.09263227114911977,1.90584685455798,11.796586304696161,0.00040229333956507654,1.8132145834088602
2012-06-10 02:00:00,0.0,2.7145774364471436,7.645264552553378,0.0,2.7145774364471436,0.0,2.632101876767504,7.612834833607653,0.0,2.632101876767504,0.0,2.6545142037824316,8.215635630357053,0.0,2.6545142037824316,0.18526454229823955,1.870337675900885,11.476194395371015,0.0008045866791301531,1.6850731336026454
2012-06-10 03:00:00,0.0,2.6631410121917725,7.361841945634419,0.0,2.6631410121917725,0.0,2.576129569527556,7.312777750739376,0.0,2.576129569527556,0.0,2.6172129774985966,7.995047617015218,0.0,2.6172129774985966,0.27789681344735934,1.8348284972437898,11.155802486045872,0.0012068800186952296,1.5569316837964304
2012-06-10 04:00:00,1.6030324697494507,2.640101671218872,7.2296697878652605,20.280431747436523,1.0370692014694214,1.1889034213664909,2.5528849432774017,7.164453167820083,16.06965762362445,1.3639815219109108,0.38612829671284365,2.5512823572322625,7.614269640602999,4.706768912992695,2.165154060519419,1.9484257698037304,1.8892787520842897,11.506010986962867,19.285514519136694,-0.05914701771944064
2012-06-10 05:00:00,5.028280258178711,2.663994789123535,7.341296090056087,87.70809936523438,-2.364285469055176,3.906986173667429,2.5642554921851257,7.217003505296064,69.27857837618595,-1.3427306814823035,1.5554226567118523,2.4845496055386094,7.21865441420334,23.226223867340273,0.9291269488267571,3.6189547261601014,1.9437290069247897,11.85621948787986,38.56982215825469,-1.6752257192353117
2012-06-10 06:00:00,8.104144096374512,2.7078821659088135,7.554679715939714,186.06155395507812,-5.396262168884277,6.916011717206118,2.6064693109671864,7.410452873966284,156.07191085138305,-4.309542406238931,4.7437055224641576,2.4574243077265554,7.050125111533915,100.1114581062752,-2.286281214737602,5.289483682516472,1.9981792617652896,12.206427988796856,57.854129797372686,-3.2913044207511826
2012-06-10 07:00:00,10.560919761657715,2.7763800621032715,7.900603360362273,301.3928527832031,-7.784539699554443,9.275819071800733,2.6807180427033566,7.822362339595871,276.39175672439654,-6.595101029097377,7.422581407740284,2.4767306920730214,7.131206725257902,224.13760579824248,-4.945850715667262,6.6533182466481,2.1165359109237647,13.009633934415659,129.22524833338727,-4.536782335724335
2012-06-10 08:00:00,12.571537971496582,2.8738250732421875,8.393463150217828,424.8076171875,-9.697712898254395,11.460811919908977,2.7750112392598862,8.355519784163624,410.5196266975897,-8.685800680649091,8.943771003807857,2.531698745941519,7.411918151818835,299.28543677259717,-6.412072257866338,8.017152810779727,2.2348925600822396,13.812839880034462,200.59636686940183,-5.782260250697488
2012-06-10 09:00:00,13.868313789367676,2.977170944213867,8.92870058175526,527.229736328125,-10.891142845153809,12.681004477655746,2.8582781786643983,8.799896383644814,496.04470211143047,-9.822726298991348,9.927419593111681,2.5827779721201254,7.657584331708038,380.7864237981691,-7.344641620991556,9.380987374911356,2.3532492092407145,14.616045825653265,271.9674854054164,-7.027738165670642
2012-06-10 10:00:00,14.775047302246094,3.0604028701782227,9.36828156011858,598.0682373046875,-11.714644432067871,13.606011993783167,2.9320342199753777,9.206392749740438,567.7527259895347,-10.673977773807788,10.038054114869153,2.628742034798207,7.888683526908342,423.42711860935304,-7.409312080070946,9.55927603829163,2.4529629647813413,15.42881318989277,354.7585338871848,-7.106313073510289
2012-06-10 11:00:00,15.60390567779541,3.144397020339966,9.8018281708882,663.635986328125,-12.459508895874023,14.175227686544174,2.9840643811758096,9.47602939464913,610.2032575532866,-11.191163305368365,10.785488429090924,2.691214250354031,8.232033780373278,444.14610021718704,-8.094274178736892,9.737564701671904,2.5526767203219687,16.241580554132277,437.5495823689532,-7.1848879813499344
2012-06-10 12:00:00,16.43634605407715,3.2360360622406006,10.259676865271404,695.23681640625,-13.200309753417969,14.58710171165724,3.040024211265645,9.752266461510684,605.4999295645802,-11.547077500391595,11.272722190634633,2.7919423281653306,8.846892814096659,468.0938378182658,-8.480779862469303,9.915853365052177,2.6523904758625956,17.054347918371782,520.3406308507216,-7.263462889189581
2012-06-10 13:00:00,16.54330062866211,3.29707670211792,10.592221524071578,662.298095703125,-13.246223449707031,14.38500365891178,3.0831937615715064,10.013886189155,568.0210265061762,-11.301809897340274,11.67187612737444,2.8449817705455582,9.202105116488744,450.636092731622,-8.82689435682888,9.218748640431016,2.608942412174277,16.837285132187784,456.73689461287245,-6.60980622825674
2012-06-10 14:00:00,16.637136459350586,3.348677158355713,10.892976904144868,613.7545166015625,-13.288459777832031,14.18734055383963,3.1081225248927926,10.176142446104548,506.36783032963746,-11.079218028946839,12.34865770061419,2.9097680600830484,9.568895160954764,448.20798550133577,-9.43888964053114,8.521643915809854,2.5654943484859585,16.62022234600379,393.1331583750233,-5.956149567323895
2012-06-10 15:00:00,15.943256378173828,3.3837132453918457,11.082604229934251,502.3343505859375,-12.55954360961914,13.436648013246712,3.133709368454818,10.306151067257773,404.2706983155314,-10.302938644791894,11.465228985618067,2.9412978724864494,9.788471256626787,355.06182065098153,-8.523931113131617,7.824539191188693,2.5220462847976397,16.40315955981979,329.5294221371741,-5.302492906391054
2012-06-10 16:00:00,13.681802749633789,3.351635456085205,10.927520704540862,341.0263366699219,-10.330167770385742,11.538861381127074,3.103176728764829,10.129396698032949,284.9387404136195,-8.435684652362244,9.437413872209811,2.9307790381607415,9.724092285896223,212.72025900638084,-6.50663483404907,5.912789878743842,2.4447630372213087,16.044524178652292,268.41479021364705,-3.4680268415225335
2012-06-10 17:00:00,10.185768127441406,3.2563576698303223,10.43809821833703,193.67861938476562,-6.929410457611084,8.464804899158782,3.016428925272679,9.653613044498572,158.68193901204975,-5.448375973886103,6.257716267297571,2.890464275369826,9.481360367654695,114.03936355457354,-3.367251991927745,4.001040566298991,2.3674797896449777,15.685888797484795,207.30015829012,-1.6335607766540137
2012-06-10 18:00:00,5.239046096801758,3.0874874591827393,9.571688481326783,75.7219009399414,-2.1515586376190186,4.423530983074238,2.8987829486578787,8.999459950721057,63.18393898242601,-1.5247480344163598,3.3758089380390124,2.82772915826496,9.12483831697986,48.940345452818335,-0.5480797797740524,2.0892912538541406,2.2901965420686468,15.327253416317296,146.18552636659294,0.20090528821450615
2012-06-10 19:00:00,0.138393372297287,2.9068126678466797,8.625658686753342,1.705191731452942,2.7684192657470703,0.13982347057800182,2.7071022741873847,7.986961790443281,1.6565339825054717,2.567278803609383,0.015923672889924707,2.6916215108308457,8.38079937226525,0.13979401984089496,2.675697837940921,1.3928608359027608,2.192225587894206,14.501308478105008,99.83754926933372,0.7993647519914451
2012-06-10 20:00:00,0.0,2.836313486099243,8.274378688138166,0.0,2.836313486099243,0.0,2.6242496250893197,7.559498620320222,0.0,2.6242496250893197,0.0,2.6216309002678226,8.007234849942146,0.0,2.6216309002678226,0.6964304179513805,2.0942546337197645,13.67536353989272,53.48957217207449,1.397824215768384
2012-06-10 21:00:00,0.0,2.776951313018799,7.964262301310693,0.0,2.776951313018799,0.0,2.5939755572154786,7.403714755233732,0.0,2.5939755572154786,0.0,2.5673700538533644,7.718034960643966,0.0,2.5673700538533644,0.0,1.9962836795453236,12.849418601680432,7.141595074815257,1.9962836795453236
2012-06-10 22:00:00,0.0,2.7208452224731445,7.663032298851857,0.0,2.7208452224731445,0.0,2.5609753761597323,7.202332612835063,0.0,2.5609753761597323,0.0,2.5545409220620607,7.660187935671813,0.0,2.5545409220620607,0.0,1.9596912756431033,12.503271666721695,4.76106338321017,1.9596912756431033
2012-06-10 23:00:00,0.0,2.6764261722564697,7.404923035871533,0.0,2.6764261722564697,0.0,2.5193863609052323,6.950603023935157,0.0,2.5193863609052323,0.0,2.5507089045880877,7.639835423034278,0.0,2.5507089045880877,0.0,1.9230988717408832,12.15712473176296,2.3805316916050856,1.9230988717408832
2012-07-15 00:00:00,0.0,3.11089825630188,9.759952871461397,0.0,3.11089825630188,0.0,2.879537207000986,8.853992100112407,0.0,2.879537207000986,0.0,2.8690886210245914,9.229480308576711,0.0,2.8690886210245914,0.0,2.1788534174439333,13.14201427801396,0.0,2.1788534174439333
2012-07-15 01:00:00,0.0,3.0260603427886963,9.291071148334419,0.0,3.0260603427886963,0.0,2.779511484506549,8.314984352764037,0.0,2.779511484506549,0.0,2.7832467551577995,8.740693441276516,0.0,2.7832467551577995,0.01661217074559057,2.15269169317703,12.961214045633081,0.0,2.1360795224314395
2012-07-15 02:00:00,0.0,2.946885585784912,8.865171187671644,0.0,2.946885585784912,0.0,2.700301221201523,7.887483642989844,0.0,2.700301221201523,0.0,2.7101509897173726,8.34201567386157,0.0,2.7101509897173726,0.03322434149118114,2.1265299689101265,12.780413813252204,0.0,2.093305627418945
2012-07-15 03:00:00,0.0,2.880366563796997,8.496098863232378,0.0,2.880366563796997,0.0,2.648968489603242,7.576349195428113,0.0,2.648968489603242,0.0,2.642852844238548,7.993363723538781,0.0,2.642852844238548,0.04983651223677172,2.100368244643223,12.599613580871326,0.0,2.0505317324064514
2012-07-15 04:00:00,1.050262451171875,2.8395750522613525,8.257653632477297,10.890782356262207,1.7893126010894775,0.8848401425713492,2.5732670282598864,7.147968794677836,10.362702992605694,1.6884268856885372,0.04562983636389477,2.570189644242242,7.617754631456645,0.3527686252378979,2.524559807878347,1.7914132421715192,2.136035722627374,12.885850908324983,19.37359834486231,0.34462248045585486
2012-07-15 05:00:00,6.565460681915283,2.8929219245910645,8.523078629904365,96.45463562011719,-3.6725387573242188,4.713699156025373,2.6144757989216276,7.36061537137406,77.25500955936155,-2.0992233571037455,3.5330598666938138,2.5789247166171707,7.6534111402182265,53.274674519709016,-0.9541351500766431,3.5329899721062668,2.1717032006115256,13.17208823577864,38.74719668972462,-1.3612867714947412
2012-07-15 06:00:00,10.644234657287598,2.963125705718994,8.879244476749315,212.3858184814453,-7.6811089515686035,8.681357420760666,2.7069207415884993,7.86849963502539,191.07228303291166,-5.974436679172166,7.315463062818222,2.632985341830503,7.94256872147609,148.10374098185758,-4.682477720987719,5.274566702041015,2.2073706785956766,13.458325563232297,58.120795034586926,-3.067196023445338
2012-07-15 07:00:00,13.557758331298828,3.0533647537231445,9.330364871991618,338.5704040527344,-10.504393577575684,11.654871073973178,2.809087805171937,8.443847819088813,321.49118122380185,-8.845783268801242,9.873347003072181,2.730165568652354,8.485758175672371,244.92046837848594,-7.1431814344198274,6.601764294758807,2.327536708917411,14.146636555173727,154.34096267543367,-4.2742275858413965
2012-07-15 08:00:00,15.550996780395508,3.158007860183716,9.862467292051207,461.1569519042969,-12.392989158630371,13.801962241976998,2.9247582628300686,9.113463250892156,428.3925244930284,-10.87720397914693,12.21436389207054,2.8170585678292115,8.987378663317095,361.37385680636737,-9.39730532424133,7.9289618874766,2.447702739239145,14.834947547115155,250.56113031628044,-5.481259148237455
2012-07-15 09:00:00,16.867725372314453,3.253243923187256,10.352042834989797,564.76171875,-13.614480972290039,15.755472375362498,3.0399584307514456,9.760532290992751,547.2644412994892,-12.715513944611052,14.67242954958811,2.941456763319036,9.701372246611752,492.7661068501701,-11.730972786269074,9.256159480194393,2.5678687695608793,15.523258539056584,346.7812979571272,-6.688290710633513
2012-07-15 10:00:00,18.203628540039062,3.3323397636413574,10.790850719609448,672.7565307617188,-14.871288299560547,17.637981922032594,3.1761294243313194,10.544975799828276,656.6010743519097,-14.461852497701274,16.39226386356547,3.0380801234407513,10.260110701114064,609.3375980139023,-13.35418374012472,9.65550605831121,2.641360043960777,15.900708711162547,402.3441628962594,-7.014146014350432
2012-07-15 11:00:00,19.58989143371582,3.4304513931274414,11.324330739059924,750.9236450195312,-16.159439086914062,18.739773694162007,3.289512296989795,11.214773897571932,713.252694456347,-15.450261397172213,18.20983055948922,3.2127619243655694,11.264689805484128,658.652856815729,-14.99706863512365,10.054852636428024,2.714851318360674,16.27815888326851,457.90702783539155,-7.340001318067349
2012-07-15 12:00:00,20.054813385009766,3.5248219966888428,11.855188309801814,762.4553833007812,-16.529991149902344,19.355654086912025,3.3880545167976632,11.767615397394419,735.2010458713362,-15.967599570114363,18.018367398767747,3.2396833070230917,11.412107491373323,625.629086451036,-14.778684091744655,10.45419921454484,2.788342592760572,16.655609055374473,513.4698927745237,-7.665856621784268
2012-07-15 13:00:00,19.900924682617188,3.5857796669006348,12.205376193833628,708.8567504882812,-16.31514549255371,19.803626850053988,3.4469323809536454,12.12073030072806,719.5405214459513,-16.356694469100344,18.05189502884508,3.3102990268305517,11.799720387483188,566.7166052928978,-14.741596002014528,9.908791159362947,2.7822688324783353,16.78143443539831,504.75001794236033,-7.126522326884611
2012-07-15 14:00:00,19.3944149017334,3.6056625843048096,12.348066446963161,629.3950805664062,-15.788752555847168,18.983256694213114,3.442172134289419,12.083162411705967,608.7900358212942,-15.541084559923696,16.882381025600314,3.273590408770244,11.587477760453408,478.22814448742287,-13.60879061683007,9.363383104181054,2.7761950721960993,16.907259815422147,496.0301431101969,-6.5871880319849545
2012-07-15 15:00:00,17.77135467529297,3.5760390758514404,12.225233648977845,494.0157470703125,-14.19531536102295,17.65028791469302,3.3960343567735456,11.845946925715072,498.94150566566134,-14.254253557919474,15.476967040279249,3.2404543490539006,11.41031389678687,391.921955489165,-12.236512691225348,8.81797504899916,2.770121311913863,17.033085195445985,487.3102682780335,-6.047853737085298
2012-07-15 16:00:00,15.136018753051758,3.481995105743408,11.747807618703948,340.8160400390625,-11.654024124145508,15.620390535955863,3.338384446277488,11.49631299730588,371.1566494017131,-12.282006089678376,13.133341968721426,3.1893007049929762,11.139046171618409,306.2167638429109,-9.944041263728451,6.91706002262575,2.663095888160646,16.410996927426098,396.64002655335383,-4.253964134465104
2012-07-15 17:00:00,11.46094036102295,3.3460419178009033,11.032622443161177,202.0834503173828,-8.114898681640625,12.130766341523358,3.239150207793892,10.930903319644125,228.7488971694012,-8.891616133729467,9.9478501483276,3.088178133136046,10.551792930825933,177.99992609853777,-6.8596720151915545,5.01614499625234,2.55607046440743,15.788908659406212,305.96978482867416,-2.46007453184491
2012-07-15 18:00:00,6.294070720672607,3.171251058578491,10.088493852819026,81.1752700805664,-3.122819662094116,6.217089834105793,3.048614405169125,9.878030586613134,84.19934754893885,-3.168475428936668,5.943905984866505,2.942578085844093,9.718035306805575,84.6809850575627,-3.001327899022412,3.1152299698789285,2.4490450406542132,15.166820391386326,215.2995431039945,-0.6661849292247153
2012-07-15 19:00:00,0.07880046218633652,2.983238697052002,9.05121608791359,0.8353214859962463,2.9044382572174072,0.05603775191562432,2.7913811926162078,8.42764499830425,0.6431738820725823,2.7353434407005834,0.0,2.702192867539185,8.32068738182131,0.0,2.702192867539185,2.0768199799192857,2.3333757758170104,14.43881114641545,147.74885326226772,0.2565557958977247
2012-07-15 20:00:00,0.0,2.904404640197754,8.60521384765059,0.0,2.904404640197754,0.0,2.690125888576346,7.858068342360916,0.0,2.690125888576346,0.0,2.566077384583969,7.536465744806942,0.0,2.566077384583969,1.0384099899596428,2.217706510979807,13.710801901444574,80.19816342054094,1.1792965210201642
2012-07-15 21:00:00,0.0,2.85007381439209,8.280859469728611,0.0,2.85007381439209,0.0,2.609106501016002,7.38499745506017,0.0,2.609106501016002,0.0,2.452425451889499,6.889989015750499,0.0,2.452425451889499,0.0,2.1020372461426042,12.982792656473698,12.647473578814129,2.1020372461426042
2012-07-15 22:00:00,0.0,2.792825698852539,7.955609056285827,0.0,2.792825698852539,0.0,2.51996359321005,6.916815592564011,0.0,2.51996359321005,0.0,2.3663941977844667,6.432038733304951,0.0,2.3663941977844667,0.0,2.0293900132174487,12.583063116123911,8.431649052542761,2.0293900132174487
2012-07-15 23:00:00,0.0,2.7265231609344482,7.578880936639767,0.0,2.7265231609344482,0.0,2.4414630647172113,6.469478934209652,0.0,2.4414630647172113,0.0,2.3077324708668185,6.109137289150788,0.0,2.3077324708668185,0.0,1.956742780292293,12.183333575774123,4.215824526271382,1.956742780292293
2012-08-30 00:00:00,0.0,3.6632490158081055,12.80722302500625,0.0,3.6632490158081055,0.0,3.330508047024325,11.435091266642106,0.0,3.330508047024325,0.0,3.311409442787165,11.639183744684507,0.0,3.311409442787165,0.0,2.3624982241080335,16.466668018223316,0.0,2.3624982241080335
2012-08-30 01:00:00,0.0,3.6216304302215576,12.573066518369513,0.0,3.6216304302215576,0.0,3.275083502750499,11.130880537503096,0.0,3.275083502750499,0.0,3.285558125183097,11.496581545793227,0.0,3.285558125183097,0.0,2.3207354261908812,16.066294323887462,0.0,2.3207354261908812
2012-08-30 02:00:00,0.0,3.581502676010132,12.350089413902971,0.0,3.581502676010132,0.0,3.229778933213441,10.849662212101498,0.0,3.229778933213441,0.0,3.2648258799667587,11.38283889267318,0.0,3.2648258799667587,0.0,2.2789726282737286,15.665920629551609,0.0,2.2789726282737286
2012-08-30 03:00:00,0.0,3.545684337615967,12.136640864863944,0.0,3.545684337615967,0.0,3.1937441683839283,10.671551101763109,0.0,3.1937441683839283,0.0,3.2139574711657994,11.09214448764915,0.0,3.2139574711657994,0.0,2.2372098303565764,15.265546935215756,0.0,2.2372098303565764
2012-08-30 04:00:00,0.0,3.5141665935516357,11.958601150923016,0.0,3.5141665935516357,0.0,3.1661092015162415,10.517917786603146,0.0,3.1661092015162415,0.0,3.180605037282749,10.90862854127327,0.0,3.180605037282749,1.3831534783491224,2.257604095325822,15.368006335808385,9.794980000863966,0.8744506169766997
2012-08-30 05:00:00,2.5754129886627197,3.522541046142578,12.012545115474538,28.347442626953125,0.9471280574798584,2.4418202435435377,3.186922274963681,10.633702216766265,28.476332426702278,0.7451020314201435,0.0001655946122666726,3.155941553357337,10.784709957796746,0.001566678977570797,3.1557759587450707,2.766306956698245,2.2779983602950677,15.470465736401012,19.58996000172793,-0.48830859640317703
2012-08-30 06:00:00,11.022492408752441,3.756227493286133,13.28091476646301,195.65737915039062,-7.266264915466309,10.831036318775796,3.5858240963499575,12.794125071829761,193.4000903743887,-7.245212222425838,10.017099534837719,3.442327173818994,12.385479376706542,179.14419366646902,-6.574772361018725,4.149460435047367,2.2983926252643134,15.572925136993641,29.3849400025919,-1.851067809783054
2012-08-30 07:00:00,15.256155967712402,3.958650588989258,14.362778841617292,380.7984619140625,-11.297505378723145,15.323034353644399,3.908841338762184,14.54170554553071,377.55322353355746,-11.414193014882215,14.87319985281209,3.847277534297589,14.65027581530665,361.73119331379905,-11.025922318514501,5.6258815090556595,2.490760842451318,17.169551865882234,119.96866526374588,-3.1351206666043416
2012-08-30 08:00:00,17.444902420043945,4.135741710662842,15.308209019575282,549.5342407226562,-13.309160232543945,17.674517207749176,4.1246427970305355,15.737622726412601,544.7656941739345,-13.54987441071864,17.418430208236334,4.107096807357041,16.173643211218696,528.0007878468406,-13.311333400879292,7.102302583063952,2.6831290596383224,18.766178594770828,210.55239052489983,-4.419173523425629
2012-08-30 09:00:00,18.51618003845215,4.301172256469727,16.18986606304575,673.52392578125,-14.215007781982422,18.83008009417378,4.283558376558076,16.64911973436081,670.0430146197114,-14.546521717615704,18.019085001512952,4.220360257361334,16.833073542186305,585.2752826182177,-13.798724744151617,8.578723657072244,2.875497276825327,20.362805323659423,301.13611578605384,-5.703226380246917
2012-08-30 10:00:00,18.83015251159668,4.439766883850098,16.935417232734792,740.3038940429688,-14.390385627746582,19.10664004559825,4.405907590041365,17.350434823177373,726.3713925890606,-14.700732455556885,17.264315158180082,4.239506703846799,16.964106781835724,545.2009857274418,-13.024808454333282,8.630404444515776,2.9803670261236257,20.90233515274159,378.6099914535654,-5.6500374183921505
2012-08-30 11:00:00,18.72889518737793,4.541934967041016,17.488801412267197,751.69580078125,-14.186960220336914,18.526852484867185,4.465341941184791,17.69679930969707,690.994918635144,-14.061510543682394,16.072711649162503,4.210136105307432,16.81292307189997,502.2628538534407,-11.86257554385507,8.68208523195931,3.085236775421924,21.441864981823752,456.083867121077,-5.596848456537385
2012-08-30 12:00:00,18.045299530029297,4.581552982330322,17.70521864972784,695.6585083007812,-13.463747024536133,17.278058767642154,4.462347894681647,17.688868708169892,615.8954701572109,-12.815710872960507,14.46804181567651,4.182887827580484,16.67312129710733,428.3779054827636,-10.285153988096027,8.733766019402841,3.190106524720223,21.98139481090592,533.5577427885886,-5.543659494682618
2012-08-30 13:00:00,16.788381576538086,4.536477088928223,17.495321213974517,588.892333984375,-12.251904487609863,16.58344418913958,4.407276438971887,17.435971523831537,557.1137100127839,-12.176167750167693,13.094982848736102,4.126850769058668,16.36158723875396,329.10901145427124,-8.968132079677433,7.789106287022636,3.165176424447403,21.719782658840987,478.85784257931834,-4.623929862575233
2012-08-30 14:00:00,15.300482749938965,4.467536449432373,17.109895202097352,464.500244140625,-10.83294677734375,14.924654162756982,4.326200305675341,16.94623340769069,434.33742865477524,-10.59845385708164,11.864270395986388,4.093318083112998,16.16344168198588,287.4124659497931,-7.77095231287339,6.844446554642432,3.140246324174583,21.45817050677606,424.1579423700481,-3.704200230467849
2012-08-30 15:00:00,12.435502052307129,4.310572147369385,16.28789720839705,296.90447998046875,-8.124929428100586,12.36178582272485,4.175200277410959,16.0957787121546,296.32306226734676,-8.18658554531389,8.493786997866893,3.9876188480274037,15.572979946692076,153.9662274666233,-4.506168149839489,5.899786822262227,3.1153162239017633,21.19655835471113,369.45804216077784,-2.7844705983604636
2012-08-30 16:00:00,8.347090721130371,4.088430881500244,15.097624860093477,137.259521484375,-4.258659839630127,8.184889720492443,3.927771129071929,14.773873996641665,136.50377694681728,-4.257118591420514,5.331585002193825,3.865584283632766,14.893782631405148,75.26189666299688,-1.4660007185610593,3.9644511021512945,2.989743196813772,20.28646606373577,282.70780270513364,-0.9747079053375223
2012-08-30 17:00:00,3.329350233078003,3.818185329437256,13.685068232743918,37.7938117980957,0.48883509635925293,3.0966671168156648,3.652314370466152,13.307602246099224,35.425064763018796,0.5556472536504873,1.8138437509266725,3.7319206340609696,14.175849657512753,19.310048149847248,1.9180768831342971,2.029115382040362,2.8641701697257815,19.376373772760413,195.9575632494894,0.8350547876854195
2012-08-30 18:00:00,0.0,3.598176956176758,12.532352950401508,0.0,3.598176956176758,0.0,3.439142439766261,12.099676384900569,0.0,3.439142439766261,0.0,3.6088399922590817,13.501443131097531,0.0,3.6088399922590817,0.0937796619294291,2.7385971426377904,18.466281481785053,109.20732379384515,2.6448174807083613
2012-08-30 19:00:00,0.0,3.456407070159912,11.787435132990744,0.0,3.456407070159912,0.0,3.306872176973474,11.371499009081724,0.0,3.306872176973474,0.0,3.4966288858869583,12.901625627572418,0.0,3.4966288858869583,0.06251977461961965,2.6545169573868237,17.793910468810473,72.86750774321999,2.591997182767204
2012-08-30 20:00:00,0.0,3.3487792015075684,11.185413378327342,0.0,3.3487792015075684,0.0,3.183380994030725,10.661172542583037,0.0,3.183380994030725,0.0,3.392633414162419,12.332682350810742,0.0,3.392633414162419,0.03125988730980983,2.5704367721358574,17.12153945583589,36.52769169259486,2.5391768848260474
2012-08-30 21:00:00,0.0,3.2646753787994385,10.689524621187015,0.0,3.2646753787994385,0.0,3.0625556529664886,9.958600228558767,0.0,3.0625556529664886,0.0,3.2917695722406144,11.752085387665758,0.0,3.2917695722406144,0.0,2.4863565868848907,16.44916844286131,0.18787564196971118,2.4863565868848907
2012-08-30 22:00:00,0.0,3.181043863296509,10.19668410048943,0.0,3.181043863296509,0.0,2.9639168729133876,9.37401443106014,0.0,2.9639168729133876,0.0,3.1945725327654966,11.184767752065072,0.0,3.1945725327654966,0.0,2.421506474897257,15.970670899717279,0.12525042797980476,2.421506474897257
2012-08-30 23:00:00,0.0,3.114525318145752,9.797442342767377,0.0,3.114525318145752,0.0,2.864629170757105,8.813743037138726,0.0,2.864629170757105,0.0,3.0968462466737168,10.624681954779353,0.0,3.0968462466737168,0.0,2.356656362909623,15.492173356573247,0.0626252139899024,2.356656362909623
2012-09-19 00:00:00,0.0,3.1542723178863525,10.074198431917274,0.0,3.1542723178863525,0.0,3.014715004274345,9.795340436299886,0.0,3.014715004274345,0.0,3.0242741971549254,10.202251990800958,0.0,3.0242741971549254,0.0,1.8667964827717938,13.059323187764765,0.0,1.8667964827717938
2012-09-19 01:00:00,0.0,3.0971834659576416,9.771327032540402,0.0,3.0971834659576416,0.0,2.9656460428119957,9.5197582009412,0.0,2.9656460428119957,0.0,2.9907032737191503,10.032352958837492,0.0,2.9907032737191503,0.0,1.8433998340554563,12.797485342231978,0.0,1.8433998340554563
2012-09-19 02:00:00,0.0,3.0394949913024902,9.45862843649987,0.0,3.0394949913024902,0.0,2.918233145272072,9.255337235869575,0.0,2.918233145272072,0.0,2.9384043245409934,9.757951361576158,0.0,2.9384043245409934,0.0,1.8200031853391185,12.535647496699191,0.0,1.8200031853391185
2012-09-19 03:00:00,0.0,2.9803290367126465,9.145137689665278,0.0,2.9803290367126465,0.0,2.861700090771858,8.944440058684933,0.0,2.861700090771858,0.0,2.8959884347026708,9.525389363299121,0.0,2.8959884347026708,0.0,1.796606536622781,12.273809651166404,0.0,1.796606536622781
2012-09-19 04:00:00,0.0,2.9141480922698975,8.792982149824494,0.0,2.9141480922698975,0.0,2.815993430052848,8.677310563670801,0.0,2.815993430052848,0.0,2.8520620918328468,9.292069519093832,0.0,2.8520620918328468,0.8543410121034675,1.7948308520528449,12.224936751910361,2.9086291585242465,0.9404898399493774
2012-09-19 05:00:00,0.0,2.8568055629730225,8.465945941709004,0.0,2.8568055629730225,0.0,2.7709211081025305,8.417320154783697,0.0,2.7709211081025305,0.0,2.804440069991137,9.04847921964188,0.0,2.804440069991137,1.708682024206935,1.793055167482909,12.176063852654318,5.817258317048493,0.084373143275974
2012-09-19 06:00:00,2.790576696395874,2.8749876022338867,8.54276677904954,48.373313903808594,0.0844109058380127,2.1927334051322465,2.7777865758020317,8.464786811065563,38.42477397152468,0.5850531706697852,1.7351949020969948,2.768489465116973,8.869831879577228,28.782256445163224,1.0332945630199784,2.5630230363104025,1.7912794829129728,12.127190953398275,8.72588747557274,-0.7717435533974297
2012-09-19 07:00:00,5.388129711151123,2.8962960243225098,8.66067124202493,124.53941345214844,-2.4918336868286133,4.582565610834796,2.8000847461790452,8.600935708674111,103.22085365545959,-1.7824808646557506,3.765059632576011,2.742115220411653,8.746663897959804,79.17721755267141,-1.022944412164358,3.573579593207313,1.8626999273791192,12.651121970349207,62.843171932097285,-1.710879665828194
2012-09-19 08:00:00,6.98530912399292,2.9230878353118896,8.808086519289043,194.09828186035156,-4.062221527099609,6.177248386189628,2.812551227899277,8.699946488610337,166.18017149041097,-3.3646971582903515,5.273821297486284,2.725889406002652,8.647896414625365,141.93893170452066,-2.5479318914836324,4.584136150104224,1.9341203718452653,13.175052987300141,116.96045638862182,-2.650015778258959
2012-09-19 09:00:00,7.6578049659729,2.939307689666748,8.913543209389433,237.7103271484375,-4.718497276306152,6.991751583804706,2.814565676739096,8.718129541671084,212.19489974749587,-4.17718590706561,6.12897080271707,2.7023491816500496,8.489131988979766,191.37082136935626,-3.426621621067021,5.594692707001135,2.0055408163114117,13.698984004251074,171.07774084514637,-3.5891518906897235
2012-09-19 10:00:00,7.9700822830200195,2.938556432723999,8.931834562447841,264.98223876953125,-5.031525611877441,7.366324101860993,2.80535499368282,8.661861908413048,235.08183216238046,-4.560969108178173,6.606856444077614,2.685427474587907,8.359089939950957,241.61672756210015,-3.9214289694897073,5.826368140891574,2.0567263660010138,13.98207968009256,233.14522513161228,-3.7696417748905606
2012-09-19 11:00:00,8.04953670501709,2.924302577972412,8.87008493860576,278.2810363769531,-5.125234127044678,7.7865348971286155,2.794339055334719,8.579756360033793,265.8155199580099,-4.9921958417938965,6.819373367062392,2.6819314438810853,8.290734114291535,274.49880283628806,-4.137441923181306,6.058043574782013,2.1079119156906154,14.265175355934048,295.2127094180782,-3.9501316590913973
2012-09-19 12:00:00,7.996577739715576,2.9065332412719727,8.759554541101641,273.5538330078125,-5.0900444984436035,7.595228075823192,2.7797584810683875,8.456270836289146,266.61083895824885,-4.815469594754804,6.666980328805529,2.6703222844807253,8.22590715083478,289.63675185805664,-3.996658044324804,6.289719008672452,2.1590974653802175,14.548271031775535,357.2801937045441,-4.130621543292234
2012-09-19 13:00:00,7.63518762588501,2.87805438041687,8.57859093422869,253.70816040039062,-4.757133483886719,7.039034056692153,2.7479756337262957,8.258510763669566,244.32077611820543,-4.2910584229658575,6.600905945581679,2.6588663215557733,8.158066781690502,284.8167986782976,-3.9420396240259055,5.465807811737475,2.1111327628297665,14.13087156863044,328.38691933526195,-3.354675048907709
2012-09-19 14:00:00,6.796274185180664,2.8234546184539795,8.260854941011004,210.0979461669922,-3.9728195667266846,5.899858951801519,2.6865862813799017,7.9090052230502215,192.59494852757146,-3.2132726704216177,5.940686254681995,2.6297571216296936,8.042830221700415,226.21806513612884,-3.3109291330523014,4.641896614802498,2.063168060279316,13.713472105485344,299.49364496597974,-2.578728554523182
2012-09-19 15:00:00,5.2965569496154785,2.7401795387268066,7.780793659752374,141.73049926757812,-2.556377410888672,4.305619409652384,2.5682966138378407,7.242140935801152,133.38670458063615,-1.7373227958145434,4.667740964519883,2.556233056268994,7.632186664814605,155.4673429015116,-2.1115079082508887,3.817985417867521,2.015203357728865,13.296072642340249,270.6003705966976,-1.8027820601386564
2012-09-19 16:00:00,3.14255952835083,2.6377453804016113,7.187104207828996,69.98332214355469,-0.5048141479492188,2.594076082275722,2.431361683696634,6.449908335939118,71.69743184903301,-0.1627143985790882,3.023692631738296,2.4671089865409646,7.1182314213157065,87.9022184764567,-0.5565836451973314,2.545323611911681,1.9164939561104024,12.511003563582157,202.4754561638539,-0.6288296558012787
2012-09-19 17:00:00,0.4029523432254791,2.5068511962890625,6.451700471182906,7.542062759399414,2.103898763656616,0.35996230636081533,2.2582997723136153,5.4778605460294205,8.00090615820317,1.8983374659528,0.0,2.3155362601199587,6.220163014287044,0.0,2.3155362601199587,1.2726618059558406,1.8177845544919398,11.725934484824068,134.3505417310102,0.5451227485360992
2012-09-19 18:00:00,0.0,2.4208006858825684,5.941633144263153,0.0,2.4208006858825684,0.0,2.1374610326281855,4.791520035792524,0.0,2.1374610326281855,0.0,2.1890206525265343,5.482124397069379,0.0,2.1890206525265343,0.0,1.7190751528734773,10.940865406065976,66.2256272981665,1.7190751528734773
2012-09-19 19:00:00,0.0,2.344684362411499,5.500542338066844,0.0,2.344684362411499,0.0,2.0658268660016663,4.385469774869268,0.0,2.0658268660016663,0.0,2.065213903079244,4.779052480958421,0.0,2.065213903079244,0.0,1.6499343383808847,10.309656101824146,44.15041819877767,1.6499343383808847
2012-09-19 20:00:00,0.0,2.269181251525879,5.08197419219684,0.0,2.269181251525879,0.0,1.998618258977143,4.021409488429259,0.0,1.998618258977143,0.0,1.9774514618012804,4.29098424803241,0.0,1.9774514618012804,0.0,1.580793523888292,9.678446797582318,22.075209099388836,1.580793523888292
2012-09-19 21:00:00,0.0,2.2034075260162354,4.711806689131436,0.0,2.2034075260162354,0.0,1.9304608451762963,3.6341931854967,0.0,1.9304608451762963,0.0,1.905938020868296,3.8888806892263843,0.0,1.905938020868296,0.0,1.5116527093956993,9.047237493340488,0.0,1.5116527093956993
2012-09-19 22:00:00,0.0,2.1412465572357178,4.360649892868995,0.0,2.1412465572357178,0.0,1.860146940393708,3.2474740968137072,0.0,1.860146940393708,0.0,1.835956208388111,3.5156114934547364,0.0,1.835956208388111,0.0,1.4464004839269922,8.637083962845235,0.0,1.4464004839269922
2012-09-19 23:00:00,0.0,2.07432222366333,3.9895598029244774,0.0,2.07432222366333,0.0,1.7857080799155682,2.8485952211725607,0.0,1.7857080799155682,0.0,1.774738611034723,3.174172437516046,0.0,1.774738611034723,0.0,1.381148258458285,8.226930432349985,0.0,1.381148258458285
2012-10-15 00:00:00,0.0,2.1360344886779785,4.298190368466172,0.0,2.1360344886779785,0.0,2.16344549998298,4.898589858769667,0.0,2.16344549998298,0.0,2.256664526711076,5.876760883705035,0.0,2.256664526711076,0.0,1.1802724773473954,7.492559686630743,0.0,1.1802724773473954
2012-10-15 01:00:00,0.0,2.1008901596069336,4.147653190564108,0.0,2.1008901596069336,0.0,2.1547184106770274,4.883440398292659,0.0,2.1547184106770274,0.0,2.2706303581881238,5.967172179532302,0.0,2.2706303581881238,0.0,1.165369688470845,7.416314231675905,0.0,1.165369688470845
2012-10-15 02:00:00,0.0,2.0687220096588135,3.9924051743017026,0.0,2.0687220096588135,0.0,2.128686404297455,4.759228945742736,0.0,2.128686404297455,0.0,2.258965837437435,5.913633084158421,0.0,2.258965837437435,0.0,1.150466899594295,7.340068776721067,0.0,1.150466899594295
2012-10-15 03:00:00,0.0,2.032822608947754,3.822222920929572,0.0,2.032822608947754,0.0,2.084459630961324,4.502699627921613,0.0,2.084459630961324,0.0,2.2140742936876596,5.666143444806678,0.0,2.2140742936876596,0.0,1.1355641107177448,7.263823321766228,0.0,1.1355641107177448
2012-10-15 04:00:00,0.0,1.9910122156143188,3.6211814181903934,0.0,1.9910122156143188,0.0,2.0246027691091144,4.205724747912103,0.0,2.0246027691091144,0.0,2.11587388575035,5.1497527076768295,0.0,2.11587388575035,0.40229792572102574,1.1229326139530245,7.106310158610056,0.538420790875604,0.7206346882319987
2012-10-15 05:00:00,0.0,1.9380342960357666,3.372165347829737,0.0,1.9380342960357666,0.0,1.9613980185063307,3.8745688885383203,0.0,1.9613980185063307,0.0,2.0120787898266803,4.609216465887079,0.0,2.0120787898266803,0.8045958514420515,1.110301117188304,6.948796995453884,1.076841581751208,0.30570526574625245
2012-10-15 06:00:00,0.2940598130226135,1.9021649360656738,3.199402097424978,11.365318298339844,1.608105182647705,0.2707687000082616,1.9158795740565537,3.6537118511317916,10.17502664021287,1.6451108740482923,0.22256271960005916,1.927725010376039,4.134062680903654,8.641788606559818,1.7051622907759798,1.2068937771630772,1.0976696204235836,6.7912838322977125,1.615262372626812,-0.1092241567394936
2012-10-15 07:00:00,1.1133558750152588,1.9179662466049194,3.2750534781758462,59.84748077392578,0.8046103715896606,1.0272619595565753,1.933286809454271,3.712919742740543,54.183553487378475,0.9060248498976957,0.8494462760617959,1.9057581824025447,4.00374375057242,44.678293198571595,1.0563119063407487,1.9413344851507217,1.1480812255062662,7.299437321851938,30.100921216554223,-0.7932532596444555
2012-10-15 08:00:00,1.5837708711624146,1.915454387664795,3.2500907989366854,104.74592590332031,0.33168351650238037,1.4787346353618753,1.9363702394932196,3.6914504719735803,94.8279647525521,0.4576356041313443,1.3187075325190918,1.8626116330547646,3.7392156972479875,86.95877658741192,0.5439041005356728,2.675775193138366,1.198492830588949,7.807590811406164,58.58658006048163,-1.477282362549417
2012-10-15 09:00:00,1.8352634906768799,1.8975865840911865,3.1449555679534105,142.38070678710938,0.06232309341430664,1.650573311588292,1.9059561869029518,3.4887732336112394,128.37062578492225,0.25538287531465986,1.6472094697903303,1.8416828503296765,3.5926756768504577,134.5180537438659,0.19447338053934615,3.4102159011260103,1.2489044356716317,8.31574430096039,87.07223890440905,-2.1613114654543786
2012-10-15 10:00:00,1.9225910902023315,1.8740873336791992,2.9917534440052185,164.969970703125,-0.048503756523132324,1.7113990624401552,1.8657224831052033,3.2406537156398523,160.80525242527696,0.15432342066504812,1.5299778071049457,1.8172183013003513,3.3773563944006777,151.34696823108263,0.28724049419540565,3.5897895302391043,1.2897626849263282,8.785977139187175,128.7637580219777,-2.300026845312776
2012-10-15 11:00:00,1.966979742050171,1.8575688600540161,2.853351500856377,177.65060424804688,-0.10941088199615479,1.6404141358924993,1.8225231209671393,2.955048827504683,180.4963832801398,0.18210898507464002,1.2649955084923903,1.7668242964173893,3.0456389766158556,153.61178938850546,0.501828787924999,3.7693631593521983,1.330620934181025,9.25620997741396,170.45527713954635,-2.4387422251711737
2012-10-15 12:00:00,1.8326278924942017,1.8441447019577026,2.710238120935082,168.95103454589844,0.011516809463500977,1.4337341533569037,1.7829524269951456,2.7067457340187353,165.91703148644092,0.34921827363824187,1.034471136756636,1.7239276364141225,2.822213181561126,143.0939962393399,0.6894564996574866,3.948936788465292,1.3714791834357214,9.726442815640745,212.146796257115,-2.5774576050295703
2012-10-15 13:00:00,1.5688880681991577,1.8172000646591187,2.5107990084337426,139.11038208007812,0.24831199645996094,1.184806819187399,1.7072504776949047,2.2564954514398274,138.8794782829756,0.5224436585075056,0.8301346398222893,1.6826551831442895,2.5561325484733644,123.48104280113931,0.8525205433220002,3.358687817240705,1.348472770614127,9.587890269623909,189.40436613038406,-2.010215046626578
2012-10-15 14:00:00,1.1478382349014282,1.7600431442260742,2.166231181105177,99.71337127685547,0.612204909324646,0.818584353587708,1.6075551131165617,1.674982816324772,99.45105537817494,0.7889707595288538,0.5370385042337952,1.6029607345179124,2.089345186817598,88.47679876018746,1.0659222302841171,2.7684388460161182,1.3254663577925325,9.449337723607073,166.66193600365312,-1.4429724882235857
2012-10-15 15:00:00,0.6418421864509583,1.6830241680145264,1.7150185608146484,54.76541519165039,1.041182041168213,0.4773141949686432,1.5151317206924189,1.1452115202834576,57.24688923494277,1.0378175257237756,0.2776032227705969,1.5110557794246984,1.5654827044447979,49.47085173477824,1.2334525566541015,2.1781898747915314,1.3024599449709382,9.310785177590237,143.91950587692216,-0.8757299298205932
2012-10-15 16:00:00,0.153375506401062,1.6033192873001099,1.2632099196600437,11.933038711547852,1.4499437808990479,0.10650899601621418,1.4291807769354796,0.6423959756660337,12.749695862040005,1.3226717809192654,0.0830987280027813,1.419657379127194,1.0273120806763736,12.00938248612107,1.3365586511244127,1.4521265831943544,1.2547373166698494,8.82540006411179,101.49931519554706,-0.19738926652450495
2012-10-15 17:00:00,0.0,1.5564258098602295,0.9934279695361068,0.0,1.5564258098602295,0.0,1.3815813174278557,0.32528009803605246,0.0,1.3815813174278557,0.0,1.3219360826740676,0.4844787407985959,0.0,1.3219360826740676,0.7260632915971772,1.2070146883687607,8.340014950633341,59.07912451417195,0.4809513967715835
2012-10-15 18:00:00,0.0,1.5308656692504883,0.857340519841499,0.0,1.5308656692504883,0.0,1.341250185264067,0.051313897019332526,0.0,1.341250185264067,0.0,1.2749715253080158,0.26392410568669367,0.0,1.2749715253080158,0.0,1.159292060067672,7.854629837154893,16.658933832796833,1.159292060067672
2012-10-15 19:00:00,0.0,1.4990817308425903,0.6883337590073585,0.0,1.4990817308425903,0.0,1.3097314248294436,-0.17426851157955897,0.0,1.3097314248294436,0.0,1.239923957452592,0.04934442865327014,0.0,1.239923957452592,0.0,1.1272613076761941,7.554820928920368,11.105955888531225,1.1272613076761941
2012-10-15 20:00:00,0.0,1.4807370901107788,0.5855239550962682,0.0,1.4807370901107788,0.0,1.279799322058998,-0.4298323853119387,0.0,1.279799322058998,0.0,1.2140780069489514,-0.1676406807763872,0.0,1.2140780069489514,0.0,1.0952305552847164,7.255012020685843,5.5529779442656135,1.0952305552847164
2012-10-15 21:00:00,0.0,1.4645918607711792,0.4637477335969241,0.0,1.4645918607711792,0.0,1.2649180216167653,-0.6579054645561571,0.0,1.2649180216167653,0.0,1.2006738797996486,-0.31960425915283075,0.0,1.2006738797996486,0.0,1.0631998028932386,6.955203112451318,0.0,1.0631998028932386
2012-10-15 22:00:00,0.0,1.4486305713653564,0.29121936210603194,0.0,1.4486305713653564,0.0,1.2563077204415471,-0.7076870393280346,0.0,1.2563077204415471,0.0,1.1751600783019645,-0.495967604463698,0.0,1.1751600783019645,0.0,1.0233335962665273,6.437944135959916,0.0,1.0233335962665273
2012-10-15 23:00:00,0.0,1.4237765073776245,0.06730688671972497,0.0,1.4237765073776245,0.0,1.248075606058582,-0.7346092379595008,0.0,1.248075606058582,0.0,1.1526955485892576,-0.6476984213691832,0.0,1.1526955485892576,0.0,0.9834673896398158,5.9206851594685155,0.0,0.9834673896398158
2012-11-11 00:00:00,0.0,1.948691725730896,3.521675827621923,0.0,1.948691725730896,0.0,1.8783869034164773,3.4402889097091918,0.0,1.8783869034164773,0.0,1.8633198077929936,3.6856396772807116,0.0,1.8633198077929936,0.0,0.8736482583805752,6.185227932756481,0.0,0.8736482583805752
2012-11-11 01:00:00,0.0,1.934908151626587,3.4531525855987346,0.0,1.934908151626587,0.0,1.8864401211399293,3.48717880793311,0.0,1.8864401211399293,0.0,1.9135748000531425,3.954468416552622,0.0,1.9135748000531425,0.0,0.8621678269280734,6.107453043902751,0.0,0.8621678269280734
2012-11-11 02:00:00,0.0,1.9276570081710815,3.4136133488557157,0.0,1.9276570081710815,0.0,1.9083521724303283,3.6145919161047044,0.0,1.9083521724303283,0.0,1.9533725427649635,4.1909493264130715,0.0,1.9533725427649635,0.0,0.8506873954755716,6.029678155049021,0.0,0.8506873954755716
2012-11-11 03:00:00,0.0,1.9308171272277832,3.4324625472526016,0.0,1.9308171272277832,0.0,1.9370151926716188,3.7822926505636527,0.0,1.9370151926716188,0.0,2.00226868718016,4.488251000647439,0.0,2.00226868718016,0.0,0.8392069640230697,5.951903266195291,0.0,0.8392069640230697
2012-11-11 04:00:00,0.0,1.9285461902618408,3.406829756819468,0.0,1.9285461902618408,0.0,1.9435776679671024,3.826291279369326,0.0,1.9435776679671024,0.0,2.0547134339374065,4.802524624028432,0.0,2.0547134339374065,0.10560584394129596,0.8330932416846822,5.845341736196711,0.010712457501871369,0.7274873977433862
2012-11-11 05:00:00,0.0,1.9117798805236816,3.312809058117823,0.0,1.9117798805236816,0.0,1.9431236844932356,3.818227084324815,0.0,1.9431236844932356,0.0,2.0964899041113325,5.052496120585903,0.0,2.0964899041113325,0.21121168788259193,0.8269795193462948,5.738780206198131,0.021424915003742738,0.6157678314637028
2012-11-11 06:00:00,0.0,1.8908109664916992,3.208037620429525,0.0,1.8908109664916992,0.0,1.9291875565725305,3.734433374470808,0.0,1.9291875565725305,0.0,2.1418315587702157,5.32122977671121,0.0,2.1418315587702157,0.3168175318238879,0.8208657970079073,5.6322186761995505,0.03213737250561411,0.5040482651840195
2012-11-11 07:00:00,0.24624113738536835,1.8999475240707397,3.2883930348223984,21.352807998657227,1.653706431388855,0.18571793291445945,1.9336109484437416,3.765612416324376,16.723509920756932,1.7478930155292822,0.26180127611447174,2.1703570321398815,5.503611094887103,15.533911169146425,1.9085557560254098,1.0603152909089961,0.8703206557874854,6.161670872297297,18.49173276572536,-0.1899946351215107
2012-11-11 08:00:00,0.6306428909301758,1.9319425821304321,3.4685547857797348,64.16216278076172,1.3012996912002563,0.5093651571050162,1.965114855327269,3.927199546836629,48.74558687631031,1.4557496982222529,0.6373393763581651,2.2205116278841146,5.776866548205468,42.65735796429654,1.5831722515259496,1.8038130499941045,0.9197755145670636,6.691123068395042,36.95132815894511,-0.8840375354270409
2012-11-11 09:00:00,0.8960648775100708,1.9588656425476074,3.613335245871906,102.7861328125,1.0628007650375366,0.7992887168908293,2.0083354451585937,4.145684389675927,80.77689328535953,1.2090467282677646,0.9186801057773439,2.2647751827938833,6.0153675650944995,66.91264911788075,1.3460950770165394,2.547310809079213,0.9692303733466417,7.220575264492788,55.41092355216486,-1.5780804357325713
2012-11-11 10:00:00,1.1036032438278198,1.9883893728256226,3.7728303032738615,132.95533752441406,0.8847861289978027,1.0628011785637808,2.046638868158207,4.347957558408897,113.0408833188432,0.9838376895944261,1.111046889440109,2.2837575130844487,6.1135604673654,85.8218963410849,1.1727106236443396,2.6810528473390325,1.0039715120389008,7.699491490967687,80.26684307488995,-1.6770813353001317
2012-11-11 11:00:00,1.2649346590042114,2.023437976837158,3.9625977189225345,152.689208984375,0.7585033178329468,1.3177327205658476,2.117038542431019,4.7232000529867735,132.37219315887077,0.7993058218651716,1.3174584657830755,2.312360147702245,6.270919074912212,106.49893248613344,0.9949016819191696,2.814794885598852,1.0387126507311597,8.178407717442587,105.12276259761505,-1.7760822348676923
2012-11-11 12:00:00,1.3204129934310913,2.065835475921631,4.177056641465774,154.3632049560547,0.7454224824905396,1.3372060893595865,2.1584654470035693,4.947585411289977,138.258763234536,0.8212593576439828,1.421071593215892,2.339008851219721,6.395104651672785,116.18133871254209,0.9179372580038292,2.9485369238586716,1.0734537894234186,8.657323943917486,129.97868212034015,-1.875083134435253
2012-11-11 13:00:00,1.2192782163619995,2.0909860134124756,4.312859146219441,133.174560546875,0.8717077970504761,1.2042918421031683,2.1780205944236566,5.066306791445046,112.65102932951913,0.9737287523204883,1.3650190698493152,2.3691550449286076,6.553889525395602,104.86107823632958,1.0041359750792924,2.2253717183207926,1.0557880599692149,8.5486780470847,110.61095209841693,-1.1695836583515777
2012-11-11 14:00:00,0.9541364312171936,2.0995724201202393,4.380112938764421,88.87892150878906,1.1454360485076904,0.8466806368557896,2.1628615534921285,5.0063128535505825,68.89331552128797,1.316180916636339,1.018881260892438,2.3733746330389867,6.581324074690199,71.3381569632781,1.3544933721465486,1.5022065127829136,1.0381223305150113,8.440032150251913,91.24322207649371,-0.46408418226790227
2012-11-11 15:00:00,0.40433692932128906,2.072816848754883,4.240497291560885,31.661123275756836,1.6684799194335938,0.32606696866818474,2.129363007878135,4.845784530693993,22.61912841759939,1.8032960392099504,0.34227787810163934,2.334233361678945,6.3780366228165395,21.274424035305675,1.9919554835773055,0.7790413072450346,1.0204566010608076,8.331386253419126,71.87549205457047,0.24141529381577298
2012-11-11 16:00:00,0.0,2.0387065410614014,4.053906298276092,0.0,2.0387065410614014,0.0,2.0874694777780007,4.635319001592993,0.0,2.0874694777780007,0.0,2.276347770074225,6.060664737939927,0.0,2.276347770074225,0.51936087149669,0.9921195153113341,7.959803371710821,48.74699926251151,0.47275864381464416
2012-11-11 17:00:00,0.0,2.030137300491333,3.9975038293000797,0.0,2.030137300491333,0.0,2.0708883646631167,4.5544803114007015,0.0,2.0708883646631167,0.0,2.2313506356789774,5.807742803965493,0.0,2.2313506356789774,0.259680435748345,0.9637824295618608,7.5882204900025165,25.618506470452544,0.7041019938135158
2012-11-11 18:00:00,0.0,2.0180063247680664,3.91648513626469,0.0,2.0180063247680664,0.0,2.0469704554653356,4.430638173464979,0.0,2.0469704554653356,0.0,2.1764367008085643,5.48599024593267,0.0,2.1764367008085643,0.0,0.9354453438123873,7.216637608294212,2.4900136783935807,0.9354453438123873
2012-11-11 19:00:00,0.0,2.0092790126800537,3.859181251337548,0.0,2.0092790126800537,0.0,2.02315167944953,4.295985750580412,0.0,2.02315167944953,0.0,2.155994021704024,5.376619126290711,0.0,2.155994021704024,0.0,0.9191292941391946,6.966374947230846,1.6650976227204053,0.9191292941391946
2012-11-11 20:00:00,0.0,2.000192403793335,3.7956935647066787,0.0,2.000192403793335,0.0,2.0092676175195754,4.178542798261202,0.0,2.0092676175195754,0.0,2.1243309452527037,5.19817638944841,0.0,2.1243309452527037,0.0,0.9028132444660021,6.716112286167481,0.8401815670472339,0.9028132444660021
2012-11-11 21:00:00,0.0,1.9920978546142578,3.7247070247236356,0.0,1.9920978546142578,0.0,2.0047970421240477,4.165895542484159,0.0,2.0047970421240477,0.0,2.0872425422289846,4.988873104167622,0.0,2.0872425422289846,0.0,0.8864971947928094,6.465849625104115,0.015265511374062513,0.8864971947928094
2012-11-11 22:00:00,0.0,1.9792766571044922,3.635494487690612,0.0,1.9792766571044922,0.0,1.9854267647308945,4.032393291564737,0.0,1.9854267647308945,0.0,2.0448301794783545,4.743209561934132,0.0,2.0448301794783545,0.0,0.8986741435417342,6.381675039770288,0.010177007582708286,0.8986741435417342
2012-11-11 23:00:00,0.0,1.9705045223236084,3.548949969864238,0.0,1.9705045223236084,0.0,1.9602533333790306,3.8893667277301507,0.0,1.9602533333790306,0.0,2.0134663243937205,4.569171921403545,0.0,2.0134663243937205,0.0,0.910851092290659,6.29750045443646,0.005088503791354143,0.910851092290659
2012-12-07 00:00:00,0.0,0.2063727229833603,-11.811638185925952,0.0,0.2063727229833603,0.0,0.13500008499185923,-13.261883986680196,0.0,0.13500008499185923,0.0,0.12484936574251625,-13.4748370219697,0.0,0.12484936574251625,0.0,0.33083643258473994,-5.88410109927311,0.0,0.33083643258473994
2012-12-07 01:00:00,0.0,0.1964014768600464,-11.842042496682962,0.0,0.1964014768600464,0.0,0.1325143289530626,-13.24531345773221,0.0,0.1325143289530626,0.0,0.11967990421717767,-13.713013682221558,0.0,0.11967990421717767,0.0,0.32715559404176403,-6.350952565574523,0.0,0.32715559404176403
2012-12-07 02:00:00,0.0,0.1898542046546936,-11.813990358468471,0.0,0.1898542046546936,0.0,0.13483978391066276,-13.030685288457985,0.0,0.13483978391066276,0.0,0.1274173898467325,-13.60886745853298,0.0,0.1274173898467325,0.0,0.3234747554987881,-6.817804031875935,0.0,0.3234747554987881
2012-12-07 03:00:00,0.0,0.1931869089603424,-11.476833588749232,0.0,0.1931869089603424,0.0,0.14238229293688998,-12.58719549270131,0.0,0.14238229293688998,0.0,0.13016852867550713,-13.536884558941107,0.0,0.13016852867550713,0.0,0.3197939169558122,-7.284655498177348,0.0,0.3197939169558122
2012-12-07 04:00:00,0.0,0.1896563470363617,-11.423493512717435,0.0,0.1896563470363617,0.0,0.13728150999289998,-12.504349402005518,0.0,0.13728150999289998,0.0,0.13271514753712932,-13.239624567069965,0.0,0.13271514753712932,0.0014274693536386245,0.3176066328124113,-7.415703409954479,0.0,0.31617916345877267
2012-12-07 05:00:00,0.0,0.18456406891345978,-11.408294127694287,0.0,0.18456406891345978,0.0,0.12995225052782822,-12.567222238358596,0.0,0.12995225052782822,0.0,0.13380410810645482,-12.995366683658393,0.0,0.13380410810645482,0.002854938707277249,0.31541934866901045,-7.54675132173161,0.0,0.3125644099617332
2012-12-07 06:00:00,0.0,0.18344761431217194,-11.29533464009645,0.0,0.18344761431217194,0.0,0.1323873919398051,-12.330675543031681,0.0,0.1323873919398051,0.0,0.1379682249768035,-11.93716514610983,0.0,0.1379682249768035,0.004282408060915874,0.31323206452560953,-7.677799233508741,0.0,0.30894965646469363
2012-12-07 07:00:00,2.635640157677699e-05,0.18714477121829987,-11.082127024874929,6.768371105194092,0.18711841106414795,1.5904595955249263e-05,0.14118147170045514,-12.00447704512154,6.357649366676788,0.1411655671044999,2.0222414279802368e-07,0.14157393522946787,-11.385623270278503,7.025288176291128,0.14157373300532508,0.13211651444608216,0.3194405666359042,-6.89719391112406,18.94184093632532,0.18732405218982204
2012-12-07 08:00:00,0.000855642429087311,0.22127658128738403,-10.24313558024286,114.44293212890625,0.2204209417104721,0.0004311536305327983,0.1718848948606589,-10.887412819901462,115.47127313688662,0.17145374123012608,0.00013320108525925178,0.16734930520238664,-10.294858345219616,116.47872785689898,0.1672161041171274,0.2599506208312485,0.3256490687461989,-6.116588588739381,37.88368187265064,0.06569844791495044
2012-12-07 09:00:00,0.0022845184430480003,0.2624194324016571,-9.391503535829523,214.58135986328125,0.26013490557670593,0.001242029807862428,0.2157655113831477,-9.704724007982742,216.56157825503192,0.21452348157528528,0.0011803642312603394,0.21968286929807107,-8.996060951972247,217.46353683221676,0.21850250506681074,0.38778472721641477,0.3318575708564936,-5.335983266354701,56.82552280897597,-0.05592715635992118
2012-12-07 10:00:00,0.004602441564202309,0.30370059609413147,-8.766173236337147,269.9153137207031,0.2990981638431549,0.0018439898015004661,0.26711815091949936,-8.798687508452375,277.8518204910768,0.2652741611179989,0.0016379801598863913,0.26974321023581194,-8.097114760813445,270.8284540576523,0.26810523007592557,0.4551164737929945,0.3394155758766942,-4.224154238664945,106.4717176025549,-0.11570089791630034
2012-12-07 11:00:00,0.005840884987264872,0.3367379903793335,-8.351181707290102,271.18853759765625,0.33089709281921387,0.0020306266103451275,0.31302355510476243,-8.17273187885441,268.1762996517569,0.3109929284944173,0.001580734951171774,0.3110849134937043,-7.500695711686056,280.9917398306016,0.30950417854253254,0.5224482203695743,0.34697358089689473,-3.11232521097519,156.11791239613385,-0.17547463947267955
2012-12-07 12:00:00,0.005510174203664064,0.35429954528808594,-8.130508734438537,235.0907745361328,0.34878936409950256,0.0019886941930619554,0.3450729605983132,-7.735590071929255,230.47215240551787,0.34308426640525125,0.0011815325999235998,0.33810856787504645,-7.128679032112788,255.55072867052462,0.33692703527512285,0.5897799669461541,0.3545315859170953,-2.0004961832854344,205.76410718971277,-0.23524838102905876
2012-12-07 13:00:00,0.0038713787216693163,0.3533807396888733,-8.136489435934857,177.82192993164062,0.3495093584060669,0.001458281541282623,0.35062252317253423,-7.630881041420649,178.98774249690794,0.3491642416312516,0.0004862349770400912,0.34539989538707,-6.970258554974707,197.02952075215896,0.3449136604100299,0.45890280128861005,0.34634310775442473,-2.300340621121747,171.77306060245576,-0.11255969353418532
2012-12-07 14:00:00,0.0016000461764633656,0.33132559061050415,-8.404232267270626,106.61840057373047,0.3297255337238312,0.0006023374615171749,0.32269552171130483,-7.93873367696971,104.57700543613852,0.32209318424978767,0.00018399876795571125,0.32973823070812786,-7.108908800658068,108.73083687882178,0.32955423194017214,0.328025635631066,0.3381546295917541,-2.6001850589580595,137.78201401519874,0.01012899396068806
2012-12-07 15:00:00,0.00015591327974107116,0.28471291065216064,-8.9744414420856,21.119483947753906,0.2845569849014282,5.185955722500839e-05,0.2763938444725807,-8.600285952966924,19.523465471561348,0.27634198491535567,1.3097577959305747e-05,0.28309967931948216,-7.6457589390454945,18.95660023469833,0.28308658174152285,0.19714846997352198,0.3299661514290835,-2.9000294967943723,103.79096742794171,0.1328176814555615
2012-12-07 16:00:00,0.0,0.2637110948562622,-9.08605876761485,0.0,0.2637110948562622,0.0,0.2583893427358246,-8.77212752175811,0.0,0.2583893427358246,0.0,0.27057840286855367,-7.65862537711479,0.0,0.27057840286855367,0.1314323133156813,0.32552697643175005,-3.28059578014101,69.66984224501326,0.19409466311606874
2012-12-07 17:00:00,0.0,0.25830909609794617,-9.032769627635117,0.0,0.25830909609794617,0.0,0.25611479376282736,-8.762753681295242,0.0,0.25611479376282736,0.0,0.27818610015428796,-7.450695223282943,0.0,0.27818610015428796,0.06571615665784067,0.3210878014344166,-3.661162063487647,35.54871706208479,0.2553716447765759
2012-12-07 18:00:00,0.0,0.25536713004112244,-9.069558944771709,0.0,0.25536713004112244,0.0,0.2529864047832503,-8.7795612145071,0.0,0.2529864047832503,0.0,0.2785835788317746,-7.383309312915979,0.0,0.2785835788317746,0.0,0.3166486264370832,-4.041728346834285,1.4275918791563242,0.3166486264370832
2012-12-07 19:00:00,0.0,0.25105932354927063,-9.135668082197784,0.0,0.25105932354927063,0.0,0.24224787538977324,-8.95176704717669,0.0,0.24224787538977324,0.0,0.27648206840378925,-7.47774991862444,0.0,0.27648206840378925,0.0,0.3154605076824244,-4.064614115328068,0.9517279194375476,0.3154605076824244
2012-12-07 20:00:00,0.0,0.2493225783109665,-9.07737364598772,0.0,0.2493225783109665,0.0,0.23491247254733386,-9.083407853532979,0.0,0.23491247254733386,0.0,0.2700250484654655,-7.682593434520714,0.0,0.2700250484654655,0.0,0.31427238892776566,-4.08749988382185,0.4758639597187738,0.31427238892776566
2012-12-07 21:00:00,0.0,0.2505120038986206,-8.981056082515227,0.0,0.2505120038986206,0.0,0.23130514991983045,-9.099578865758907,0.0,0.23130514991983045,0.0,0.2675123166647141,-7.852000625627626,0.0,0.2675123166647141,0.0,0.31308427017310686,-4.110385652315633,0.0,0.31308427017310686
2012-12-07 22:00:00,0.0,0.25430187582969666,-8.928800825189839,0.0,0.25430187582969666,0.0,0.23008022262885244,-9.110817257017818,0.0,0.23008022262885244,0.0,0.26133860017420296,-8.017040465155478,0.0,0.26133860017420296,0.0,0.32134913071335713,-4.109389120816972,0.0,0.32134913071335713
2012-12-07 23:00:00,0.0,0.2576075494289398,-8.971559938997686,0.0,0.2576075494289398,0.0,0.23614254599787435,-9.023314243423139,0.0,0.23614254599787435,0.0,0.24668557031529598,-8.344392056889781,0.0,0.24668557031529598,0.0,0.32961399125360746,-4.108392589318311,0.0,0.32961399125360746
