,GPP_1km,RECO_1km,T2_1km,SWDOWN_1km,GPP_9km,RECO_9km,T2_9km,SWDOWN_9km,GPP_54km,RECO_54km,T2_54km,SWDOWN_54km,GPP_CAMS,RECO_CAMS,T2_CAMS,SWDOWN_CAMS
2012-01-20 00:00:00,0.0,1.0949679372072234,-1.1989997545847872,0.0,0.0,0.9404257471685542,-1.7949593697968818,0.0,0.0,1.018039767663627,-0.988934199590449,0.0,0.0,0.3985797481687541,3.0019618549546863,0.0
2012-01-20 01:00:00,0.0,1.0699210926381715,-1.3514405414038686,0.0,0.0,0.9547637634157059,-1.7360782763628686,0.0,0.0,1.025804935427931,-0.9386637336444653,0.0,,,,
2012-01-20 02:00:00,0.0,1.0505263587104787,-1.4823808325668824,0.0,0.0,0.9572203633489628,-1.733397777119831,0.0,0.0,1.0157087961264464,-0.9870047123276691,0.0,,,,
2012-01-20 03:00:00,0.0,1.0357936319003949,-1.5957957429750969,0.0,0.0,0.9470647623060919,-1.7623751723444177,0.0,0.0,0.9835599612741031,-1.1653270726579332,0.0,0.0,0.3860913571785434,2.881159478293448,0.0
2012-01-20 04:00:00,0.0,1.0149261465000465,-1.757691456057828,0.0,0.0,0.9298281690902613,-1.8727673073157123,0.0,0.0,0.9570048614768915,-1.3178919696437223,0.0,,,,
2012-01-20 05:00:00,0.0,0.9861036500194084,-1.9658909811794738,0.0,0.0,0.9147720516499815,-2.0249489983951476,0.0,0.0,0.8950914610785773,-1.6819691346863046,0.0,,,,
2012-01-20 06:00:00,0.0,0.9540124583274854,-2.1643794346992205,0.0,0.0,0.9007518591540232,-2.129086935962971,0.0,0.0,0.8927898012783781,-1.6837857509855676,0.0,0.00017257463638966462,0.3535696083075364,1.8216913433525166,0.0
2012-01-20 07:00:00,0.0005862951489526196,0.9289660233806781,-2.343598754241668,2.4835305213928223,0.0014335330717327322,0.8584537933056711,-2.379051464065334,2.755929400126118,0.0006931717553994783,0.8840096287503344,-1.7551557662890038,2.6148707964864326,,,,
2012-01-20 08:00:00,0.03741747348649967,0.9732908589029864,-2.1112295615821672,76.2054672241211,0.05396138126192567,0.9411731598704791,-1.8592784444886392,84.68240404844173,0.025783693672917267,0.9043110590221425,-1.611546952052077,91.1436096131761,,,,
2012-01-20 09:00:00,0.06735554767778221,0.9815717656915469,-2.15068961213464,153.68771362304688,0.09993925236787728,0.984765640753411,-1.6643629297022773,166.28824314275064,0.06604045319406869,0.9230687580131244,-1.5066640079868456,182.17899441389687,0.8531094109332426,0.36520825923601524,1.9396560666380496,33.866554186840226
2012-01-20 10:00:00,0.08743070161137668,0.9779650710651604,-2.3295717046167406,208.985107421875,0.13659408413384727,0.9773022525308487,-1.7880941377418937,216.2291032567977,0.12397225536732721,0.9334210958546475,-1.482436857024098,251.7542916530858,,,,
2012-01-20 11:00:00,0.09820572546062949,0.9701089042133059,-2.536130121708958,234.7946319580078,0.14818372826239873,0.9387609427545809,-2.1729245244396718,236.73982297937314,0.14194606422462236,0.8979990757872764,-1.7400134467660704,282.50108692054386,,,,
2012-01-20 12:00:00,0.10052414139464999,0.9573343241479816,-2.7788560400084807,228.03245544433594,0.13395338029960582,0.8901739789978327,-2.6081527260758928,237.35804558075338,0.14277784826871487,0.8562575232291921,-2.0179604757055785,280.8267718688916,1.1911951935235097,0.41378702909066883,2.398112951010624,149.5095524766599
2012-01-20 13:00:00,0.09625507886427857,0.9384477682160021,-3.054489828834879,198.72640991210938,0.11355280165019109,0.8337102704903853,-3.077061878046036,212.77385001754936,0.13256488209536668,0.8075904726542255,-2.345827073365547,242.22967118080743,,,,
2012-01-20 14:00:00,0.0819276612294342,0.9104335744515595,-3.35857910555509,145.66024780273438,0.07105860839435252,0.7686484028403563,-3.5214202653216353,151.12305106835615,0.10384688247572971,0.743200234226391,-2.803576561853009,170.27921733078676,,,,
2012-01-20 15:00:00,0.04412436896752601,0.8416727290225087,-3.880504744464587,67.63938903808594,0.02898033231513715,0.6835095062820813,-4.070673172512544,70.21602715637191,0.04410754323753711,0.6460122221718302,-3.4771887154378756,81.92161524094976,0.46210146747502195,0.3655710995171086,1.6244396060416528,119.28164138662278
2012-01-20 16:00:00,0.00049916289174882,0.7428289219496227,-4.566295263172391,0.2840457260608673,0.0002456149220982807,0.5542473819188766,-4.960891154041445,0.28334339534690905,0.00022683653872588978,0.5278703369118751,-4.254844345241039,0.8773206015325121,,,,
2012-01-20 17:00:00,0.0,0.7155587826457245,-4.7521279692143485,0.0,0.0,0.5265076289357329,-5.210564220213476,0.0,0.0,0.4850675441561171,-4.576493688038552,0.0,,,,
2012-01-20 18:00:00,0.0,0.6987950086136413,-4.847828027532224,0.0,0.0,0.5159707476829001,-5.339749086114799,0.0,0.0,0.46139234075530366,-4.76568533633259,0.0,0.0,0.3340003718424326,0.30243089500010734,4.535587754038741
2012-01-20 19:00:00,0.0,0.6855569959832204,-4.875056630228826,0.0,0.0,0.5006268357216968,-5.359063525276144,0.0,0.0,0.4884180013435781,-4.493218124614239,0.0,,,,
2012-01-20 20:00:00,0.0,0.6826314260298125,-4.835945769940208,0.0,0.0,0.5315891436222645,-5.097824939123891,0.0,0.0,0.5004287063050028,-4.270842782586111,0.0,,,,
2012-01-20 21:00:00,0.0,0.678693932392811,-4.819434599101522,0.0,0.0,0.5537155812541579,-4.8787819296179915,0.0,0.0,0.5217967422416595,-4.0763889643159095,0.0,0.0,0.3214565159024061,-0.4953283157405409,0.009219049415664019
2012-01-20 22:00:00,0.0,0.6714392962140617,-4.811579428766734,0.0,0.0,0.5585604428920016,-4.7599494577224375,0.0,0.0,0.5287780808008855,-3.9855529423137814,0.0,,,,
2012-01-20 23:00:00,0.0,0.6612652236797152,-4.8315416717745014,0.0,0.0,0.5645803354273016,-4.709183103591472,0.0,0.0,0.5738572560564479,-3.706588072167929,0.0,,,,
2012-02-19 00:00:00,0.0,0.6337706973743665,-4.49158421699461,0.0,0.0,0.48141819756876963,-5.382462928062613,0.0,0.0,0.4395901916661354,-5.727721470657321,0.0,0.0,0.22760110963243452,-1.2624796346397245,0.0
2012-02-19 01:00:00,0.0,0.6269191090946623,-4.575208892567906,0.0,0.0,0.4826755019738702,-5.466892535325241,0.0,0.0,0.4593330959321147,-5.636709936274581,0.0,,,,
2012-02-19 02:00:00,0.0,0.6280612548769735,-4.618952474442032,0.0,0.0,0.4876443546487197,-5.50626197988941,0.0,0.0,0.45843721850467634,-5.641555420528661,0.0,,,,
2012-02-19 03:00:00,0.0,0.6415902538481729,-4.572930779402934,0.0,0.0,0.4916573236749226,-5.439129932964889,0.0,0.0,0.46389628984580217,-5.3366635310123485,0.0,0.0,0.21889308104824381,-0.9068475898007461,0.0
2012-02-19 04:00:00,0.0,0.6557373465540767,-4.500680893553282,0.0,0.0,0.5086051885175814,-5.23602615363748,0.0,0.0,0.4921945156731712,-5.070693441527514,0.0,,,,
2012-02-19 05:00:00,0.0,0.6571119310688766,-4.434862612487249,0.0,0.0,0.5279030605765215,-4.9634747924108815,0.0,0.0,0.503865189101539,-5.037279355767473,0.0,,,,
2012-02-19 06:00:00,0.0,0.6557705479156127,-4.321360263847834,0.0,0.0,0.5359549392141956,-4.802926205833415,0.0,0.0,0.5006408189873488,-4.807490592327378,0.0,0.048711636057061934,0.21427411995385812,-1.1478604043307645,0.02687364116503219
2012-02-19 07:00:00,0.007950136305470274,0.7330800570793176,-3.6762078145661548,56.845306396484375,0.004764580664704901,0.6045604545448291,-4.11660882711001,53.14143561906193,0.0037905966212051358,0.5931125497445597,-3.753881508842337,56.33152771783477,,,,
2012-02-19 08:00:00,0.018945450835412322,0.8093014784478131,-3.125720687718864,163.33078002929688,0.012373359201410295,0.7177475965136717,-3.246817866533786,155.45776082318594,0.009889525451838518,0.7206907845518852,-2.7439892655767095,163.47267112849443,,,,
2012-02-19 09:00:00,0.02382740433532385,0.8506348881842197,-2.8599298637393025,269.9479064941406,0.02151488359733685,0.8098605196189798,-2.630313895044486,263.2719529640812,0.016534132626497916,0.8916094515732326,-1.719428121836246,283.04948008222283,0.5914117586075308,0.25048413674626707,1.3855154385107176,77.21857744066362
2012-02-19 10:00:00,0.03035554260861524,0.8839346915141942,-2.6604318678699372,364.64630126953125,0.025980002334313322,0.8716460284675351,-2.233423348976199,351.4062729874585,0.024463116287693282,0.979802028122189,-1.1717727309209895,361.73241074556586,,,,
2012-02-19 11:00:00,0.03490215792216611,0.9045992722952862,-2.53590749656679,429.5654296875,0.028440148991396817,0.899975095669728,-2.04373747898001,407.99398427232734,0.024111293122545584,0.9815365656208086,-1.1228668520686296,391.0923364024085,,,,
2012-02-19 12:00:00,0.03836277304853102,0.9141235803764499,-2.5092634616446916,426.8216247558594,0.027129617063399933,0.8972433180037765,-2.055584188591316,394.3743094330131,0.028149211104613665,0.9545489686130499,-1.271982671669126,378.8697209434277,1.010541559640818,0.3070512466724757,3.4182047562213764,245.14673539054843
2012-02-19 13:00:00,0.03660394782931292,0.907590224701458,-2.593135216636717,354.3736267089844,0.02410281852396932,0.8759537913658048,-2.169465733228368,319.63057524987954,0.02968436173208167,0.9178786122703047,-1.5139481059152857,321.61106244819047,,,,
2012-02-19 14:00:00,0.030412253619529973,0.8866076093711586,-2.7848958681727,247.03799438476562,0.020170899005369912,0.8316702668735823,-2.4888298571709386,223.68697956519804,0.026190007892289282,0.8736416679140728,-1.8234129617842432,227.966010295616,,,,
2012-02-19 15:00:00,0.019975641862658548,0.8505181385376366,-3.0929039253162407,139.77171325683594,0.013003334326744527,0.773477873693317,-2.985433663120605,128.7843471553906,0.01894367605068138,0.8089050610238282,-2.3009183658472057,133.51163478697646,0.6886024210588733,0.2901297233001658,3.1045865806431756,213.93351202123117
2012-02-19 16:00:00,0.006806474574019848,0.7977891015226991,-3.538240320530966,45.54494094848633,0.003936770659566334,0.7051947570364234,-3.6679350150440793,43.861066717937156,0.005467021260620963,0.7225404586341626,-2.892979695147605,47.93841714415792,,,,
2012-02-19 17:00:00,0.0,0.7248211536199182,-4.121622838829111,0.0,0.0,0.6053181356022642,-4.569898272784746,0.0,0.0,0.6128067539414506,-3.8049562887070376,0.0,,,,
2012-02-19 18:00:00,0.0,0.6999236286877653,-4.395548136358655,0.0,0.0,0.5500895808456492,-5.029046062228996,0.0,0.0,0.5348086070091438,-4.511947445992705,0.0,0.0,0.2237718259553348,0.07601855260964349,34.35142797610717
2012-02-19 19:00:00,0.0,0.6791987050903975,-4.629371491567823,0.0,0.0,0.5116489360818007,-5.325991754502253,0.0,0.0,0.4849515620056581,-5.107152595279002,0.0,,,,
2012-02-19 20:00:00,0.0,0.6562529777080389,-4.8678238536005365,0.0,0.0,0.47185145685861724,-5.714146565322296,0.0,0.0,0.42570153761800184,-5.678626562525356,0.0,,,,
2012-02-19 21:00:00,0.0,0.6356481992998836,-5.101023740168857,0.0,0.0,0.4429981334985926,-6.083867131700997,0.0,0.0,0.368222161121219,-6.185000326663897,0.0,0.0,0.21292062785988852,-1.1971564729880586,0.0
2012-02-19 22:00:00,0.0,0.6166507741987923,-5.326289781765423,0.0,0.0,0.40982975822835466,-6.516969610552032,0.0,0.0,0.31151439479451454,-6.742672022631156,0.0,,,,
2012-02-19 23:00:00,0.0,0.599385988802117,-5.551626317220689,0.0,0.0,0.3816759121898369,-6.971564632588808,0.0,0.0,0.2678629790680479,-7.266310544231715,0.0,,,,
2012-03-19 00:00:00,0.0,1.2269953524621846,-0.8257640045018944,0.0,0.0,1.1210861981010536,-0.8688339913940244,0.0,0.0,1.2265983800950473,0.26268804445755023,0.0,0.0,0.7283159037142631,4.53183873965404,0.0
2012-03-19 01:00:00,0.0,1.192713662052536,-1.0545671634030203,0.0,0.0,1.0922567512761743,-1.0746669280741161,0.0,0.0,1.1876163643129298,0.035190524571557115,0.0,,,,
2012-03-19 02:00:00,0.0,1.1631922440566245,-1.2468742307020955,0.0,0.0,1.0696526980310817,-1.2057317491671895,0.0,0.0,1.1430775266068773,-0.21461450640868956,0.0,,,,
2012-03-19 03:00:00,0.0,1.13686777605766,-1.419986402637123,0.0,0.0,1.0489987021848457,-1.3655246496033469,0.0,0.0,1.1021670921583093,-0.4488355282651261,0.0,0.0,0.6787495437427883,4.027275233541371,0.0
2012-03-19 04:00:00,0.0,1.1140547634170175,-1.5581129773583586,0.0,0.0,1.0305795925393133,-1.489962204306966,0.0,0.0,1.057183206388414,-0.7157454620066954,0.0,,,,
2012-03-19 05:00:00,0.0,1.0958164632514815,-1.669928892209799,0.0,0.0,1.0095264582500925,-1.6248000572756889,0.0,0.0,1.0208595954145059,-0.9553951096240546,0.0,,,,
2012-03-19 06:00:00,0.0592515182409195,1.1143728113776643,-1.5220596029866424,41.448848724365234,0.03564432605002112,1.0116224208176168,-1.5880529149320377,36.56458944521182,0.03183716146952292,0.9950065636706045,-1.1377801049918848,35.694036645277414,1.1302055583236188,0.6428244413965685,3.2607708672276,5.012725675460987
2012-03-19 07:00:00,0.15889130168531707,1.1514940067774164,-1.2352978502380045,153.8585968017578,0.10970519622235447,1.063215048661437,-1.2443490758027786,140.42970800840754,0.0794814052577837,1.0132524955340516,-1.0351160811638866,119.31255731863486,,,,
2012-03-19 08:00:00,0.22709741450966853,1.1737562809830167,-1.0581388602418658,276.8878173828125,0.16646860993767817,1.0976247207228234,-0.998285296783892,257.569477263233,0.138373964209261,1.0628361801296982,-0.7463860035275052,226.9710083304734,,,,
2012-03-19 09:00:00,0.28449620592793506,1.1930213161316638,-0.9076798991699068,387.6832275390625,0.2071421295516549,1.1266432546991918,-0.7785936843923436,357.4041298675951,0.22286846978702649,1.1224497409671916,-0.3934305023132367,339.80780696884597,3.008240369139828,0.8568849316442295,5.908395155547119,165.93171723573155
2012-03-19 10:00:00,0.340688877084355,1.214466598430076,-0.7630666916642421,473.74017333984375,0.24191318124582492,1.15076833545747,-0.6149793567683152,433.0429367726941,0.26912266738159,1.1717722067811513,-0.1111916138205553,425.88612899948436,,,,
2012-03-19 11:00:00,0.38405789438282195,1.2342649219151298,-0.6408848235332262,515.3222045898438,0.28002787664697176,1.1738219967008,-0.4811555424721979,489.5875948386387,0.32128795056946013,1.2168099679659143,0.1352375049250767,481.2067520853201,,,,
2012-03-19 12:00:00,0.40995789139964195,1.2491063353649892,-0.5621978881655274,522.0346069335938,0.3016758432246144,1.1942234948770476,-0.3766713570351487,483.64047667475216,0.36287594292108816,1.2483949406220454,0.2966535489135596,487.1830209508103,4.054907163822745,1.0227135399952734,7.6629236261263545,357.3161522490389
2012-03-19 13:00:00,0.4116425296321433,1.2553214846975833,-0.532313416619531,488.02093505859375,0.2996946201105065,1.2014308569570724,-0.34271087792662824,456.0595107871547,0.3640496342713972,1.2705670548866193,0.41358737991101807,454.8576075711336,,,,
2012-03-19 14:00:00,0.39745330011886126,1.2636221758202408,-0.5093507021647536,411.0888366699219,0.2742613978541974,1.2016742977313377,-0.34510794526882915,374.4219969677958,0.3447219367063087,1.2915509381721624,0.5260328958386711,357.32925504749426,,,,
2012-03-19 15:00:00,0.3323758749973121,1.2553317167992668,-0.5757860689690549,292.2051086425781,0.24375172341077023,1.1885332519824117,-0.45288886320208477,265.81330687357087,0.27868016419619035,1.295491666306423,0.5514948288404733,265.14312219986726,3.1513204283516,0.9716297224516725,7.800669571162529,303.79040310808983
2012-03-19 16:00:00,0.2129773315267234,1.2210477737872985,-0.8269441451711816,156.30247497558594,0.14949179661825734,1.1505194794543776,-0.7125467719564307,139.8210056719515,0.20984530438945376,1.2653675710482104,0.3808955045222667,149.77162636378495,,,,
2012-03-19 17:00:00,0.0433647600505895,1.1145240982106683,-1.6191450508502072,30.69074058532715,0.031027721116767056,1.0541170760947223,-1.4047197990208602,28.515829862120977,0.015367547501494055,1.1409834605302906,-0.3401996427478806,14.391787620785216,,,,
2012-03-19 18:00:00,0.0,1.0600678175039666,-2.036920743120981,0.0,0.0,0.9817123266653093,-1.9729004291727732,0.0,0.0,1.070227360919129,-0.7760186671147323,0.0,0.0,0.7445147419685156,5.498672154363878,79.76448428288448
2012-03-19 19:00:00,0.0,1.028397519525701,-2.271611447260335,0.0,0.0,0.9626530377844448,-2.2272698355876237,0.0,0.0,1.0591863723788855,-0.9887931524717885,0.0,,,,
2012-03-19 20:00:00,0.0,0.9872763632192881,-2.567052841150509,0.0,0.0,0.9390561811357854,-2.4652677141608437,0.0,0.0,1.0580577645621023,-0.9451523407736473,0.0,,,,
2012-03-19 21:00:00,0.0,0.9585049619629358,-2.8110298968937326,0.0,0.0,0.9123350906846542,-2.643482589688304,0.0,0.0,1.0701329844618779,-0.7989011426426288,0.0,0.0,0.6191092938661976,3.487566032424983,0.0028785984145041983
2012-03-19 22:00:00,0.0,0.9295691266979589,-3.039144396704668,0.0,0.0,0.8855522057224625,-2.8577927108769607,0.0,0.0,1.060183217133935,-0.8624743321616273,0.0,,,,
2012-03-19 23:00:00,0.0,0.8970022169911607,-3.2601138798789964,0.0,0.0,0.8414534769636978,-3.1938020268145477,0.0,0.0,0.9759539611912141,-1.3555480557621462,0.0,,,,
2012-04-07 00:00:00,0.0,1.459113561216051,0.4683663800208568,0.0,0.0,1.3637643254639744,0.44723569028833177,0.0,0.0,1.2757377730070403,0.2290127886614414,0.0,0.0,0.9046995536117551,6.412849634095676,0.0
2012-04-07 01:00:00,0.0,1.4387240973198183,0.3527659961134287,0.0,0.0,1.3324662231361968,0.252008300327291,0.0,0.0,1.2679301329102977,0.2549331300198544,0.0,,,,
2012-04-07 02:00:00,0.0,1.4265964267752798,0.30081690336492967,0.0,0.0,1.3062244083556542,0.11087553175610568,0.0,0.0,1.2457631041177615,0.1868570110039593,0.0,,,,
2012-04-07 03:00:00,0.0,1.4059041934316863,0.21683285612392986,0.0,0.0,1.2918144785432002,0.03600778505567749,0.0,0.0,1.2405810415714305,0.1824736767146893,0.0,0.0,0.8492021344763249,5.655142873567889,0.0
2012-04-07 04:00:00,0.0,1.388467447829532,0.1554962210990307,0.0,0.0,1.2700185600316745,-0.08701833293371819,0.0,0.0,1.2435798844758226,0.17576367485231933,0.0,,,,
2012-04-07 05:00:00,0.048719589875008004,1.3936294476153925,0.2561744882614018,10.620889663696289,0.030577523948365964,1.2793515891092864,-0.0027563823019581177,10.000391823449538,0.0,1.238975691980727,0.13322906808974191,0.0,,,,
2012-04-07 06:00:00,0.40523381417937715,1.4747019648487392,0.820610054400761,109.94866180419922,0.281274585895381,1.3694594518169587,0.5878228188309246,106.88906174638899,0.296217090068566,1.3391353049268206,0.7510076545108346,108.76811904211957,1.7118074312062033,0.8727174944138045,5.781651703002261,15.44319906980235
2012-04-07 07:00:00,0.6937096352102814,1.5090260237533295,1.0544146347298062,240.04208374023438,0.5256403059794127,1.445602991079043,1.058817090039515,243.61404314785062,0.6498373634516914,1.4503294390192731,1.414248673727219,253.1704063301978,,,,
2012-04-07 08:00:00,0.9035997380898456,1.5289006443845317,1.178963280353988,374.11767578125,0.6980852510715828,1.4812652581038752,1.298963427672358,382.5014257317279,0.9630744519313046,1.532068212383461,1.8761991275284338,411.40381305669723,,,,
2012-04-07 09:00:00,1.0768009024543927,1.5441953288209866,1.2685730085083122,501.60870361328125,0.8357509382801074,1.4951704329644833,1.387439000841479,516.0395871221828,1.1615469186038605,1.5739986840826734,2.106439826500072,560.7219583701313,3.629945032728519,1.095087058755338,7.904550761642621,204.08045168357353
2012-04-07 10:00:00,1.2217055163452852,1.570232162502138,1.4006500369869779,603.4940185546875,0.9926743009369269,1.5274573146633295,1.5316429926885575,630.7123009882172,1.2418547932904218,1.602559436932861,2.2512708845852223,666.2790989036538,,,,
2012-04-07 11:00:00,1.3423604271124925,1.599352014266747,1.5392506591958341,663.3562622070312,1.1042132183810005,1.5633120818066555,1.696882835672895,680.7828859568685,1.2748641151341904,1.6330698862029667,2.403647218382399,708.3804661499182,,,,
2012-04-07 12:00:00,1.4069983993180861,1.6231923122578782,1.6530386985118957,671.4463500976562,1.1886248690820456,1.5982404141256406,1.859065735088629,681.9370563768248,1.2313002620386253,1.642751130838892,2.4508908130019265,700.7143258536289,4.281321011241065,1.2221391636131755,9.070572223933306,360.59642082774934
2012-04-07 13:00:00,1.377656918791713,1.6317773450197932,1.6944761042363143,621.3494262695312,1.1637875504101975,1.6049591132804522,1.8956798486068074,628.012805011424,1.1004086783454254,1.6387239092789627,2.427853129908491,636.4903287353602,,,,
2012-04-07 14:00:00,1.2593931614676004,1.6197057550538787,1.6322654204169815,520.4420166015625,1.0663052668712036,1.5886664605651708,1.8222880082034467,544.504146614736,0.9504021937039047,1.6081436724222424,2.275327896109295,518.0090938758491,,,,
2012-04-07 15:00:00,1.0646307473972692,1.5899741586332548,1.46308950090739,379.51727294921875,0.84783438436792,1.5432485693679614,1.575129517633173,395.1601927650729,0.756999435618739,1.5694451283717135,2.0624178496834977,358.03469027840504,3.329455992959878,1.1745877451313527,9.020925535377467,310.4136644759244
2012-04-07 16:00:00,0.7972077523413204,1.5484472931026105,1.193486240863388,222.54867553710938,0.5461011074742532,1.463274595033089,1.1403686604933176,223.15082722795,0.5087431233149483,1.511138319380818,1.741969143689217,214.0510780084849,,,,
2012-04-07 17:00:00,0.35511165377548454,1.4481896886572643,0.5487476091540775,79.4366455078125,0.22252837838632905,1.3411136301996962,0.3486720373883059,78.89338145478344,0.177299115991857,1.3808400516745418,0.9984013080803124,76.33330132762457,,,,
2012-04-07 18:00:00,0.0,1.3250284342351268,-0.3163383102140834,0.0,0.0,1.155877001629006,-0.8484052434044995,0.0,0.0,1.188456622199188,-0.17426339943290428,0.0,0.044232828895966685,0.9706881088796806,6.772078236624012,84.44495893110849
2012-04-07 19:00:00,0.0,1.2650864720430555,-0.6967916162867743,0.0,0.0,1.0770017715736417,-1.359287917051808,0.0,0.0,1.0634099674218058,-0.9169656966091816,0.0,,,,
2012-04-07 20:00:00,0.0,1.213928883120897,-1.041473860299298,0.0,0.0,1.0020289428508249,-1.825972743062008,0.0,0.0,0.9687011370608429,-1.5024429068851182,0.0,,,,
2012-04-07 21:00:00,0.0,1.172693717847432,-1.3180679467652663,0.0,0.0,0.936895122068543,-2.268179355312704,0.0,0.0,0.8778697490114152,-1.992075617870091,0.0,0.0,0.8379551450785087,4.812326828332918,0.06951634150422062
2012-04-07 22:00:00,0.0,1.1314766797939775,-1.6064099811354937,0.0,0.0,0.8792560428693256,-2.69501452467306,0.0,0.0,0.8028592634090288,-2.3690845681360098,0.0,,,,
2012-04-07 23:00:00,0.0,1.089382020685644,-1.8827760670677265,0.0,0.0,0.8068043296463457,-3.2045924584421086,0.0,0.0,0.7499405098322707,-2.752929398310252,0.0,,,,
2012-05-16 00:00:00,0.0,1.442531935559748,0.08183307011264643,0.0,0.0,1.1648904028289353,-1.1157352111083294,0.0,0.0,1.18482444310011,-0.23995743884148432,0.0,0.0,1.0394771686243418,5.897984613688359,0.0
2012-05-16 01:00:00,0.0,1.3429150712975388,-0.602738933249487,0.0,0.0,1.084778814274339,-1.7959228397060167,0.0,0.0,1.0937889453113383,-0.8109832533306525,0.0,,,,
2012-05-16 02:00:00,0.0,1.2574199431961675,-1.2371457547613682,0.0,0.0,0.9989051198958512,-2.5961138967140704,0.0,0.0,1.032576360671956,-1.212131201570313,0.0,,,,
2012-05-16 03:00:00,0.0,1.1817574726711126,-1.8328149492666845,0.0,0.0,0.895883278117615,-3.2377595730253734,0.0,0.0,0.9612620740562884,-1.6426465180659842,0.0,0.051101953129546865,0.978859743036603,4.900402946366254,0.0
2012-05-16 04:00:00,0.08715090322401488,1.131625780034515,-2.226065477614193,11.081487655639648,0.0573311321130075,0.8281651943966075,-3.6415906930046975,13.376743630532909,0.0010064827740495497,0.9002647234462984,-2.012694089689108,0.5202798854270404,,,,
2012-05-16 05:00:00,0.7792299884851395,1.157346089195691,-2.0346990198602493,103.48756408691406,0.5456246990684389,0.8838744092730669,-3.145787083925962,127.29090658637601,0.3621903688755461,0.9284151313820583,-1.7851639762268596,89.5429195861792,,,,
2012-05-16 06:00:00,1.4276290674253016,1.1970612675497465,-1.7758685476739144,226.2815399169922,1.2184446196221839,0.9883302751184708,-2.384868561447257,273.68998650736137,1.0228764788194278,1.0043100141259085,-1.2714875222293016,248.8329477619651,2.613429925764496,1.0350327848147554,5.312695595230302,71.04796413459769
2012-05-16 07:00:00,2.041208787257133,1.2453538690081756,-1.4550989795901372,371.1083679199219,1.9904824478771375,1.1095133100811407,-1.5422857498514742,435.30981368101004,1.7004697902521309,1.0943167772743267,-0.7371063164013226,405.0434546604104,,,,
2012-05-16 08:00:00,2.787776565548152,1.317048307410048,-0.9931294216848365,524.8901977539062,2.7098591435384995,1.2373136902120332,-0.7189706925686229,588.0470128121808,2.1867193538039804,1.1726509781065566,-0.2688854154342,543.0992694521203,,,,
2012-05-16 09:00:00,3.4313968144743234,1.3945411140297796,-0.4823775660141525,653.7122192382812,3.3437009414010026,1.351723031000107,0.01811119599190065,716.3879794235133,2.5717797888519818,1.2549435941544458,0.1936271884146665,644.3316921571968,4.959769228845557,1.3156046445056795,7.191079540357764,364.1422915142297
2012-05-16 10:00:00,4.063515947710775,1.4762355951964807,0.04921568163831365,759.8687744140625,3.8384815156233847,1.4429473453745083,0.579211548082422,797.32475958326,2.957082017664725,1.3186040618544614,0.5348257891668359,711.7935041286829,,,,
2012-05-16 11:00:00,4.664759233941244,1.55960485354567,0.5670805823268183,822.4188232421875,4.241338533993295,1.5171382662299229,0.9947169301485325,829.2620247039896,3.214232943817401,1.3944483443534577,0.9607973431306197,734.3046661789679,,,,
2012-05-16 12:00:00,4.995772136543749,1.6198297121095622,0.9541068403317011,818.4923095703125,4.559684532718376,1.570407273519276,1.300155812638933,841.0454191674633,3.4255749171697336,1.462318246758946,1.3467224665713564,700.0821848490014,6.163555033354644,1.512276401979791,9.099801204766836,520.5353285100445
2012-05-16 13:00:00,5.376645533621058,1.6804019180012162,1.3086782922429159,778.2258911132812,4.670682794871916,1.5994388684303638,1.4612258427419877,766.3616140373584,3.4351876000121173,1.4868619775856422,1.473115964728389,638.9564202551824,,,,
2012-05-16 14:00:00,5.2096482649427776,1.6992668742213108,1.4329579710574465,669.0076904296875,4.525598378449811,1.6124848706335675,1.552588461578908,636.0983622632403,3.297402115521841,1.4863747619308874,1.466619871263226,556.5888452065172,,,,
2012-05-16 15:00:00,4.800802346974127,1.6824514550250949,1.3389648271461263,522.5181884765625,4.148102590534725,1.5994003302602606,1.4694111348754113,506.14638981147635,2.9658224435425047,1.4611807178678322,1.3153961930042786,434.1652242389625,5.228817812579398,1.4794156660585378,9.268757569971559,462.55564572482336
2012-05-16 16:00:00,4.13862053510493,1.641065588862957,1.089730936215937,362.75262451171875,3.329800320085253,1.5268173194977854,1.0508498059960134,352.863028601683,2.3434531250764223,1.4103856980317313,1.0196597117986308,311.36954947074406,,,,
2012-05-16 17:00:00,2.8818404828656425,1.556112936036582,0.590679458285629,202.53306579589844,2.2400285749625106,1.4199332961559965,0.4604129055606648,188.77273154060939,1.5894888530909326,1.3176493394994844,0.4883450031063073,179.75139009158133,,,,
2012-05-16 18:00:00,1.1074294359042638,1.4099767733303252,-0.2989930510254523,62.62871551513672,0.8035168541781997,1.2787561963234966,-0.33478568936979874,58.38835783308909,0.5838226126787861,1.1846937008731502,-0.2624657606475194,57.316347372673896,1.6445917238700496,1.2021686555616014,7.452464571652869,175.82813137112925
2012-05-16 19:00:00,0.0,1.289148503465128,-1.0656238296652045,0.0,0.0,1.1549337839028753,-1.1457255160706554,0.0,0.0,1.0706694616501449,-0.8969810222943375,0.0,,,,
2012-05-16 20:00:00,0.0,1.2449460218336597,-1.353208753701744,0.0,0.0,1.0955846592989242,-1.570171203202484,0.0,0.0,1.0219569070843995,-1.16307246264425,0.0,,,,
2012-05-16 21:00:00,0.0,1.2135684278478704,-1.6023869133649216,0.0,0.0,1.0581160535157763,-1.7778596593550493,0.0,0.0,0.9950816410862101,-1.3372947815586789,0.0,0.0,0.9635993533244696,5.190786473369276,7.080985247504117
2012-05-16 22:00:00,0.0,1.1785419495226073,-1.8763913879672633,0.0,0.0,1.0004346099747279,-2.2041360064579756,0.0,0.0,0.9762199784295225,-1.5336857062653297,0.0,,,,
2012-05-16 23:00:00,0.0,1.1340325324593368,-2.2216118724832494,0.0,0.0,0.9422282782217906,-2.7079086385291764,0.0,0.0,0.9465660409482255,-1.704726642280817,0.0,,,,
2012-06-10 00:00:00,0.0,2.8123818365932407,8.20834013574826,0.0,0.0,2.7429208264088984,8.257717131362995,0.0,0.0,2.697312039808604,8.442507333139615,0.0,0.0,1.9413560332150752,12.116978214021305,0.0
2012-06-10 01:00:00,0.0,2.7602492148813447,7.904418152164536,0.0,0.0,2.6862038085328885,7.932684645239111,0.0,0.0,2.6857709336791236,8.384132552765749,0.0,,,,
2012-06-10 02:00:00,0.0,2.713377168890725,7.645264552553379,0.0,0.0,2.630900514626608,7.612834833607653,0.0,0.0,2.653422542971798,8.21563563035705,0.0,,,,
2012-06-10 03:00:00,0.0,2.6619409493484945,7.36184194563442,0.0,0.0,2.574924088234061,7.312777750739376,0.0,0.0,2.6161212859511953,7.995047617015218,0.0,0.27789681344735934,1.8348284972437898,11.155802486045872,0.0012068800186952298
2012-06-10 04:00:00,1.4598859276002965,2.638900410349495,7.229669787865261,20.280431747436523,1.0730135851483935,2.551661692653045,7.164453167820083,16.069657623624447,0.3465579373556148,2.5501906784411186,7.614269640603,4.706768912992695,,,,
2012-06-10 05:00:00,4.680031440789255,2.662792784769123,7.341296090056088,87.70809936523438,3.6170784073082136,2.5630245282056525,7.217003505296064,69.27857837618595,1.4390669378632022,2.4834579126440017,7.21865441420334,23.226223867340277,,,,
2012-06-10 06:00:00,7.659093576396726,2.706680200265546,7.554679715939715,186.06155395507812,6.534800517076198,2.605240773458154,7.4104528739662845,156.07191085138305,4.465698452181589,2.4563325850808675,7.050125111533915,100.1114581062752,5.289483682516472,1.9981792617652898,12.206427988796854,57.854129797372686
2012-06-10 07:00:00,10.073715421106426,2.7751788403245143,7.900603360362274,301.392822265625,8.838409714494047,2.67950382096465,7.822362339595871,276.3917567243965,7.061834780893027,2.4756352338802685,7.1312067252579014,224.13760579824248,,,,
2012-06-10 08:00:00,12.081594760507494,2.8726242699411597,8.393463150217828,424.8076171875,10.992803470226248,2.7738046253733724,8.355519784163624,410.51962669758973,8.530018533999785,2.5305944614900833,7.411918151818834,299.2854367725972,,,,
2012-06-10 09:00:00,13.401035244070293,2.9759703298951927,8.928700581755262,527.229736328125,12.221479639457524,2.857074000527946,8.799896383644814,496.04470211143047,9.519229950871587,2.5816779674085093,7.657584331708039,380.78642379816904,9.380987374911355,2.3532492092407145,14.616045825653266,271.9674854054165
2012-06-10 10:00:00,14.323205485156013,3.0592028393310766,9.368281560118584,598.0682373046875,13.131075138684809,2.9308310010644845,9.20639274974044,567.7527259895347,9.62314442259251,2.6276449422528465,7.88868352690834,423.42711860935304,,,,
2012-06-10 11:00:00,15.177357447233529,3.1431965621666578,9.801828170888204,663.635986328125,13.686886927964967,2.982862081210097,9.476029394649132,610.2032575532864,10.338789796508987,2.690122519561677,8.23203378037328,444.1461002171871,,,,
2012-06-10 12:00:00,16.02337060878106,3.2348356213052614,10.259676865271407,695.2369384765625,14.107065107013407,3.038822622709759,9.752266461510684,605.4999295645802,10.811296896234882,2.790850622152739,8.846892814096655,468.09383781826585,9.915853365052179,2.652390475862595,17.054347918371786,520.3406308507217
2012-06-10 13:00:00,16.13308944104245,3.2958763182499453,10.59222152407158,662.298095703125,13.888084001299312,3.0819923101951434,10.013886189154999,568.0210265061762,11.207936653118404,2.84389006689938,9.202105116488744,450.636092731622,,,,
2012-06-10 14:00:00,16.22142099530293,3.3474769840617595,10.89297690414487,613.7545166015625,13.678521843787644,3.106921096112671,10.17614244610455,506.36783032963746,11.88362055548376,2.908676336200304,9.568895160954765,448.20798550133577,,,,
2012-06-10 15:00:00,15.512116705724877,3.382513137829982,11.082604229934253,502.3343811035156,12.888989259227309,3.132507961425611,10.306151067257773,404.27069831553143,10.962960052188006,2.9402061837083644,9.788471256626787,355.06182065098153,7.824539191188693,2.52204628479764,16.403159559819795,329.52942213717415
2012-06-10 16:00:00,13.197435635300868,3.350435117108121,10.927520704540866,341.0263366699219,10.991563653170468,3.1019755201440202,10.129396698032949,284.9387404136195,8.926885193950781,2.929687256812763,9.724092285896225,212.72025900638084,,,,
2012-06-10 17:00:00,9.664284685542723,3.2551573419763744,10.438098218337034,193.67861938476562,7.956645921274115,3.0152277083908205,9.653613044498572,158.68193901204975,5.793930017544435,2.889372545507436,9.481360367654693,114.03936355457355,,,,
2012-06-10 18:00:00,4.820233375116539,3.0862872252707283,9.571688481326786,75.7219009399414,4.053737070919378,2.8975817186425146,8.999459950721056,63.183938982426,3.0685967553377633,2.82663737574551,9.124838316979861,48.940345452818335,2.089291253854141,2.290196542068647,15.327253416317296,146.18552636659294
2012-06-10 19:00:00,0.12184982301140664,2.905612363093198,8.625658686753344,1.7051916122436523,0.12394680912043606,2.705896739271425,7.986961790443281,1.656533982505472,0.01504580323084744,2.6905297847085556,8.38079937226525,0.13979401984089493,,,,
2012-06-10 20:00:00,0.0,2.8351133106491218,8.274378688138167,0.0,0.0,2.623046478784254,7.559498620320224,0.0,0.0,2.620539211555672,8.007234849942146,0.0,,,,
2012-06-10 21:00:00,0.0,2.775751158446333,7.9642623013106935,0.0,0.0,2.5927736128331365,7.403714755233733,0.0,0.0,2.5662783621218477,7.718034960643967,0.0,0.0,1.9962836795453234,12.849418601680432,7.141595074815256
2012-06-10 22:00:00,0.0,2.7196448789695453,7.663032298851858,0.0,0.0,2.559772413063333,7.202332612835063,0.0,0.0,2.553449276416422,7.660187935671813,0.0,,,,
2012-06-10 23:00:00,0.0,2.675225018554421,7.404923035871534,0.0,0.0,2.5181812920937037,6.950603023935157,0.0,0.0,2.5496172143277054,7.6398354230342775,0.0,,,,
2012-07-15 00:00:00,0.0,3.109698361839931,9.759952871461401,0.0,0.0,2.8783360060420535,8.853992100112404,0.0,0.0,2.8679969163922814,9.229480308576711,0.0,0.0,2.178853417443934,13.14201427801396,0.0
2012-07-15 01:00:00,0.0,3.024859865322098,9.291071148334423,0.0,0.0,2.7783100275186627,8.314984352764037,0.0,0.0,2.7821550405968654,8.740693441276514,0.0,,,,
2012-07-15 02:00:00,0.0,2.945685119421008,8.865171187671645,0.0,0.0,2.6990993314247,7.887483642989845,0.0,0.0,2.7090592617197404,8.342015673861567,0.0,,,,
2012-07-15 03:00:00,0.0,2.8791662229921022,8.49609886323238,0.0,0.0,2.647766084384138,7.576349195428113,0.0,0.0,2.6417611908031255,7.993363723538781,0.0,0.04983651223677173,2.1003682446432226,12.599613580871328,0.0
2012-07-15 04:00:00,0.9551754216416612,2.838374831370328,8.257653632477298,10.890782356262207,0.7987669233575745,2.572064135040862,7.147968794677837,10.362702992605694,0.04065988450791444,2.569097964358474,7.617754631456645,0.3527686252378979,,,,
2012-07-15 05:00:00,6.153465134989996,2.8917214709506895,8.523078629904367,96.45463562011719,4.364172687419927,2.6132722879858243,7.36061537137406,77.25500955936154,3.296988246833123,2.5778330326571735,7.653411140218225,53.274674519709016,,,,
2012-07-15 06:00:00,10.11869699707394,2.9619255725964195,8.879244476749317,212.3858184814453,8.174782554685114,2.7057176258397817,7.868499635025391,191.07228303291166,6.889644100370549,2.6318935887006507,7.942568721476089,148.10374098185758,5.274566702041016,2.207370678595677,13.458325563232297,58.12079503458692
2012-07-15 07:00:00,13.028033978617277,3.0521643387939617,9.330364871991621,338.5704040527344,11.136880262417762,2.807885381417901,8.443847819088813,321.4911812238018,9.401172189582084,2.7290738583753265,8.48575817567237,244.92046837848596,,,,
2012-07-15 08:00:00,15.068476797637278,3.156807746402968,9.86246729205121,461.1569519042969,13.300625817579485,2.9235562454047677,9.113463250892158,428.39252449302836,11.74156682657255,2.81596686498661,8.987378663317095,361.3738568063674,,,,
2012-07-15 09:00:00,16.44367575905102,3.2520437126045603,10.352042834989799,564.76171875,15.304208447285221,3.0387561416249556,9.76053229099275,547.2644412994892,14.206621480664484,2.9403650391038822,9.701372246611754,492.7661068501701,9.256159480194393,2.5678687695608793,15.523258539056583,346.7812979571272
2012-07-15 10:00:00,17.854569797804597,3.3311394885837906,10.790850719609448,672.7565307617188,17.237885570757886,3.174927772274422,10.544975799828276,656.6010743519096,15.977142349658234,3.036988404862425,10.260110701114066,609.3375980139023,,,,
2012-07-15 11:00:00,19.310980332577046,3.4292508506931085,11.324330739059924,750.9236450195312,18.419974833232484,3.2883110584488913,11.21477389757193,713.252694456347,17.85869882429635,3.2116701717362526,11.264689805484128,658.652856815729,,,,
2012-07-15 12:00:00,19.799509433566804,3.523621768599456,11.855188309801814,762.4553833007812,19.105109987420448,3.38685325093916,11.767615397394419,735.2010458713363,17.647317898800768,3.2385915466315063,11.412107491373325,625.6290864510358,10.454199214544841,2.7883425927605727,16.655609055374462,513.4698927745237
2012-07-15 13:00:00,19.66569266538767,3.5845797117740616,12.205376193833628,708.8568115234375,19.594628271993926,3.4457311742170114,12.12073030072806,719.5405214459512,17.670682675463492,3.3092073117062886,11.799720387483184,566.7166052928978,,,,
2012-07-15 14:00:00,19.132851677887857,3.6044621432382256,12.348066446963161,629.3950805664062,18.71751983209683,3.440970904066147,12.083162411705967,608.790035821294,16.43539857169061,3.2724987295383756,11.587477760453408,478.228144487423,,,,
2012-07-15 15:00:00,17.44355114511839,3.5748389247911616,12.225233648977845,494.0157165527344,17.31990548542746,3.3948331460698213,11.845946925715072,498.9415056656614,14.975808951066888,3.239362636773499,11.410313896786867,391.921955489165,8.817975048999163,2.770121311913863,17.033085195445985,487.3102682780336
2012-07-15 16:00:00,14.719448544538558,3.4807946377239567,11.747807618703948,340.8160705566406,15.191794998033592,3.337183213457893,11.496312997305878,371.15664940171314,12.623454621265678,3.188208995422754,11.139046171618409,306.2167638429109,,,,
2012-07-15 17:00:00,10.985381498893291,3.3448414208296695,11.032622443161179,202.0834503173828,11.62180643944136,3.237948982114461,10.930903319644125,228.74889716940118,9.419239232163612,3.087086413066976,10.551792930825933,177.99992609853783,,,,
2012-07-15 18:00:00,5.9087434067473374,3.170050962248441,10.088493852819031,81.1752700805664,5.799637294276122,3.0474129279556164,9.878030586613132,84.19934754893886,5.521462855829571,2.9414864043784372,9.718035306805573,84.68098505756271,3.1152299698789285,2.4490450406542132,15.166820391386326,215.29954310399447
2012-07-15 19:00:00,0.0714140727232282,2.9820382273733745,9.05121608791359,0.8353215456008911,0.051100056054018995,2.790178974288403,8.42764499830425,0.6431738820725822,0.0,2.701101095707792,8.32068738182131,0.0,,,,
2012-07-15 20:00:00,0.0,2.903204244384092,8.605213847650592,0.0,0.0,2.6889228024233818,7.858068342360917,0.0,0.0,2.5649856995020937,7.53646574480694,0.0,,,,
2012-07-15 21:00:00,0.0,2.848873150161166,8.280859469728613,0.0,0.0,2.607902423306328,7.384997455060169,0.0,0.0,2.4513337881770902,6.889989015750499,0.0,0.0,2.1020372461426042,12.982792656473697,12.64747357881414
2012-07-15 22:00:00,0.0,2.791624566768837,7.9556090562858275,0.0,0.0,2.5187578295662765,6.916815592564012,0.0,0.0,2.3653024325637233,6.432038733304952,0.0,,,,
2012-07-15 23:00:00,0.0,2.7253209136517125,7.578880936639768,0.0,0.0,2.4402553633122,6.46947893420965,0.0,0.0,2.306640809813861,6.109137289150788,0.0,,,,
2012-08-30 00:00:00,0.0,3.662048602884467,12.807223025006252,0.0,0.0,3.329306829248345,11.43509126664211,0.0,0.0,3.310317733671844,11.639183744684507,0.0,0.0,2.3624982241080335,16.466668018223316,0.0
2012-08-30 01:00:00,0.0,3.6204301845215814,12.573066518369515,0.0,0.0,3.273882280111757,11.130880537503094,0.0,0.0,3.284466374921878,11.496581545793227,0.0,,,,
2012-08-30 02:00:00,0.0,3.5803027697357366,12.350089413902973,0.0,0.0,3.228577710530544,10.8496622121015,0.0,0.0,3.26373412113802,11.382838892673181,0.0,,,,
2012-08-30 03:00:00,0.0,3.5444839244801782,12.136640864863946,0.0,0.0,3.192542956376292,10.67155110176311,0.0,0.0,3.2128657652244765,11.09214448764915,0.0,0.0,2.2372098303565764,15.265546935215756,0.0
2012-08-30 04:00:00,0.0,3.512966609059055,11.958601150923018,0.0,0.0,3.164907994537764,10.517917786603142,0.0,0.0,3.1795133389410384,10.90862854127327,0.0,,,,
2012-08-30 05:00:00,2.397467762231836,3.5213410784266332,12.01254511547454,28.347444534301758,2.2472364098521593,3.185721066382905,10.633702216766263,28.47633242670228,0.00014723909554069088,3.1548498656684663,10.784709957796748,0.0015666789775707968,,,,
2012-08-30 06:00:00,10.712152551438928,3.755027341471202,13.28091476646301,195.6573944091797,10.467306432676612,3.584622873833589,12.794125071829761,193.4000903743887,9.643563922601908,3.441235463229651,12.385479376706542,179.14419366646902,4.1494604350473665,2.298392625264314,15.572925136993641,29.3849400025919
2012-08-30 07:00:00,15.130922342587253,3.957450276938704,14.362778841617292,380.7984313964844,15.153960183624102,3.9076401218814127,14.541705545530709,377.55322353355746,14.712295010499348,3.8461857878430217,14.65027581530665,361.73119331379905,,,,
2012-08-30 08:00:00,17.503907352733712,4.134541702343092,15.308209019575283,549.5341186523438,17.712972079094936,4.123441565278826,15.737622726412603,544.7656941739344,17.479669076507452,4.106005202222031,16.173643211218696,528.0007878468406,,,,
2012-08-30 09:00:00,18.713130884077064,4.299971948936746,16.189866063045752,673.52392578125,19.02191080109777,4.282357141448149,16.649119734360813,670.0430146197115,18.15420221168384,4.219268559114211,16.833073542186302,585.2752826182176,8.578723657072244,2.8754972768253273,20.36280532365942,301.13611578605384
2012-08-30 10:00:00,19.11214933510998,4.438566596598957,16.935417232734792,740.303955078125,19.37361159337631,4.404706355457974,17.350434823177377,726.3713925890609,17.365524657815953,4.238415028540435,16.964106781835728,545.2009857274419,,,,
2012-08-30 11:00:00,19.053138043759013,4.540735295818044,17.488801412267197,751.69580078125,18.779269042236024,4.4641407060401255,17.696799309697074,690.9949186351439,16.10906517078131,4.209044326280928,16.81292307189997,502.2628538534407,,,,
2012-08-30 12:00:00,18.352253401184964,4.580352762481705,17.70521864972784,695.6585693359375,17.453181139428928,4.461146663777964,17.688868708169892,615.8954701572109,14.469031242335607,4.181796077914624,16.673121297107333,428.37790548276354,8.73376601940284,3.190106524720223,21.98139481090592,533.5577427885887
2012-08-30 13:00:00,17.01153253023166,4.535276485937038,17.495321213974517,588.8923950195312,16.711364787602154,4.406075210310609,17.435971523831537,557.113710012784,13.009306475986966,4.125759071764157,16.36158723875396,329.10901145427124,,,,
2012-08-30 14:00:00,15.401325798883553,4.466335812778331,17.109895202097352,464.500244140625,14.942360906348013,4.3249990746354205,16.94623340769069,434.33742865477524,11.772621973032098,4.092226432987419,16.163441681985883,287.4124659497931,,,,
2012-08-30 15:00:00,12.388014263215156,4.309371828098192,16.28789720839705,296.904541015625,12.255510232327792,4.173999044523916,16.0957787121546,296.32306226734676,8.283024210660617,3.9865271280252883,15.57297994669208,153.9662274666233,5.899786822262226,3.1153162239017633,21.19655835471113,369.45804216077784
2012-08-30 16:00:00,8.153920853158578,4.087230815292764,15.097624860093477,137.259521484375,7.9622012931933925,3.9265699178294433,14.773873996641667,136.50377694681728,5.131455654206673,3.864492570410758,14.893782631405148,75.26189666299689,,,,
2012-08-30 17:00:00,3.1678513360528657,3.8169848548763983,13.685068232743918,37.7938117980957,2.93253910665367,3.6511131369721315,13.307602246099224,35.425064763018796,1.7168867341834648,3.7308289110851214,14.175849657512751,19.310048149847248,,,,
2012-08-30 18:00:00,0.0,3.59697718562741,12.53235295040151,0.0,0.0,3.437941217774026,12.099676384900567,0.0,0.0,3.6077482063800383,13.501443131097528,0.0,0.09377966192942946,2.7385971426377904,18.466281481785053,109.20732379384515
2012-08-30 19:00:00,0.0,3.455207094938319,11.787435132990748,0.0,0.0,3.3056709604643917,11.371499009081722,0.0,0.0,3.495537269531961,12.901625627572418,0.0,,,,
2012-08-30 20:00:00,0.0,3.347579184822723,11.185413378327345,0.0,0.0,3.182179781932027,10.661172542583035,0.0,0.0,3.3915416484421548,12.332682350810742,0.0,,,,
2012-08-30 21:00:00,0.0,3.26347497505765,10.689524621187017,0.0,0.0,3.0613544224943268,9.958600228558767,0.0,0.0,3.290677845899799,11.752085387665758,0.0,0.0,2.486356586884891,16.44916844286131,0.18787564196970713
2012-08-30 22:00:00,0.0,3.179843679312325,10.196684100489433,0.0,0.0,2.96271484562566,9.374014431060138,0.0,0.0,3.1934807918215498,11.18476775206507,0.0,,,,
2012-08-30 23:00:00,0.0,3.1133250833602992,9.797442342767381,0.0,0.0,2.8634264082547487,8.813743037138726,0.0,0.0,3.095754534760801,10.624681954779353,0.0,,,,
2012-09-19 00:00:00,0.0,3.153072018682471,10.074198431917276,0.0,0.0,3.0135137871814357,9.795340436299888,0.0,0.0,3.0231824652503545,10.202251990800958,0.0,0.0,1.8667964827717938,13.059323187764766,0.0
2012-09-19 01:00:00,0.0,3.095983081483601,9.771327032540405,0.0,0.0,2.9644448392163,9.5197582009412,0.0,0.0,2.989611561984886,10.032352958837494,0.0,,,,
2012-09-19 02:00:00,0.0,3.0382948757064256,9.458628436499875,0.0,0.0,2.9170319339475825,9.255337235869575,0.0,0.0,2.9373126473879565,9.757951361576156,0.0,,,,
2012-09-19 03:00:00,0.0,2.979129004859146,9.14513768966528,0.0,0.0,2.860498875665036,8.944440058684933,0.0,0.0,2.894896726874885,9.52538936329912,0.0,0.0,1.7966065366227812,12.273809651166408,0.0
2012-09-19 04:00:00,0.0,2.912948003733785,8.792982149824496,0.0,0.0,2.814792226139212,8.677310563670801,0.0,0.0,2.8509704043548614,9.292069519093829,0.0,,,,
2012-09-19 05:00:00,0.0,2.8556055251158345,8.465945941709007,0.0,0.0,2.7697199051245205,8.417320154783699,0.0,0.0,2.8033483439119378,9.04847921964188,0.0,,,,
2012-09-19 06:00:00,2.598621832990702,2.8737874217254586,8.542766779049542,48.37330627441406,2.0340255875540967,2.7765853635857347,8.464786811065563,38.42477397152468,1.6203917376311865,2.767397752296519,8.869831879577228,28.78225644516322,2.5630230363104025,1.791279482912973,12.127190953398273,8.72588747557274
2012-09-19 07:00:00,5.102252101801458,2.895095848497618,8.660671242024932,124.53942108154297,4.322172387943432,2.798883529630066,8.60093570867411,103.22085365545959,3.5580826527755396,2.741023551460565,8.746663897959806,79.17721755267142,,,,
2012-09-19 08:00:00,6.681305549980231,2.9218876413262764,8.808086519289045,194.0982666015625,5.87755363007035,2.8113500128096263,8.699946488610339,166.180171490411,4.996939971690919,2.724797712656398,8.647896414625366,141.93893170452066,,,,
2012-09-19 09:00:00,7.349233869816214,2.9381073697481823,8.913543209389434,237.71034240722656,6.674442289996675,2.8133643555002363,8.718129541671084,212.19489974749587,5.829465340422627,2.7012574756114933,8.489131988979764,191.3708213693563,5.594692707001136,2.0055408163114117,13.698984004251074,171.07774084514637
2012-09-19 10:00:00,7.6582319548081585,2.9373561113940334,8.931834562447843,264.98223876953125,7.041081810429201,2.8041537704249855,8.661861908413048,235.0818321623805,6.296844549874401,2.6843357400880348,8.359089939950957,241.61672756210012,,,,
2012-09-19 11:00:00,7.741900337438445,2.9231024434214286,8.870084938605762,278.28106689453125,7.469879549696748,2.7931378570719967,8.579756360033791,265.8155199580099,6.489287833530906,2.680839726957373,8.290734114291535,274.49880283628806,,,,
2012-09-19 12:00:00,7.684691824055796,2.9053331193624867,8.759554541101643,273.5538330078125,7.274104709820305,2.7785571149154857,8.456270836289145,266.6108389582489,6.314564564771127,2.669230575345399,8.22590715083478,289.6367518580567,6.289719008672452,2.1590974653802175,14.548271031775533,357.2801937045441
2012-09-19 13:00:00,7.325247134849472,2.876854402190954,8.57859093422869,253.70816040039062,6.704734167355258,2.7467739404712646,8.258510763669566,244.3207761182055,6.233757621951525,2.657774556479787,8.158066781690502,284.8167986782976,,,,
2012-09-19 14:00:00,6.484386383665079,2.822254337706377,8.260854941011006,210.09796142578125,5.573798745883132,2.685384073604738,7.9090052230502215,192.59494852757146,5.573360459881609,2.6286653951566956,8.042830221700415,226.21806513612884,,,,
2012-09-19 15:00:00,5.018458483137514,2.738979089945447,7.780793659752375,141.73048400878906,4.020788387526353,2.5670928419479258,7.242140935801152,133.38670458063615,4.355023316755991,2.5551412782670946,7.632186664814606,155.4673429015116,3.817985417867521,2.015203357728865,13.296072642340247,270.6003705966976
2012-09-19 16:00:00,2.9541099674832094,2.636543326328864,7.187104207828997,69.98332214355469,2.4062357230923417,2.430152289024266,6.449908335939118,71.69743184903301,2.7891092411320266,2.4660172778349456,7.1182314213157065,87.90221847645668,,,,
2012-09-19 17:00:00,0.3757022983866311,2.5056445030500973,6.451700471182907,7.542061805725098,0.33518157551918076,2.2570693521002014,5.47786054602942,8.00090615820317,0.0,2.314444559134686,6.220163014287045,0.0,,,,
2012-09-19 18:00:00,0.0,2.41958809185925,5.941633144263154,0.0,0.0,2.136179498178619,4.791520035792523,0.0,0.0,2.1879289177504413,5.48212439706938,0.0,0.0,1.7190751528734776,10.940865406065976,66.2256272981665
2012-09-19 19:00:00,0.0,2.343459235414762,5.500542338066845,0.0,0.0,2.0645033972662343,4.385469774869268,0.0,0.0,2.0641221862992616,4.779052480958421,0.0,,,,
2012-09-19 20:00:00,0.0,2.26793431546371,5.081974192196841,0.0,0.0,1.9972490254411417,4.021409488429258,0.0,0.0,1.9763597561542863,4.29098424803241,0.0,,,,
2012-09-19 21:00:00,0.0,2.20212181038275,4.711806689131436,0.0,0.0,1.9289795297964023,3.634193185496699,0.0,0.0,1.904799102345874,3.888880689226385,0.0,0.0,1.511652709395699,9.047237493340486,0.0
2012-09-19 22:00:00,0.0,2.1399107586151747,4.360649892868995,0.0,0.0,1.8585045808309804,3.2474740968137077,0.0,0.0,1.8348013524284557,3.5156114934547373,0.0,,,,
2012-09-19 23:00:00,0.0,2.0729277010525955,3.9895598029244774,0.0,0.0,1.783875888072666,2.848595221172561,0.0,0.0,1.7735421215246656,3.174172437516045,0.0,,,,
2012-10-15 00:00:00,0.0,2.134755943553247,4.298190368466172,0.0,0.0,2.16219305946372,4.898589858769667,0.0,0.0,2.255572791197506,5.8767608837050345,0.0,0.0,1.1802724773473954,7.492559686630743,0.0
2012-10-15 01:00:00,0.0,2.099596548652514,4.147653190564108,0.0,0.0,2.1534713095414446,4.883440398292658,0.0,0.0,2.269538671768851,5.967172179532302,0.0,,,,
2012-10-15 02:00:00,0.0,2.0674174877577767,3.9924051743017026,0.0,0.0,2.1274430379579474,4.759228945742735,0.0,0.0,2.257874098290749,5.9136330841584215,0.0,,,,
2012-10-15 03:00:00,0.0,2.031500079739072,3.822222920929572,0.0,0.0,2.0831649253834406,4.502699627921613,0.0,0.0,2.2129825799794474,5.666143444806678,0.0,0.0,1.135564110717745,7.263823321766228,0.0
2012-10-15 04:00:00,0.0,1.989652584884689,3.6211814181903934,0.0,0.0,2.0232357047213854,4.205724747912103,0.0,0.0,2.1147821580660233,5.1497527076768295,0.0,,,,
2012-10-15 05:00:00,0.0,1.936612242224483,3.372165347829736,0.0,0.0,1.959866974797568,3.874568888538321,0.0,0.0,2.0109574011686773,4.609216465887079,0.0,,,,
2012-10-15 06:00:00,0.2601003563914224,1.9006408787943267,3.199402097424977,11.365318298339844,0.24280199371876723,1.9140661717761354,3.6537118511317925,10.17502664021287,0.19605019209166116,1.9264133389826297,4.134062680903654,8.641788606559818,1.2068937771630772,1.0976696204235836,6.7912838322977125,1.6152623726268118
2012-10-15 07:00:00,1.0081093510677301,1.9163577754032954,3.2750534781758454,59.847476959228516,0.937551113373315,1.9306587404856408,3.712919742740543,54.183553487378475,0.7522209882872819,1.9043076585345402,4.00374375057242,44.678293198571595,,,,
2012-10-15 08:00:00,1.4488002086752507,1.913767935665555,3.250090798936685,104.74593353271484,1.3547046406149954,1.9327541907669403,3.691450471973581,94.8279647525521,1.1833211732851263,1.8608628507258071,3.7392156972479875,86.95877658741192,,,,
2012-10-15 09:00:00,1.6868712815564886,1.8958458690137645,3.14495556795341,142.38070678710938,1.515173973596583,1.901491593101531,3.4887732336112394,128.37062578492225,1.5030802755709736,1.8370008586667677,3.592675676850458,134.5180537438659,3.4102159011260107,1.248904435671632,8.31574430096039,87.07223890440906
2012-10-15 10:00:00,1.7705061585313158,1.8722635365370233,2.991753444005218,164.969970703125,1.5796813026515537,1.8601398375462996,3.2406537156398523,160.80525242527696,1.4075085641826839,1.8068657790573814,3.377356394400677,151.34696823108263,,,,
2012-10-15 11:00:00,1.821739989209578,1.8556429145953386,2.853351500856377,177.6505889892578,1.5124361057383484,1.8161091429922553,2.9550488275046822,180.4963832801398,1.1779180031012715,1.7569934596774979,3.0456389766158556,153.61178938850546,,,,
2012-10-15 12:00:00,1.6966269720485432,1.8421021574565188,2.7102381209350814,168.95103454589844,1.3195371864330963,1.7765536602960155,2.706745734018736,165.91703148644092,0.9589961711106199,1.720085114259227,2.8222131815611258,143.0939962393399,3.948936788465292,1.3714791834357214,9.726442815640745,212.146796257115
2012-10-15 13:00:00,1.4522972595912564,1.8150249579143838,2.510799008433742,139.11038208007812,1.0960533961977816,1.6995349557562445,2.2564954514398274,138.8794782829756,0.7688086212670819,1.6778973420319483,2.556132548473364,123.48104280113931,,,,
2012-10-15 14:00:00,1.065125486960933,1.7576668768468768,2.166231181105177,99.71337127685547,0.7727251600766857,1.5982754925222216,1.6749828163247715,99.45105537817496,0.49617823141751377,1.5981443675805134,2.089345186817598,88.47679876018746,,,,
2012-10-15 15:00:00,0.6023777598936798,1.6803794262048044,1.7150185608146487,54.765419006347656,0.4489281806616859,1.5046017047188833,1.1452115202834579,57.24688923494276,0.25938743194603237,1.5070477559125524,1.5654827044447979,49.47085173477823,2.1781898747915314,1.3024599449709382,9.310785177590237,143.91950587692213
2012-10-15 16:00:00,0.1493439251546738,1.6003139086275329,1.2632099196600437,11.933037757873535,0.10164911036426817,1.4164316972214048,0.6423959756660337,12.749695862040006,0.07972854947279419,1.4122311579930584,1.0273120806763731,12.009382486121071,,,,
2012-10-15 17:00:00,0.0,1.5530047170332701,0.9934279695361067,0.0,0.0,1.3656797959941473,0.3252800980360524,0.0,0.0,1.3130904851450569,0.48447874079859643,0.0,,,,
2012-10-15 18:00:00,0.0,1.527188944665087,0.8573405198414988,0.0,0.0,1.3233078399534386,0.05131389701933245,0.0,0.0,1.2652679878148487,0.26392410568669344,0.0,0.0,1.159292060067672,7.854629837154893,16.658933832796837
2012-10-15 19:00:00,0.0,1.4950253411130994,0.6883337590073583,0.0,0.0,1.290003023166343,-0.1742685115795587,0.0,0.0,1.2248266873045714,0.04934442865327041,0.0,,,,
2012-10-15 20:00:00,0.0,1.4763055420857965,0.585523955096268,0.0,0.0,1.2596064472041657,-0.4298323853119385,0.0,0.0,1.1901954130114043,-0.167640680776387,0.0,,,,
2012-10-15 21:00:00,0.0,1.4596197054181357,0.4637477335969238,0.0,0.0,1.243968500487924,-0.6579054645561567,0.0,0.0,1.1717558293004875,-0.3196042591528307,0.0,0.0,1.0631998028932386,6.955203112451318,0.0
2012-10-15 22:00:00,0.0,1.442747637743613,0.2912193621060316,0.0,0.0,1.2347073666091568,-0.7076870393280345,0.0,0.0,1.145115836358809,-0.49596760446369764,0.0,,,,
2012-10-15 23:00:00,0.0,1.4165879922389604,0.06730688671972476,0.0,0.0,1.2257675471441543,-0.7346092379595007,0.0,0.0,1.120965897074876,-0.6476984213691831,0.0,,,,
2012-11-11 00:00:00,0.0,1.9474226153111096,3.5216758276219227,0.0,0.0,1.87704898330477,3.4402889097091918,0.0,0.0,1.862223252884492,3.6856396772807125,0.0,0.0,0.8736482583805752,6.18522793275648,0.0
2012-11-11 01:00:00,0.0,1.933623674927645,3.4531525855987337,0.0,0.0,1.8850742073235025,3.4871788079331094,0.0,0.0,1.9124830796487855,3.954468416552622,0.0,,,,
2012-11-11 02:00:00,0.0,1.926386388245829,3.4136133488557148,0.0,0.0,1.9069149706694495,3.6145919161047053,0.0,0.0,1.9522808393529614,4.1909493264130715,0.0,,,,
2012-11-11 03:00:00,0.0,1.9295452826986292,3.4324625472526007,0.0,0.0,1.9357066969207015,3.7822926505636527,0.0,0.0,2.001176958132108,4.488251000647439,0.0,0.0,0.8392069640230698,5.951903266195291,0.0
2012-11-11 04:00:00,0.0,1.9272708951267379,3.406829756819467,0.0,0.0,1.9423094083208479,3.8262912793693253,0.0,0.0,2.053621731776007,4.802524624028432,0.0,,,,
2012-11-11 05:00:00,0.0,1.910491446019819,3.3128090581178222,0.0,0.0,1.9418501557962926,3.8182270843248145,0.0,0.0,2.0953981781024966,5.052496120585903,0.0,,,,
2012-11-11 06:00:00,0.0,1.8895018421814598,3.2080376204295242,0.0,0.0,1.9279073026490166,3.7344333744708074,0.0,0.0,2.1407398520817944,5.32122977671121,0.0,0.31681753182388794,0.8208657970079072,5.63221867619955,0.03213737250561411
2012-11-11 07:00:00,0.2037465606528838,1.8986686999453917,3.2883930348223975,21.352807998657227,0.15268969712181527,1.9323314035375203,3.765612416324375,16.723509920756932,0.21331275667418312,2.169265302274732,5.503611094887103,15.533911169146425,,,,
2012-11-11 08:00:00,0.5344438344592339,1.930674178596496,3.4685547857797348,64.16217041015625,0.4291262975443425,1.963841855350381,3.9271995468366296,48.74558687631031,0.531215139996018,2.219419909723681,5.776866548205468,42.65735796429653,,,,
2012-11-11 09:00:00,0.7749464963917451,1.9576051044814033,3.613335245871906,102.78614044189453,0.6894828787570875,2.007066846372172,4.145684389675927,80.7768932853595,0.7770355744737283,2.263683485936519,6.0153675650945,66.91264911788075,2.547310809079213,0.9692303733466419,7.220575264492789,55.41092355216486
2012-11-11 10:00:00,0.9609592069807313,1.9871398923686585,3.7728303032738615,132.955322265625,0.9245532583045231,2.045374666333099,4.347957558408896,113.04088331884319,0.9529873147806046,2.28266580260515,6.1135604673654,85.82189634108488,,,,
2012-11-11 11:00:00,1.1096269037403077,2.0221982583992517,3.9625977189225345,152.689208984375,1.1591101259265983,2.115795372957058,4.7232000529867735,132.37219315887077,1.1458416607309767,2.3112684362730436,6.270919074912212,106.49893248613344,,,,
2012-11-11 12:00:00,1.1642674327895643,2.064602977518202,4.177056641465774,154.36322021484375,1.1780424781559298,2.157232009670235,4.947585411289978,138.258763234536,1.246025778323705,2.3379171235868643,6.395104651672785,116.18133871254209,2.9485369238586716,1.0734537894234186,8.657323943917484,129.97868212034012
2012-11-11 13:00:00,1.070418575070354,2.089758126121459,4.312859146219441,133.17454528808594,1.0538083699301575,2.176792044855817,5.066306791445046,112.65102932951913,1.2036512624132967,2.368063388239809,6.553889525395603,104.86107823632956,,,,
2012-11-11 14:00:00,0.8285488038314627,2.0983418453157157,4.380112938764422,88.87892150878906,0.7279520016598879,2.1616325886600127,5.006312853550582,68.89331552128797,0.8924161552297171,2.3722829544508346,6.581324074690198,71.33815696327811,,,,
2012-11-11 15:00:00,0.3440846849270243,2.0715744176778985,4.240497291560886,31.661123275756836,0.2752459882245324,2.128129728951191,4.845784530693993,22.61912841759939,0.2960376296710499,2.3331416727819714,6.3780366228165395,21.27442403530567,0.7790413072450348,1.0204566010608076,8.331386253419126,71.87549205457047
2012-11-11 16:00:00,0.0,2.037416923449658,4.053906298276092,0.0,0.0,2.086210400355357,4.635319001592993,0.0,0.0,2.27524919127803,6.060664737939927,0.0,,,,
2012-11-11 17:00:00,0.0,2.028825279157531,3.9975038293000797,0.0,0.0,2.0695811745766823,4.554480311400702,0.0,0.0,2.2302437912603064,5.8077428039654935,0.0,,,,
2012-11-11 18:00:00,0.0,2.0166907084239387,3.91648513626469,0.0,0.0,2.0456245232829113,4.4306381734649785,0.0,0.0,2.1753273458497637,5.48599024593267,0.0,0.0,0.9354453438123873,7.216637608294212,2.4900136783935767
2012-11-11 19:00:00,0.0,2.007942417007472,3.859181251337548,0.0,0.0,2.021777633339474,4.295985750580412,0.0,0.0,2.15488868998606,5.376619126290711,0.0,,,,
2012-11-11 20:00:00,0.0,1.9988388679783178,3.7956935647066783,0.0,0.0,2.0078786587211543,4.178542798261201,0.0,0.0,2.123237855561236,5.198176389448408,0.0,,,,
2012-11-11 21:00:00,0.0,1.9907093878156352,3.724707024723635,0.0,0.0,2.003436376882726,4.165895542484158,0.0,0.0,2.086150784862978,4.988873104167622,0.0,0.0,0.8864971947928093,6.4658496251041155,0.015265511374062428
2012-11-11 22:00:00,0.0,1.9778584255847138,3.6354944876906115,0.0,0.0,1.9839276265234012,4.032393291564737,0.0,0.0,2.0437384611699643,4.743209561934133,0.0,,,,
2012-11-11 23:00:00,0.0,1.969041175457412,3.5489499698642377,0.0,0.0,1.9588285233870963,3.8893667277301502,0.0,0.0,2.012374635976275,4.569171921403545,0.0,,,,
2012-12-07 00:00:00,0.0,0.16909516133603908,-11.811638185925949,0.0,0.0,0.0809940500660848,-13.261883986680196,0.0,0.0,0.06371247294538064,-13.474837021969702,0.0,0.0,0.33083643258473994,-5.88410109927311,0.0
2012-12-07 01:00:00,0.0,0.15890028343741974,-11.842042496682959,0.0,0.0,0.08002075765984702,-13.245313457732214,0.0,0.0,0.061317037331026746,-13.713013682221558,0.0,,,,
2012-12-07 02:00:00,0.0,0.1520451672818004,-11.813990358468468,0.0,0.0,0.08012043194897005,-13.030685288457985,0.0,0.0,0.07199284532737488,-13.608867458532982,0.0,,,,
2012-12-07 03:00:00,0.0,0.15296117881813945,-11.476833588749228,0.0,0.0,0.08648715070385464,-12.58719549270131,0.0,0.0,0.07989870771852503,-13.536884558941107,0.0,0.0,0.31979391695581216,-7.284655498177348,0.0
2012-12-07 04:00:00,0.0,0.14829852103752225,-11.423493512717432,0.0,0.0,0.08020759249350536,-12.504349402005518,0.0,0.0,0.09009511091582607,-13.239624567069963,0.0,,,,
2012-12-07 05:00:00,0.0,0.1423612264827808,-11.408294127694283,0.0,0.0,0.07261968666914177,-12.567222238358594,0.0,0.0,0.08542016908320804,-12.995366683658395,0.0,,,,
2012-12-07 06:00:00,0.0,0.14038105462969572,-11.295334640096446,0.0,0.0,0.07437984907980863,-12.33067554303168,0.0,0.0,0.08672263425922855,-11.937165146109827,0.0,0.004282408060915874,0.31323206452560953,-7.67779923350874,0.0
2012-12-07 07:00:00,3.5772092255208175e-05,0.14306623146990244,-11.082127024874923,6.768371105194092,1.994609525741387e-05,0.07823326581325749,-12.00447704512154,6.357649366676789,1.9666918298245334e-07,0.08478604084989406,-11.385623270278504,7.025288176291128,,,,
2012-12-07 08:00:00,0.001143614320749045,0.17464047954452122,-10.243135580242859,114.44293975830078,0.0005736958640650746,0.09838244374968011,-10.887412819901462,115.47127313688662,0.00017890725077837884,0.10053081852401818,-10.294858345219616,116.47872785689898,,,,
2012-12-07 09:00:00,0.003014448834231716,0.2149781359656278,-9.391503535829521,214.5813751220703,0.0015991602435200597,0.12706429782358372,-9.704724007982742,216.56157825503192,0.0015154625803463868,0.13079216880765332,-8.996060951972247,217.4635368322168,0.3877847272164149,0.33185757085649364,-5.335983266354701,56.82552280897597
2012-12-07 10:00:00,0.005962583345721781,0.25620622400512116,-8.766173236337147,269.915283203125,0.0023592913032888813,0.17839229223421804,-8.798687508452375,277.8518204910768,0.002084084027359154,0.17044161902209123,-8.097114760813445,270.82845405765227,,,,
2012-12-07 11:00:00,0.00741616405689467,0.2883343688526628,-8.351181707290102,271.1885681152344,0.0025973709112974636,0.2300534389629901,-8.17273187885441,268.1762996517569,0.001992929380675811,0.2133410208114863,-7.500695711686056,280.9917398306016,,,,
2012-12-07 12:00:00,0.006918150275178676,0.30448763708643733,-8.130508734438537,235.09078979492188,0.0025354154460062307,0.26686072644366277,-7.735590071929254,230.47215240551787,0.0013703740313476325,0.2399888926357947,-7.128679032112787,255.55072867052465,0.5897799669461541,0.3545315859170953,-2.000496183285434,205.76410718971277
2012-12-07 13:00:00,0.0048713785294561066,0.3016166483248177,-8.136489435934857,177.82192993164062,0.001863871858807647,0.27414830672014706,-7.630881041420647,178.98774249690794,0.0005731686324459515,0.24129637654477898,-6.970258554974707,197.02952075215896,,,,
2012-12-07 14:00:00,0.002050370680794789,0.2786666719876488,-8.404232267270626,106.618408203125,0.0007716319480242753,0.2388904584431777,-7.9387336769697106,104.57700543613852,0.00022368094180136644,0.22289955424002045,-7.108908800658068,108.73083687882176,,,,
2012-12-07 15:00:00,0.0002046906860677672,0.2309323903995157,-8.9744414420856,21.119483947753906,6.725151567847502e-05,0.185644856363031,-8.600285952966923,19.52346547156135,1.5801425561207713e-05,0.18577002795736008,-7.645758939045495,18.95660023469834,0.19714846997352192,0.3299661514290835,-2.9000294967943723,103.79096742794171
2012-12-07 16:00:00,0.0,0.20794210847651212,-9.08605876761485,0.0,0.0,0.16141879210302004,-8.772127521758112,0.0,0.0,0.17416112455481528,-7.658625377114789,0.0,,,,
2012-12-07 17:00:00,0.0,0.20188032285841112,-9.032769627635117,0.0,0.0,0.15977073469801578,-8.762753681295244,0.0,0.0,0.17778345423800648,-7.450695223282942,0.0,,,,
2012-12-07 18:00:00,0.0,0.19960545124309903,-9.069558944771709,0.0,0.0,0.1593954534844451,-8.779561214507101,0.0,0.0,0.17116699183875358,-7.38330931291598,0.0,0.0,0.3166486264370832,-4.041728346834285,1.4275918791563211
2012-12-07 19:00:00,0.0,0.19566728625282212,-9.135668082197782,0.0,0.0,0.14853570404408095,-8.951767047176693,0.0,0.0,0.15842886413072405,-7.47774991862444,0.0,,,,
2012-12-07 20:00:00,0.0,0.19278652359588225,-9.077373645987718,0.0,0.0,0.14167210397908522,-9.083407853532979,0.0,0.0,0.1510910884100393,-7.682593434520716,0.0,,,,
2012-12-07 21:00:00,0.0,0.19233969812764704,-8.981056082515224,0.0,0.0,0.13630821003563304,-9.099578865758907,0.0,0.0,0.14634333990337187,-7.852000625627625,0.0,0.0,0.31308427017310686,-4.110385652315632,0.0
2012-12-07 22:00:00,0.0,0.19698683112294957,-8.928800825189839,0.0,0.0,0.13679468308467604,-9.110817257017818,0.0,0.0,0.13874947110314872,-8.01704046515548,0.0,,,,
2012-12-07 23:00:00,0.0,0.2018707707539722,-8.971559938997684,0.0,0.0,0.14521224743382852,-9.023314243423139,0.0,0.0,0.13025782539040365,-8.34439205688978,0.0,,,,
