,CH-Dav_REF_GPP_WRF,IT-Lav_REF_GPP_WRF,IT-Ren_REF_GPP_WRF,AT-Neu_REF_GPP_WRF,IT-MBo_REF_GPP_WRF,CH-Dav_ALPS_GPP_WRF,IT-Lav_ALPS_GPP_WRF,IT-Ren_ALPS_GPP_WRF,AT-Neu_ALPS_GPP_WRF,IT-MBo_ALPS_GPP_WRF,CH-Dav_SITE_GPP_WRF,IT-Lav_SITE_GPP_WRF,IT-Ren_SITE_GPP_WRF,AT-Neu_SITE_GPP_WRF,IT-MBo_SITE_GPP_WRF,CH-Dav_REF_RECO_WRF,IT-Lav_REF_RECO_WRF,IT-Ren_REF_RECO_WRF,AT-Neu_REF_RECO_WRF,IT-MBo_REF_RECO_WRF,CH-Dav_ALPS_RECO_WRF,IT-Lav_ALPS_RECO_WRF,IT-Ren_ALPS_RECO_WRF,AT-Neu_ALPS_RECO_WRF,IT-MBo_ALPS_RECO_WRF,CH-Dav_SITE_RECO_WRF,IT-Lav_SITE_RECO_WRF,IT-Ren_SITE_RECO_WRF,AT-Neu_SITE_RECO_WRF,IT-MBo_SITE_RECO_WRF,CH-Dav_REF_T2_WRF,IT-Lav_REF_T2_WRF,IT-Ren_REF_T2_WRF,AT-Neu_REF_T2_WRF,IT-MBo_REF_T2_WRF,CH-Dav_ALPS_T2_WRF,IT-Lav_ALPS_T2_WRF,IT-Ren_ALPS_T2_WRF,AT-Neu_ALPS_T2_WRF,IT-MBo_ALPS_T2_WRF,CH-Dav_SITE_T2_WRF,IT-Lav_SITE_T2_WRF,IT-Ren_SITE_T2_WRF,AT-Neu_SITE_T2_WRF,IT-MBo_SITE_T2_WRF,CH-Dav_ALPS_GPP_recalc,IT-Lav_ALPS_GPP_recalc,IT-Ren_ALPS_GPP_recalc,AT-Neu_ALPS_GPP_recalc,IT-MBo_ALPS_GPP_recalc,CH-Dav_SITE_GPP_recalc,IT-Lav_SITE_GPP_recalc,IT-Ren_SITE_GPP_recalc,AT-Neu_SITE_GPP_recalc,IT-MBo_SITE_GPP_recalc,CH-Dav_ALPS_RECO_recalc,IT-Lav_ALPS_RECO_recalc,IT-Ren_ALPS_RECO_recalc,AT-Neu_ALPS_RECO_recalc,IT-MBo_ALPS_RECO_recalc,CH-Dav_SITE_RECO_recalc,IT-Lav_SITE_RECO_recalc,IT-Ren_SITE_RECO_recalc,AT-Neu_SITE_RECO_recalc,IT-MBo_SITE_RECO_recalc,CH-Dav_ALPS_NEE_recalc,IT-Lav_ALPS_NEE_recalc,IT-Ren_ALPS_NEE_recalc,AT-Neu_ALPS_NEE_recalc,IT-MBo_ALPS_NEE_recalc,CH-Dav_SITE_NEE_recalc,IT-Lav_SITE_NEE_recalc,IT-Ren_SITE_NEE_recalc,AT-Neu_SITE_NEE_recalc,IT-MBo_SITE_NEE_recalc
2012-01-12 00:00:00,0.0,0.0,0.0,0.0,0.0,0.0,0.0,0.0,0.0,0.0,0.0,0.0,0.0,0.0,0.0,0.0,0.94074625,0.76936376,0.2574321,0.5702433,0.65214884,1.7616093,1.5971922,0.43671852,1.4712472,0.0,1.3636459,1.8319991,0.16769277,2.3503342,267.69562,273.49304,272.91498,269.78763,272.9532,267.69562,273.49304,272.91498,269.78763,272.9532,267.69562,273.49304,272.91498,269.78763,272.9532,,,,,,0.0,0.0,0.0,0.0,0.0,,,,,,0.6650787515880293,1.7646082359688149,1.6001782410850756,0.43943657202669995,1.4741005661057864,,,,,,0.6650787515880293,1.7646082359688149,1.6001782410850756,0.43943657202669995,1.4741005661057864
2012-01-12 01:00:00,0.0,0.0,0.0,0.0,0.0,0.0,0.0,0.0,0.0,0.0,0.0,0.0,0.0,0.0,0.0,0.4144182,0.58458275,0.738647,0.1764642,0.5836048,1.1555082,1.413101,1.5529181,0.2201344,1.5215936,0.7383474,0.7558473,1.7891896,0.0,2.396864,270.81784,271.50827,272.72015,269.03607,273.08862,270.81784,271.50827,272.72015,269.03607,273.08862,270.81784,271.50827,272.72015,269.03607,273.08862,,,,,,0.0,0.0,0.0,0.0,0.0,,,,,,1.1582129176151639,1.4160998160891385,1.5559042586554015,0.29962264569088015,1.5244468870188084,,,,,,1.1582129176151639,1.4160998160891385,1.5559042586554015,0.29962264569088015,1.5244468870188084
2012-01-12 02:00:00,0.0,0.0,0.0,0.0,0.0,0.0,0.0,0.0,0.0,0.0,0.0,0.0,0.0,0.0,0.0,0.4104229,0.5558977,0.8277612,0.15947632,0.6229185,1.1514983,1.3850325,1.6813639,0.17469285,1.6697283,0.7295594,0.706896,1.9133866,0.0,2.5337694,270.79297,271.34842,273.28537,268.8784,273.48712,270.79297,271.34842,273.28537,268.8784,273.48712,270.79297,271.34842,273.28537,268.8784,273.48712,,,,,,0.0,0.0,0.0,0.0,0.0,,,,,,1.1542031256825467,1.3880313765342736,1.6843501277938724,0.2912292558184221,1.6725816906425672,,,,,,1.1542031256825467,1.3880313765342736,1.6843501277938724,0.2912292558184221,1.6725816906425672
2012-01-12 03:00:00,0.0,0.0,0.0,0.0,0.0,0.0,0.0,0.0,0.0,0.0,0.0,0.0,0.0,0.0,0.0,0.1661848,0.8196264,0.74953544,0.1720323,0.60659754,0.9063747,1.6430928,1.5686123,0.20827934,1.6082305,0.19233929,1.1569532,1.8043647,0.0,2.4769335,269.27252,272.81808,272.7892,268.99493,273.3217,269.27252,272.81808,272.7892,268.99493,273.3217,269.27252,272.81808,272.7892,268.99493,273.3217,,,,,,0.0,0.0,0.0,0.0,0.0,,,,,,0.9096331877202685,1.6460916881194554,1.571598497727825,0.2974329244700415,1.6110838525016271,,,,,,0.9096331877202685,1.6460916881194554,1.571598497727825,0.2974329244700415,1.6110838525016271
2012-01-12 04:00:00,0.0,0.0,0.0,0.0,0.0,0.0,0.0,0.0,0.0,0.0,0.0,0.0,0.0,0.0,0.0,0.56461716,1.006035,0.8083708,0.18534118,0.5559546,1.3062518,1.8254946,1.6534154,0.24387978,1.4174068,1.0687214,1.4750621,1.8863626,0.0,2.3005745,271.75287,273.85687,273.16238,269.11847,272.80835,271.75287,273.85687,273.16238,269.11847,272.80835,271.75287,273.85687,273.16238,269.11847,272.80835,,,,,,0.0,0.0,0.0,0.0,0.0,,,,,,1.3089564943310636,1.8284936762844122,1.6564014828703781,0.30400858582164014,1.42026017875716,,,,,,1.3089564943310636,1.8284936762844122,1.6564014828703781,0.30400858582164014,1.42026017875716
2012-01-12 05:00:00,0.0,0.0,0.0,0.0,0.0,0.0,0.0,0.0,0.0,0.0,0.0,0.0,0.0,0.0,0.0,0.6095264,0.9538456,0.7950429,0.18339485,0.50776833,1.3513238,1.774427,1.6342051,0.23867342,1.2358401,1.1675024,1.3860002,1.8677876,0.0,2.1327717,272.03244,273.56604,273.07785,269.1004,272.31992,272.03244,273.56604,273.07785,269.1004,272.31992,272.03244,273.56604,273.07785,269.1004,272.31992,,,,,,0.0,0.0,0.0,0.0,0.0,,,,,,1.3540285236497211,1.7774260495265157,1.6371911239527406,0.30304692783741427,1.2386935121927354,,,,,,1.3540285236497211,1.7774260495265157,1.6371911239527406,0.30304692783741427,1.2386935121927354
2012-01-12 06:00:00,0.0,0.0,0.0,0.0,0.0,0.0,0.0,0.0,0.0,0.0,0.0,0.0,0.0,0.0,0.0,0.9484997,0.3789139,0.70831037,0.20062602,0.4909897,1.6915263,1.2118528,1.5091919,0.28476578,1.1726179,1.9131001,0.40487045,1.74691,0.0,2.0743418,274.14264,270.36215,272.52774,269.26035,272.14984,274.14264,270.36215,272.52774,269.26035,272.14984,274.14264,270.36215,272.52774,269.26035,272.14984,,,,,,0.0,0.0,0.0,0.0,0.0,,,,,,1.694231079189207,1.2148515694449031,1.5121781528879992,0.3115605249579006,1.1754713295770813,,,,,,1.694231079189207,1.2148515694449031,1.5121781528879992,0.3115605249579006,1.1754713295770813
2012-01-12 07:00:00,0.0,0.0,0.0,0.0,0.0,0.0,0.0,0.0,0.0,0.0,0.0,0.0,0.0,0.0,0.0,0.0,0.8372821,0.50123197,0.21445438,0.50320715,0.733191,1.6603689,1.2107171,0.32175577,1.2186533,0.0,1.1870828,1.4583087,0.036834497,2.1168876,268.1983,272.91647,271.21432,269.3887,272.27368,268.1983,272.91647,271.21432,269.3887,272.27368,268.1983,272.91647,271.21432,269.3887,272.27368,,,,,,0.0,0.0,0.0,0.0,0.0,,,,,,0.7430378139810128,1.6633678716102693,1.2137032694593772,0.32447383649067185,1.2215067893033194,,,,,,0.7430378139810128,1.6633678716102693,1.2137032694593772,0.32447383649067185,1.2215067893033194
2012-01-12 08:00:00,0.0,-0.37327102,0.0,0.0,0.0,0.0,-0.5140006,0.0,0.0,0.0,0.0,-0.39140877,0.0,0.0,0.0,0.17721476,1.0566745,0.49165708,0.2871404,0.5239087,0.91744465,1.8750459,1.1969161,0.51618636,1.2966572,0.21660055,1.5614793,1.4449643,0.2581483,2.1889787,269.3412,274.13907,271.1536,270.0634,272.48352,269.3412,274.13907,271.1536,270.0634,272.48352,269.3412,274.13907,271.1536,270.0634,272.48352,,,,,,0.0,0.9591866448978089,0.0,0.0,0.0,,,,,,0.9202820397348516,1.8780448142309254,1.1999023256882226,0.5189043870744012,1.2995106880410252,,,,,,0.9202820397348516,0.9188581693331165,1.1999023256882226,0.5189043870744012,1.2995106880410252
2012-01-12 09:00:00,-0.5400421,-1.2285849,-0.37564686,0.0,-0.03671355,-0.7134031,-1.6161562,-0.49390632,0.0,-0.044015512,-0.6611693,-1.3449731,-0.381405,0.0,-0.0359589,1.0084243,1.276872,0.9380318,0.48976237,0.7480703,1.7516683,2.0905106,1.8403037,1.0581875,2.1413023,2.044909,1.9372495,2.0670686,0.87509,2.9695964,274.5157,275.36615,273.98477,271.94415,274.7557,274.5157,275.36615,273.98477,271.94415,274.7557,274.5157,275.36615,273.98477,271.94415,274.7557,,,,,,2.34214981327075,2.78467328153691,1.274300739877383,0.0,0.05985474712288792,,,,,,1.7543730381883633,2.093509473654667,1.8432898410337335,1.0609054908343363,2.1441558713621287,,,,,,-0.5877767750823866,-0.6911638078822429,0.5689891011563506,1.0609054908343363,2.0843011242392406
2012-01-12 10:00:00,0.0,-1.5134583,-0.6080212,-0.005438719,-0.04681677,0.0,-1.9513345,-0.7834141,-0.0070395824,-0.055267677,0.0,-1.6905912,-0.6306555,-0.006050741,-0.04664357,0.6054623,1.3052832,0.9922192,0.6208885,0.7656618,1.3472451,2.118311,1.9184072,1.4089416,2.2075877,1.1585636,1.9857336,2.1425886,1.2743418,3.0308568,272.00714,275.52448,274.32846,273.1613,274.93402,272.00714,275.52448,274.32846,273.1613,274.93402,272.00714,275.52448,274.32846,273.1613,274.93402,,,,,,0.0,3.3085007918949194,1.9341087929298098,0.010378266677531984,0.07423118046890506,,,,,,1.349949851855685,2.1213099823241293,1.9213934735717964,1.411659681576641,2.2104410342947087,,,,,,1.349949851855685,-1.1871908095707902,-0.0127153193580134,1.4012814148991088,2.136209853825804
2012-01-12 11:00:00,-0.44273224,-1.6380997,-0.66130537,-0.24058375,-0.05050486,-0.56702584,-2.0959194,-0.8456167,-0.30889103,-0.05926954,-0.55766696,-1.8443664,-0.6916034,-0.2698818,-0.050659716,0.9315772,1.318514,0.99879646,0.6712373,0.77046984,1.6745424,2.1312575,1.9278876,1.5436218,2.2257047,1.8758779,2.0083122,2.151755,1.4276437,3.0476007,274.0373,275.5982,274.37018,273.62863,274.98276,274.0373,275.5982,274.37018,273.62863,274.98276,274.0373,275.5982,274.37018,273.62863,274.98276,,,,,,1.9978202956013817,3.5299900337892782,2.072189665079914,0.44849040024938247,0.07926856262321734,,,,,,1.677247273359275,2.1342564027068236,1.9308738203733884,1.5463398630330927,2.228557995650746,,,,,,-0.3205730222421068,-1.3957336310824546,-0.1413158447065257,1.09784946278371,2.149289433027529
2012-01-12 12:00:00,-0.67337227,-1.5892068,-0.8128905,-0.091317035,-0.054675546,-0.86261153,-2.0350218,-1.0404973,-0.117376946,-0.064204626,-0.8480004,-1.7877806,-0.8491986,-0.10231794,-0.054812044,1.0088508,1.3069425,1.0463103,0.63924414,0.7871402,1.7520963,2.1199348,1.996372,1.4580417,2.2885184,2.0458472,1.9885653,2.2179742,1.3302308,3.105653,274.51834,275.53372,274.67154,273.33167,275.15173,274.51834,275.53372,274.67154,273.33167,275.15173,274.51834,275.53372,274.67154,273.33167,275.15173,,,,,,2.7932349712593196,3.4388609432194386,2.4760057100783768,0.1718409067085772,0.08558090235414446,,,,,,1.7548010773271825,2.1229336434896737,1.9993584031573852,1.4607598156416381,2.29137178089081,,,,,,-1.0384338939321371,-1.3159272997297649,-0.47664730692099155,1.288918908933061,2.2057908785366656
2012-01-12 13:00:00,-0.73640275,-1.8952547,-0.58779776,-0.52881813,-0.08029465,-0.95208925,-2.4509997,-0.76011354,-0.68691534,-0.098757364,-0.919401,-2.11074,-0.60730904,-0.58620965,-0.081433475,1.046196,1.4341904,0.99050146,0.744502,0.9043225,1.7895768,2.2444477,1.9159312,1.7396002,2.730064,2.1279902,2.2057157,2.1401944,1.6507194,3.5137274,274.75082,276.24283,274.31757,274.3087,276.33954,274.75082,276.24283,274.31757,274.3087,276.33954,274.75082,276.24283,274.31757,274.3087,276.33954,,,,,,2.97848581908265,4.026991859133035,1.881591818897895,0.9848045596550776,0.12909383188960846,,,,,,1.7922815619194252,2.2474464845543625,1.9189176258701368,1.7423182595053115,2.732917410132956,,,,,,-1.186204257163225,-1.7795453745786722,0.03732580697224175,0.7575136998502339,2.6038235782433476
2012-01-12 14:00:00,-1.1728317,-0.9959789,-0.73128307,-0.3622812,-0.027971068,-1.5580593,-1.3192089,-0.9694648,-0.4828753,-0.033685844,-1.4350932,-1.0829868,-0.7362507,-0.39155328,-0.027264232,1.2948116,1.2164079,1.0865827,0.7233025,0.71483815,2.0390942,2.031346,2.0544195,1.6828928,2.0160832,2.6748397,1.8340665,2.2741013,1.5861712,2.8538694,276.29852,275.0292,274.92697,274.1119,274.41885,276.29852,275.0292,274.92697,274.1119,274.41885,276.29852,275.0292,274.92697,274.1119,274.41885,,,,,,3.9234513032938994,2.3164156630034984,2.285786790191801,0.7037635761148034,0.04626506192515764,,,,,,2.0417988599104446,2.034344975539879,2.0574055887677196,1.6856108146815425,2.0189366982575914,,,,,,-1.8816524433834547,-0.2820706874636194,-0.22838120142408158,0.9818472385667391,1.9726716363324337
2012-01-12 15:00:00,-0.19533536,0.0,-0.32610762,0.0,-0.023099149,-0.27273583,0.0,-0.45796892,0.0,-0.02900546,-0.22818618,0.0,-0.31066737,0.0,-0.02159792,0.92454255,0.79485154,1.0332999,0.46760938,0.7701869,1.6674823,1.6188505,1.9776194,0.9989296,2.2246382,1.8604047,1.1146744,2.199842,0.8076388,3.0466151,273.9935,272.68002,274.58902,271.73853,274.9799,273.9935,272.68002,274.58902,271.73853,274.9799,273.9935,272.68002,274.58902,271.73853,274.9799,,,,,,1.0072697995249738,0.0,1.1460776403383492,0.0,0.0403218162974063,,,,,,1.6701870875638078,1.6218493016081517,1.9806057639829113,1.0016476181261236,2.227491624725594,,,,,,0.6629172880388341,1.6218493016081517,0.8345281236445621,1.0016476181261236,2.187169808428188
2012-01-12 16:00:00,0.0,0.0,0.0,0.0,0.0,0.0,0.0,0.0,0.0,0.0,0.0,0.0,0.0,0.0,0.0,0.24988517,0.44041303,0.7260648,0.5311521,0.5493852,0.9903785,1.2720301,1.5347828,1.1689024,1.3926532,0.37644467,0.50981957,1.7716541,1.0011132,2.2776978,269.79358,270.70486,272.64035,272.32834,272.74176,269.79358,270.70486,272.64035,272.32834,272.74176,269.79358,270.70486,272.64035,272.32834,272.74176,,,,,,0.0,0.0,0.0,0.0,0.0,,,,,,0.9930832898428563,1.2750288463065167,1.5377688476194367,1.1716204447559286,1.3955067600477835,,,,,,0.9930832898428563,1.2750288463065167,1.5377688476194367,1.1716204447559286,1.3955067600477835
2012-01-12 17:00:00,0.0,0.0,0.0,0.0,0.0,0.0,0.0,0.0,0.0,0.0,0.0,0.0,0.0,0.0,0.0,0.22458974,0.93841887,0.6815727,0.31038165,0.92660177,0.9649913,1.7593321,1.4706533,0.5783552,2.814012,0.3208055,1.3596741,1.7096462,0.32891306,3.5913122,269.6361,273.48007,272.35815,270.2791,276.56537,269.6361,273.48007,272.35815,270.2791,276.56537,269.6361,273.48007,272.35815,270.2791,276.56537,,,,,,0.0,0.0,0.0,0.0,0.0,,,,,,0.9676961409197831,1.7623308234428856,1.473639537543121,0.5810732654024444,2.816865759559807,,,,,,0.9676961409197831,1.7623308234428856,1.473639537543121,0.5810732654024444,2.816865759559807
2012-01-12 18:00:00,0.0,0.0,0.0,0.0,0.0,0.0,0.0,0.0,0.0,0.0,0.0,0.0,0.0,0.0,0.0,0.7779222,0.698764,0.2698794,0.6592074,0.5539705,1.5203303,1.524828,0.8772543,1.5114424,1.409931,1.5379022,0.9506995,1.1358768,1.391015,2.2936654,273.08075,272.14456,269.74695,273.51697,272.78824,273.08075,272.14456,269.74695,273.51697,272.78824,273.08075,272.14456,269.74695,273.51697,272.78824,,,,,,0.0,0.0,0.0,0.0,0.0,,,,,,1.5230351036219092,1.5278269953023749,0.8802405662692099,1.5141604987945423,1.4127842379095528,,,,,,1.5230351036219092,1.5278269953023749,0.8802405662692099,1.5141604987945423,1.4127842379095528
2012-01-12 19:00:00,0.0,0.0,0.0,0.0,0.0,0.0,0.0,0.0,0.0,0.0,0.0,0.0,0.0,0.0,0.0,0.1393942,1.6616658,0.456658,0.87380016,0.99535096,0.87948686,2.4670339,1.1464698,2.0854645,3.0730612,0.1334113,2.5939062,1.3961867,2.0444052,3.8307242,269.10574,277.51047,270.9316,275.50885,277.26224,269.10574,277.51047,270.9316,275.50885,277.26224,269.10574,277.51047,270.9316,275.50885,277.26224,,,,,,0.0,0.0,0.0,0.0,0.0,,,,,,0.8837683093826254,2.4700327469121275,1.1494560618734588,2.0881826643726136,3.075914483770906,,,,,,0.8837683093826254,2.4700327469121275,1.1494560618734588,2.0881826643726136,3.075914483770906
2012-01-12 20:00:00,0.0,0.0,0.0,0.0,0.0,0.0,0.0,0.0,0.0,0.0,0.0,0.0,0.0,0.0,0.0,0.37219542,1.0090963,1.3446054,0.9128128,0.9683691,1.1131324,1.8284903,2.426324,2.189821,2.9713926,0.6454753,1.4802862,2.6337032,2.1631908,3.7367628,270.555,273.87393,276.5635,275.87097,276.98874,270.555,273.87393,276.5635,275.87097,276.98874,270.555,273.87393,276.5635,275.87097,276.98874,,,,,,0.0,0.0,0.0,0.0,0.0,,,,,,1.1158370428720574,1.8314891435832228,2.4293098152360324,2.192539137740921,2.9742462259920637,,,,,,1.1158370428720574,1.8314891435832228,2.4293098152360324,2.192539137740921,2.9742462259920637
2012-01-12 21:00:00,0.0,0.0,0.0,0.0,0.0,0.0,0.0,0.0,0.0,0.0,0.0,0.0,0.0,0.0,0.0,0.9535783,1.2068955,1.2675875,0.32298037,0.5203741,1.6966234,2.0220382,2.3153124,0.612056,1.2833389,1.9242711,1.8178337,2.526364,0.36727357,2.17667,274.17426,274.9762,276.075,270.39606,272.4477,274.17426,274.9762,276.075,270.39606,272.4477,274.17426,274.9762,276.075,270.39606,272.4477,,,,,,0.0,0.0,0.0,0.0,0.0,,,,,,1.6993281889342269,2.025037056580963,2.3182989072235336,0.6147740917927489,1.286192395848171,,,,,,1.6993281889342269,2.025037056580963,2.3182989072235336,0.6147740917927489,1.286192395848171
2012-01-12 22:00:00,0.0,0.0,0.0,0.0,0.0,0.0,0.0,0.0,0.0,0.0,0.0,0.0,0.0,0.0,0.0,0.0,1.1214758,0.85276675,0.4502532,1.0930783,0.71955276,1.9384545,1.7174057,0.95250297,3.4412994,0.0,1.6720636,1.9482362,0.7547929,4.1710486,268.1137,274.50018,273.44397,271.57742,278.25284,268.1137,274.50018,273.44397,271.57742,278.25284,268.1137,274.50018,273.44397,271.57742,278.25284,,,,,,0.0,0.0,0.0,0.0,0.0,,,,,,0.7299184282990464,1.9414533375705045,1.7203920899942196,0.9552210360503361,3.4441527840946318,,,,,,0.7299184282990464,1.9414533375705045,1.7203920899942196,0.9552210360503361,3.4441527840946318
2012-01-12 23:00:00,0.0,0.0,0.0,0.0,0.0,0.0,0.0,0.0,0.0,0.0,0.0,0.0,0.0,0.0,0.0,0.37037668,1.2290199,1.1189836,0.31073344,0.7458062,1.111307,2.0436869,2.1011207,0.5792963,2.1327715,0.6414748,1.8555893,2.319258,0.32998422,2.9617121,270.54367,275.0995,275.13248,270.28238,274.73276,270.54367,275.0995,275.13248,270.28238,274.73276,270.54367,275.0995,275.13248,270.28238,274.73276,,,,,,0.0,0.0,0.0,0.0,0.0,,,,,,1.114011726544449,2.0466858721215613,2.104106872865687,0.5820142853460151,2.1356249039609136,,,,,,1.114011726544449,2.0466858721215613,2.104106872865687,0.5820142853460151,2.1356249039609136
