config,res,time,Y_Wscale,Y_Pscale,Y_EVI
ALPS,_54km,2012-01-12 00:00:00,0.0,0.0,0.0
DEFAULT,_54km,2012-01-12 00:00:00,0.0,0.0,0.0
ALPS,_54km,2012-01-12 01:00:00,0.0,0.0,0.0
DEFAULT,_54km,2012-01-12 01:00:00,0.0,0.0,0.0
ALPS,_54km,2012-01-12 02:00:00,0.0,0.0,0.0
DEFAULT,_54km,2012-01-12 02:00:00,0.0,0.0,0.0
ALPS,_54km,2012-01-12 03:00:00,0.0,0.0,0.0
DEFAULT,_54km,2012-01-12 03:00:00,0.0,0.0,0.0
ALPS,_54km,2012-01-12 04:00:00,0.0,0.0,0.0
DEFAULT,_54km,2012-01-12 04:00:00,0.0,0.0,0.0
ALPS,_54km,2012-01-12 05:00:00,0.0,0.0,0.0
DEFAULT,_54km,2012-01-12 05:00:00,0.0,0.0,0.0
ALPS,_54km,2012-01-12 06:00:00,0.0,0.0,0.0
DEFAULT,_54km,2012-01-12 06:00:00,0.0,0.0,0.0
ALPS,_54km,2012-01-12 07:00:00,1.4273734497898845e-05,-5.706574511373484e-06,1.0100906058679342e-05
DEFAULT,_54km,2012-01-12 07:00:00,1.4497056500401395e-05,-7.261793959222128e-06,9.1556590412004e-06
ALPS,_54km,2012-01-12 08:00:00,0.0016981422649403012,-0.003854622709660002,0.0012864398693493006
DEFAULT,_54km,2012-01-12 08:00:00,0.0012752604410192062,-0.003153057205224577,0.0010545373280543978
ALPS,_54km,2012-01-12 09:00:00,0.003360547145228054,-0.007884914746531059,0.002863886357320731
DEFAULT,_54km,2012-01-12 09:00:00,0.002626550207261894,-0.0067787813242690745,0.0023308549116066316
ALPS,_54km,2012-01-12 10:00:00,0.00437179323593733,-0.010411194052554246,0.004235446627747159
DEFAULT,_54km,2012-01-12 10:00:00,0.003385771660173322,-0.009128069543910633,0.003427042026323768
ALPS,_54km,2012-01-12 11:00:00,0.0047099149563573795,-0.012051328011953044,0.005258906631953863
DEFAULT,_54km,2012-01-12 11:00:00,0.0035751381188599816,-0.010535578075798215,0.004237756862885597
ALPS,_54km,2012-01-12 12:00:00,0.004590558137529889,-0.013067203801341165,0.005956263660654807
DEFAULT,_54km,2012-01-12 12:00:00,0.0034323379965834197,-0.011341243410117448,0.004776139489011249
ALPS,_54km,2012-01-12 13:00:00,0.004225433611369104,-0.01260998873824846,0.005922845379870797
DEFAULT,_54km,2012-01-12 13:00:00,0.0032096340706637607,-0.01101061495990282,0.004729704048127085
ALPS,_54km,2012-01-12 14:00:00,0.003217959785240824,-0.009810733336142186,0.004680045874049483
DEFAULT,_54km,2012-01-12 14:00:00,0.0025332164562159596,-0.008659629002456771,0.003694193058816747
ALPS,_54km,2012-01-12 15:00:00,0.0015071318113720595,-0.003875232870266061,0.0018256828524550398
DEFAULT,_54km,2012-01-12 15:00:00,0.0011606274197026418,-0.0033566072254131167,0.001393097787802168
ALPS,_54km,2012-01-12 16:00:00,0.0,0.0,0.0
DEFAULT,_54km,2012-01-12 16:00:00,0.0,0.0,0.0
ALPS,_54km,2012-01-12 17:00:00,0.0,0.0,0.0
DEFAULT,_54km,2012-01-12 17:00:00,0.0,0.0,0.0
ALPS,_54km,2012-01-12 18:00:00,0.0,0.0,0.0
DEFAULT,_54km,2012-01-12 18:00:00,0.0,0.0,0.0
ALPS,_54km,2012-01-12 19:00:00,0.0,0.0,0.0
DEFAULT,_54km,2012-01-12 19:00:00,0.0,0.0,0.0
ALPS,_54km,2012-01-12 20:00:00,0.0,0.0,0.0
DEFAULT,_54km,2012-01-12 20:00:00,0.0,0.0,0.0
ALPS,_54km,2012-01-12 21:00:00,0.0,0.0,0.0
DEFAULT,_54km,2012-01-12 21:00:00,0.0,0.0,0.0
ALPS,_54km,2012-01-12 22:00:00,0.0,0.0,0.0
DEFAULT,_54km,2012-01-12 22:00:00,0.0,0.0,0.0
ALPS,_54km,2012-01-12 23:00:00,0.0,0.0,0.0
DEFAULT,_54km,2012-01-12 23:00:00,0.0,0.0,0.0
ALPS,_54km,2012-02-22 00:00:00,0.0,0.0,0.0
DEFAULT,_54km,2012-02-22 00:00:00,0.0,0.0,0.0
ALPS,_54km,2012-02-22 01:00:00,0.0,0.0,0.0
DEFAULT,_54km,2012-02-22 01:00:00,0.0,0.0,0.0
ALPS,_54km,2012-02-22 02:00:00,0.0,0.0,0.0
DEFAULT,_54km,2012-02-22 02:00:00,0.0,0.0,0.0
ALPS,_54km,2012-02-22 03:00:00,0.0,0.0,0.0
DEFAULT,_54km,2012-02-22 03:00:00,0.0,0.0,0.0
ALPS,_54km,2012-02-22 04:00:00,0.0,0.0,0.0
DEFAULT,_54km,2012-02-22 04:00:00,0.0,0.0,0.0
ALPS,_54km,2012-02-22 05:00:00,0.0,0.0,0.0
DEFAULT,_54km,2012-02-22 05:00:00,0.0,0.0,0.0
ALPS,_54km,2012-02-22 06:00:00,0.0,0.0,0.0
DEFAULT,_54km,2012-02-22 06:00:00,0.0,0.0,0.0
ALPS,_54km,2012-02-22 07:00:00,0.0005011652821946308,-0.0007882868734007022,2.7652811233921437e-05
DEFAULT,_54km,2012-02-22 07:00:00,0.000325568995634851,-0.000559670573544049,2.550360937853268e-05
ALPS,_54km,2012-02-22 08:00:00,0.0021878648382091135,-0.003148347550767246,0.00011132321180667352
DEFAULT,_54km,2012-02-22 08:00:00,0.0015437240939775213,-0.0023861816030313035,9.862922057414607e-05
ALPS,_54km,2012-02-22 09:00:00,0.004121696976020543,-0.005594924084091869,0.00020940464016194646
DEFAULT,_54km,2012-02-22 09:00:00,0.002991964433754226,-0.0044367926154221604,0.00018182146286161035
ALPS,_54km,2012-02-22 10:00:00,0.005803173044691946,-0.0077317047921609495,0.00032390566941212494
DEFAULT,_54km,2012-02-22 10:00:00,0.004228737312121072,-0.006279625347509295,0.00027382455576441093
ALPS,_54km,2012-02-22 11:00:00,0.007355924176597034,-0.009876772722162828,0.0004494170471503855
DEFAULT,_54km,2012-02-22 11:00:00,0.005537952574866705,-0.008245277558782087,0.0003704074931706919
ALPS,_54km,2012-02-22 12:00:00,0.008346775758850278,-0.011625172380800299,0.0005762613659643681
DEFAULT,_54km,2012-02-22 12:00:00,0.006377127555003317,-0.009806846042984783,0.00046507438214611017
ALPS,_54km,2012-02-22 13:00:00,0.008612336770550021,-0.012698996526572243,0.000660788932903813
DEFAULT,_54km,2012-02-22 13:00:00,0.006594583390987436,-0.010707553383306116,0.0005262269062584699
ALPS,_54km,2012-02-22 14:00:00,0.00808345535365481,-0.01284131297068081,0.0006951860889923261
DEFAULT,_54km,2012-02-22 14:00:00,0.0061494890546739496,-0.010759311282012782,0.0005493977885408432
ALPS,_54km,2012-02-22 15:00:00,0.006340603956612218,-0.010600359679752628,0.0005698735854198829
DEFAULT,_54km,2012-02-22 15:00:00,0.004717960811206969,-0.008779091029701482,0.00044835268640518714
ALPS,_54km,2012-02-22 16:00:00,0.002325985302946061,-0.0039184675880110775,0.0001710820942973769
DEFAULT,_54km,2012-02-22 16:00:00,0.0015877461338667017,-0.0030270195979697286,0.00013554249703738493
ALPS,_54km,2012-02-22 17:00:00,0.0,0.0,0.0
DEFAULT,_54km,2012-02-22 17:00:00,0.0,0.0,0.0
ALPS,_54km,2012-02-22 18:00:00,0.0,0.0,0.0
DEFAULT,_54km,2012-02-22 18:00:00,0.0,0.0,0.0
ALPS,_54km,2012-02-22 19:00:00,0.0,0.0,0.0
DEFAULT,_54km,2012-02-22 19:00:00,0.0,0.0,0.0
ALPS,_54km,2012-02-22 20:00:00,0.0,0.0,0.0
DEFAULT,_54km,2012-02-22 20:00:00,0.0,0.0,0.0
ALPS,_54km,2012-02-22 21:00:00,0.0,0.0,0.0
DEFAULT,_54km,2012-02-22 21:00:00,0.0,0.0,0.0
ALPS,_54km,2012-02-22 22:00:00,0.0,0.0,0.0
DEFAULT,_54km,2012-02-22 22:00:00,0.0,0.0,0.0
ALPS,_54km,2012-02-22 23:00:00,0.0,0.0,0.0
DEFAULT,_54km,2012-02-22 23:00:00,0.0,0.0,0.0
ALPS,_54km,2012-03-27 00:00:00,0.0,0.0,0.0
DEFAULT,_54km,2012-03-27 00:00:00,0.0,0.0,0.0
ALPS,_54km,2012-03-27 01:00:00,0.0,0.0,0.0
DEFAULT,_54km,2012-03-27 01:00:00,0.0,0.0,0.0
ALPS,_54km,2012-03-27 02:00:00,0.0,0.0,0.0
DEFAULT,_54km,2012-03-27 02:00:00,0.0,0.0,0.0
ALPS,_54km,2012-03-27 03:00:00,0.0,0.0,0.0
DEFAULT,_54km,2012-03-27 03:00:00,0.0,0.0,0.0
ALPS,_54km,2012-03-27 04:00:00,0.0,0.0,0.0
DEFAULT,_54km,2012-03-27 04:00:00,0.0,0.0,0.0
ALPS,_54km,2012-03-27 05:00:00,0.0,0.0,0.0
DEFAULT,_54km,2012-03-27 05:00:00,0.0,0.0,0.0
ALPS,_54km,2012-03-27 06:00:00,0.000639449226138641,-0.015643040079119413,0.004470555081063439
DEFAULT,_54km,2012-03-27 06:00:00,0.0004780085782448003,-0.012543496741943487,0.003706990706226333
ALPS,_54km,2012-03-27 07:00:00,0.0012970537816488373,-0.02946828450528793,0.011324714758088583
DEFAULT,_54km,2012-03-27 07:00:00,0.0010675072846369807,-0.025290796319150814,0.00952009344873508
ALPS,_54km,2012-03-27 08:00:00,0.001652303897397148,-0.03612812145701067,0.016013059857239526
DEFAULT,_54km,2012-03-27 08:00:00,0.0014155664287553184,-0.03161818581641543,0.013751135837979458
ALPS,_54km,2012-03-27 09:00:00,0.0019040043129345244,-0.04002390050416486,0.019007029859079483
DEFAULT,_54km,2012-03-27 09:00:00,0.001660824659549906,-0.0353839111805653,0.016489500242352864
ALPS,_54km,2012-03-27 10:00:00,0.0020879924523784085,-0.04313246946393775,0.02120863754857037
DEFAULT,_54km,2012-03-27 10:00:00,0.0018314062068455173,-0.03837515913563306,0.018465588354172006
ALPS,_54km,2012-03-27 11:00:00,0.0021930043739923767,-0.04521079751240255,0.022958350127516916
DEFAULT,_54km,2012-03-27 11:00:00,0.0019289415650954494,-0.04047151776087104,0.02005738832687455
ALPS,_54km,2012-03-27 12:00:00,0.002242053363652882,-0.04629947044503895,0.024057840727833856
DEFAULT,_54km,2012-03-27 12:00:00,0.0019873439468148283,-0.041752975933943684,0.02105247069544828
ALPS,_54km,2012-03-27 13:00:00,0.0022116442189871136,-0.04697597609561138,0.024619982553885908
DEFAULT,_54km,2012-03-27 13:00:00,0.001967247460663452,-0.042461322199058814,0.02154083549362753
ALPS,_54km,2012-03-27 14:00:00,0.002082573141786371,-0.046163745119940494,0.024074244686711366
DEFAULT,_54km,2012-03-27 14:00:00,0.001847716476712408,-0.041620256228802,0.02097578030093734
ALPS,_54km,2012-03-27 15:00:00,0.0018301065235566511,-0.043665328194346396,0.02222683805127807
DEFAULT,_54km,2012-03-27 15:00:00,0.0016131813576999914,-0.03911151790191134,0.019250184144142892
ALPS,_54km,2012-03-27 16:00:00,0.0013780562555472404,-0.03671812130622911,0.017225926658212848
DEFAULT,_54km,2012-03-27 16:00:00,0.0011914129020537479,-0.03234753983946679,0.014736899010327313
ALPS,_54km,2012-03-27 17:00:00,0.0005659963963560624,-0.015410268026493777,0.005213688265162128
DEFAULT,_54km,2012-03-27 17:00:00,0.00045822959043288617,-0.012755119037089742,0.004376744642293513
ALPS,_54km,2012-03-27 18:00:00,0.0,0.0,0.0
DEFAULT,_54km,2012-03-27 18:00:00,0.0,0.0,0.0
ALPS,_54km,2012-03-27 19:00:00,0.0,0.0,0.0
DEFAULT,_54km,2012-03-27 19:00:00,0.0,0.0,0.0
ALPS,_54km,2012-03-27 20:00:00,0.0,0.0,0.0
DEFAULT,_54km,2012-03-27 20:00:00,0.0,0.0,0.0
ALPS,_54km,2012-03-27 21:00:00,0.0,0.0,0.0
DEFAULT,_54km,2012-03-27 21:00:00,0.0,0.0,0.0
ALPS,_54km,2012-03-27 22:00:00,0.0,0.0,0.0
DEFAULT,_54km,2012-03-27 22:00:00,0.0,0.0,0.0
ALPS,_54km,2012-03-27 23:00:00,0.0,0.0,0.0
DEFAULT,_54km,2012-03-27 23:00:00,0.0,0.0,0.0
ALPS,_54km,2012-04-27 00:00:00,0.0,0.0,0.0
DEFAULT,_54km,2012-04-27 00:00:00,0.0,0.0,0.0
ALPS,_54km,2012-04-27 01:00:00,0.0,0.0,0.0
DEFAULT,_54km,2012-04-27 01:00:00,0.0,0.0,0.0
ALPS,_54km,2012-04-27 02:00:00,0.0,0.0,0.0
DEFAULT,_54km,2012-04-27 02:00:00,0.0,0.0,0.0
ALPS,_54km,2012-04-27 03:00:00,0.0,0.0,0.0
DEFAULT,_54km,2012-04-27 03:00:00,0.0,0.0,0.0
ALPS,_54km,2012-04-27 04:00:00,0.0,0.0,0.0
DEFAULT,_54km,2012-04-27 04:00:00,0.0,0.0,0.0
ALPS,_54km,2012-04-27 05:00:00,-0.0009422265806507713,-0.0015295566920232118,0.0024322434667617947
DEFAULT,_54km,2012-04-27 05:00:00,-0.00048454793632150367,-0.0013916009369095393,0.0021320688395660937
ALPS,_54km,2012-04-27 06:00:00,0.0015378705539658081,-0.007600600574913152,0.006048068106216474
DEFAULT,_54km,2012-04-27 06:00:00,0.001666922265741051,-0.006832329712177233,0.005571830126531912
ALPS,_54km,2012-04-27 07:00:00,-0.012882225674952468,-0.010968770325267349,0.008925558116637648
DEFAULT,_54km,2012-04-27 07:00:00,-0.010527570655899736,-0.010103035221116724,0.00826182356073432
ALPS,_54km,2012-04-27 08:00:00,-0.022909935079981087,-0.013119220671904424,0.010803742977171394
DEFAULT,_54km,2012-04-27 08:00:00,-0.018788970786905754,-0.011973043828393076,0.010080644337580597
ALPS,_54km,2012-04-27 09:00:00,-0.03176683604001381,-0.014978299766980414,0.012239875140241316
DEFAULT,_54km,2012-04-27 09:00:00,-0.02615873542002562,-0.013558212389600761,0.011472380987731515
ALPS,_54km,2012-04-27 10:00:00,-0.038534011461815114,-0.016488704069535603,0.01327210102747486
DEFAULT,_54km,2012-04-27 10:00:00,-0.03177919652486872,-0.014889950515992147,0.0124609067708859
ALPS,_54km,2012-04-27 11:00:00,-0.04291531150004655,-0.017959186012537827,0.01397445481497801
DEFAULT,_54km,2012-04-27 11:00:00,-0.03528022927921146,-0.01615727940667471,0.013140312289705327
ALPS,_54km,2012-04-27 12:00:00,-0.044554177583183155,-0.01900970138779943,0.014419447814508069
DEFAULT,_54km,2012-04-27 12:00:00,-0.036276264063576716,-0.017040975079342376,0.013564565928962748
ALPS,_54km,2012-04-27 13:00:00,-0.04407534850344034,-0.01958839947019278,0.014551594575811866
DEFAULT,_54km,2012-04-27 13:00:00,-0.03558510163873518,-0.017548878251099992,0.0136872380821458
ALPS,_54km,2012-04-27 14:00:00,-0.03973686033356889,-0.01961431455666442,0.014269448732179292
DEFAULT,_54km,2012-04-27 14:00:00,-0.031444998904686994,-0.01757891629738321,0.013399942782711166
ALPS,_54km,2012-04-27 15:00:00,-0.03044570970365613,-0.018704530983927624,0.013428765152636933
DEFAULT,_54km,2012-04-27 15:00:00,-0.022943348127216812,-0.016813716485941783,0.012550070411978562
ALPS,_54km,2012-04-27 16:00:00,-0.013219053409792594,-0.016621505903795145,0.011569830041542144
DEFAULT,_54km,2012-04-27 16:00:00,-0.007645809646722086,-0.01498761896546047,0.01073138274815493
ALPS,_54km,2012-04-27 17:00:00,0.015839710472316394,-0.011427667432375582,0.007471773692867149
DEFAULT,_54km,2012-04-27 17:00:00,0.016970509652171388,-0.010197556752323344,0.006878994367659301
ALPS,_54km,2012-04-27 18:00:00,0.008067944395504182,0.0013304422846697151,0.0007744382035435981
DEFAULT,_54km,2012-04-27 18:00:00,0.0076499662399648815,0.001508699402137879,0.0008539435143321818
ALPS,_54km,2012-04-27 19:00:00,0.0,0.0,0.0
DEFAULT,_54km,2012-04-27 19:00:00,0.0,0.0,0.0
ALPS,_54km,2012-04-27 20:00:00,0.0,0.0,0.0
DEFAULT,_54km,2012-04-27 20:00:00,0.0,0.0,0.0
ALPS,_54km,2012-04-27 21:00:00,0.0,0.0,0.0
DEFAULT,_54km,2012-04-27 21:00:00,0.0,0.0,0.0
ALPS,_54km,2012-04-27 22:00:00,0.0,0.0,0.0
DEFAULT,_54km,2012-04-27 22:00:00,0.0,0.0,0.0
ALPS,_54km,2012-04-27 23:00:00,0.0,0.0,0.0
DEFAULT,_54km,2012-04-27 23:00:00,0.0,0.0,0.0
ALPS,_54km,2012-05-26 00:00:00,0.0,0.0,0.0
DEFAULT,_54km,2012-05-26 00:00:00,0.0,0.0,0.0
ALPS,_54km,2012-05-26 01:00:00,0.0,0.0,0.0
DEFAULT,_54km,2012-05-26 01:00:00,0.0,0.0,0.0
ALPS,_54km,2012-05-26 02:00:00,0.0,0.0,0.0
DEFAULT,_54km,2012-05-26 02:00:00,0.0,0.0,0.0
ALPS,_54km,2012-05-26 03:00:00,0.0,0.0,0.0
DEFAULT,_54km,2012-05-26 03:00:00,0.0,0.0,0.0
ALPS,_54km,2012-05-26 04:00:00,0.0671904349177873,0.0016768116451079998,-0.014930855575326352
DEFAULT,_54km,2012-05-26 04:00:00,0.06408369020030395,0.001561924268152376,-0.016380387783179132
ALPS,_54km,2012-05-26 05:00:00,0.1853627545691127,0.0053373039754402735,-0.05789114578194613
DEFAULT,_54km,2012-05-26 05:00:00,0.19531971090462574,0.005096508377473695,-0.056284287262602914
ALPS,_54km,2012-05-26 06:00:00,0.2381469158735653,0.007215344955022312,-0.09470402601269069
DEFAULT,_54km,2012-05-26 06:00:00,0.2693208705879073,0.007080450827789457,-0.08817946607615068
ALPS,_54km,2012-05-26 07:00:00,0.301482590834447,0.00898654554077563,-0.11664005733230216
DEFAULT,_54km,2012-05-26 07:00:00,0.3513578046529682,0.009002460998834044,-0.10869525811618667
ALPS,_54km,2012-05-26 08:00:00,0.33277742138523003,0.009867146247880924,-0.13572539730000488
DEFAULT,_54km,2012-05-26 08:00:00,0.3917790223099668,0.009969130243533896,-0.1236076235257366
ALPS,_54km,2012-05-26 09:00:00,0.3804099598603716,0.01061502362320487,-0.14460580526316
DEFAULT,_54km,2012-05-26 09:00:00,0.44168155867886694,0.010747166661563157,-0.1307935188335049
ALPS,_54km,2012-05-26 10:00:00,0.4321320345382826,0.011240592697877989,-0.15764814987553566
DEFAULT,_54km,2012-05-26 10:00:00,0.488755649854912,0.011430911601271326,-0.14557839095956865
ALPS,_54km,2012-05-26 11:00:00,0.4672381382721542,0.011614513627079125,-0.162056040994412
DEFAULT,_54km,2012-05-26 11:00:00,0.5223464084959757,0.011856471415868803,-0.1492616233841072
ALPS,_54km,2012-05-26 12:00:00,0.4766901044512415,0.011682850928775301,-0.16840787574524385
DEFAULT,_54km,2012-05-26 12:00:00,0.5330521459951484,0.011975730692910065,-0.15501891361610612
ALPS,_54km,2012-05-26 13:00:00,0.47616528184709106,0.011866682784256821,-0.16968234906305457
DEFAULT,_54km,2012-05-26 13:00:00,0.5313290797900065,0.012114600389945634,-0.16066478815694496
ALPS,_54km,2012-05-26 14:00:00,0.46187873699815424,0.011450740399728347,-0.16481150341650705
DEFAULT,_54km,2012-05-26 14:00:00,0.5125093083002549,0.011676744441250428,-0.1562362367604775
ALPS,_54km,2012-05-26 15:00:00,0.4603202967608576,0.011625534163933308,-0.14692027783730652
DEFAULT,_54km,2012-05-26 15:00:00,0.5050292294840071,0.011650819848486541,-0.13741940077686327
ALPS,_54km,2012-05-26 16:00:00,0.4280505481092861,0.011233614981772434,-0.11531568222949869
DEFAULT,_54km,2012-05-26 16:00:00,0.4609504845965401,0.010945672845740856,-0.110070903801593
ALPS,_54km,2012-05-26 17:00:00,0.3422048983582222,0.008949037230667046,-0.08539601626654238
DEFAULT,_54km,2012-05-26 17:00:00,0.3575066043092792,0.008600243919667964,-0.08235744162125531
ALPS,_54km,2012-05-26 18:00:00,0.18053594718388352,0.004706105187946572,-0.0424167777472239
DEFAULT,_54km,2012-05-26 18:00:00,0.17842186985586436,0.004384283473968779,-0.04125385491560754
ALPS,_54km,2012-05-26 19:00:00,4.8533538628252105e-06,1.7936470789852108e-07,-3.587046050829462e-06
DEFAULT,_54km,2012-05-26 19:00:00,4.6819719586556e-06,1.7609835387162975e-07,-4.0212783834220934e-06
ALPS,_54km,2012-05-26 20:00:00,0.0,0.0,0.0
DEFAULT,_54km,2012-05-26 20:00:00,0.0,0.0,0.0
ALPS,_54km,2012-05-26 21:00:00,0.0,0.0,0.0
DEFAULT,_54km,2012-05-26 21:00:00,0.0,0.0,0.0
ALPS,_54km,2012-05-26 22:00:00,0.0,0.0,0.0
DEFAULT,_54km,2012-05-26 22:00:00,0.0,0.0,0.0
ALPS,_54km,2012-05-26 23:00:00,0.0,0.0,0.0
DEFAULT,_54km,2012-05-26 23:00:00,0.0,0.0,0.0
ALPS,_54km,2012-06-28 00:00:00,0.0,0.0,0.0
DEFAULT,_54km,2012-06-28 00:00:00,0.0,0.0,0.0
ALPS,_54km,2012-06-28 01:00:00,0.0,0.0,0.0
DEFAULT,_54km,2012-06-28 01:00:00,0.0,0.0,0.0
ALPS,_54km,2012-06-28 02:00:00,0.0,0.0,0.0
DEFAULT,_54km,2012-06-28 02:00:00,0.0,0.0,0.0
ALPS,_54km,2012-06-28 03:00:00,0.0,0.0,0.0
DEFAULT,_54km,2012-06-28 03:00:00,0.0,0.0,0.0
ALPS,_54km,2012-06-28 04:00:00,-0.04055580095050814,0.04029688100289271,-0.05797521128488487
DEFAULT,_54km,2012-06-28 04:00:00,-0.036522933376497244,0.03306913859842147,-0.06633456636759506
ALPS,_54km,2012-06-28 05:00:00,-0.017917883763174672,0.09124781348803859,-0.1929215239945775
DEFAULT,_54km,2012-06-28 05:00:00,-0.046683915364082194,0.06324888269688221,-0.1962579273168771
ALPS,_54km,2012-06-28 06:00:00,0.241285600402933,0.17014852445585593,-0.2620561509841797
DEFAULT,_54km,2012-06-28 06:00:00,0.23993678156839093,0.11768081615181551,-0.2744486216826611
ALPS,_54km,2012-06-28 07:00:00,0.32115512585827094,0.18617921363153114,-0.3205087284660656
DEFAULT,_54km,2012-06-28 07:00:00,0.37102034732159556,0.12304424720324368,-0.34857144299620313
ALPS,_54km,2012-06-28 08:00:00,0.40545659437875087,0.08687325018422128,-0.36828271567342374
DEFAULT,_54km,2012-06-28 08:00:00,0.46032802442420356,0.06449804873742272,-0.4026289440402656
ALPS,_54km,2012-06-28 09:00:00,0.4424820740866679,-0.029792804765000024,-0.3989431977673054
DEFAULT,_54km,2012-06-28 09:00:00,0.48104622976215866,-0.02250051733672209,-0.4218729292266831
ALPS,_54km,2012-06-28 10:00:00,0.42797774069374744,-0.02260682326167011,-0.40029404752688386
DEFAULT,_54km,2012-06-28 10:00:00,0.44972659749008215,-0.040666915305215004,-0.3969500445626799
ALPS,_54km,2012-06-28 11:00:00,0.4325237606756564,0.03767299629030417,-0.38672162107796576
DEFAULT,_54km,2012-06-28 11:00:00,0.43010174051838634,0.009074020787133902,-0.36165780218184623
ALPS,_54km,2012-06-28 12:00:00,0.40822801744433057,0.07219735224502644,-0.3685043976344464
DEFAULT,_54km,2012-06-28 12:00:00,0.39260370295198166,0.04320735433932399,-0.33105951417173485
ALPS,_54km,2012-06-28 13:00:00,0.340979729021654,0.07038950522016289,-0.35309229081926036
DEFAULT,_54km,2012-06-28 13:00:00,0.3120189252731161,0.04009614028904037,-0.30985398352245447
ALPS,_54km,2012-06-28 14:00:00,0.2635928404829484,0.07098428200537593,-0.3436327697488362
DEFAULT,_54km,2012-06-28 14:00:00,0.23045845779860427,0.04426841494662541,-0.300665721617184
ALPS,_54km,2012-06-28 15:00:00,0.22323164533165638,0.06511427207694827,-0.3289046543477137
DEFAULT,_54km,2012-06-28 15:00:00,0.18516505331259422,0.04265227599832772,-0.29045414880147963
ALPS,_54km,2012-06-28 16:00:00,0.11067199816728697,0.0014529417138326051,-0.30311201161601503
DEFAULT,_54km,2012-06-28 16:00:00,0.08422390199150215,-0.022406522424362,-0.26627802260462224
ALPS,_54km,2012-06-28 17:00:00,0.13648461178546065,-0.05690099019885811,-0.249016440035355
DEFAULT,_54km,2012-06-28 17:00:00,0.10673866762276257,-0.07423586715519628,-0.2274534873820624
ALPS,_54km,2012-06-28 18:00:00,0.11291975527623785,-0.09729587780995382,-0.1594053734035053
DEFAULT,_54km,2012-06-28 18:00:00,0.0775615546976097,-0.07392299513416639,-0.1625808219467225
ALPS,_54km,2012-06-28 19:00:00,0.007263175173988005,-0.004879944519380478,-0.011653832614521999
DEFAULT,_54km,2012-06-28 19:00:00,0.005529123256989704,-0.002417039516430418,-0.013237793176141231
ALPS,_54km,2012-06-28 20:00:00,0.0,0.0,0.0
DEFAULT,_54km,2012-06-28 20:00:00,0.0,0.0,0.0
ALPS,_54km,2012-06-28 21:00:00,0.0,0.0,0.0
DEFAULT,_54km,2012-06-28 21:00:00,0.0,0.0,0.0
ALPS,_54km,2012-06-28 22:00:00,0.0,0.0,0.0
DEFAULT,_54km,2012-06-28 22:00:00,0.0,0.0,0.0
ALPS,_54km,2012-06-28 23:00:00,0.0,0.0,0.0
DEFAULT,_54km,2012-06-28 23:00:00,0.0,0.0,0.0
ALPS,_54km,2012-07-27 00:00:00,0.0,0.0,0.0
DEFAULT,_54km,2012-07-27 00:00:00,0.0,0.0,0.0
ALPS,_54km,2012-07-27 01:00:00,0.0,0.0,0.0
DEFAULT,_54km,2012-07-27 01:00:00,0.0,0.0,0.0
ALPS,_54km,2012-07-27 02:00:00,0.0,0.0,0.0
DEFAULT,_54km,2012-07-27 02:00:00,0.0,0.0,0.0
ALPS,_54km,2012-07-27 03:00:00,0.0,0.0,0.0
DEFAULT,_54km,2012-07-27 03:00:00,0.0,0.0,0.0
ALPS,_54km,2012-07-27 04:00:00,-0.001383899164525909,0.0022389163009808575,-0.005133058226411089
DEFAULT,_54km,2012-07-27 04:00:00,-0.0008107944746254578,0.0023838322461101494,-0.006138964652799307
ALPS,_54km,2012-07-27 05:00:00,-0.18097247904208943,0.03333582515730134,-0.17506411553000475
DEFAULT,_54km,2012-07-27 05:00:00,-0.18629698001371878,0.023652265638505393,-0.1696203556583765
ALPS,_54km,2012-07-27 06:00:00,0.13139852505660765,0.06515966260950716,-0.3028574408316796
DEFAULT,_54km,2012-07-27 06:00:00,0.1107801097462307,0.05445223646664648,-0.30072228327450923
ALPS,_54km,2012-07-27 07:00:00,0.23724079629261424,-0.06797400275661798,-0.3907640311572625
DEFAULT,_54km,2012-07-27 07:00:00,0.2505145117463631,-0.0390475324677987,-0.39778983694141024
ALPS,_54km,2012-07-27 08:00:00,0.27538208052927216,-0.062339351794942,-0.42142906513356143
DEFAULT,_54km,2012-07-27 08:00:00,0.29490899981244934,-0.06325797148700404,-0.4127226635032658
ALPS,_54km,2012-07-27 09:00:00,0.2824580856195614,0.019311960324143382,-0.41972064484578203
DEFAULT,_54km,2012-07-27 09:00:00,0.28505664445158135,0.010266014337993871,-0.3858945892383816
ALPS,_54km,2012-07-27 10:00:00,0.3072125089384026,0.09338737575994362,-0.41010837779634235
DEFAULT,_54km,2012-07-27 10:00:00,0.2899069758979382,0.08895386728950476,-0.3634979059283487
ALPS,_54km,2012-07-27 11:00:00,0.2991328125448606,0.13168595396033103,-0.3987994907949647
DEFAULT,_54km,2012-07-27 11:00:00,0.26373296844707583,0.12510864589243056,-0.34846535488137703
ALPS,_54km,2012-07-27 12:00:00,0.15381584434392226,0.1165119907514884,-0.38856786920748343
DEFAULT,_54km,2012-07-27 12:00:00,0.09332929022319612,0.10305094677726208,-0.3357970492872971
ALPS,_54km,2012-07-27 13:00:00,0.23288095563592434,0.1546038842983284,-0.37138372178083107
DEFAULT,_54km,2012-07-27 13:00:00,0.17731451249081537,0.140722950897857,-0.3219491662792047
ALPS,_54km,2012-07-27 14:00:00,0.1720009432315238,0.13909122661611528,-0.3443567175210387
DEFAULT,_54km,2012-07-27 14:00:00,0.10385594911842973,0.12435303164829227,-0.2952933753758467
ALPS,_54km,2012-07-27 15:00:00,-0.002997845153312567,0.09634824420280574,-0.3227520816442697
DEFAULT,_54km,2012-07-27 15:00:00,-0.06823278708401886,0.08942642884843309,-0.2782405007230986
ALPS,_54km,2012-07-27 16:00:00,-0.035600296874881865,0.07588818039052717,-0.28561101931744165
DEFAULT,_54km,2012-07-27 16:00:00,-0.0966428456223868,0.07373914797124226,-0.2469264845055059
ALPS,_54km,2012-07-27 17:00:00,-0.0302740863982772,0.052722102098578555,-0.2227124546561096
DEFAULT,_54km,2012-07-27 17:00:00,-0.06269006236859263,0.04905814485209996,-0.19512274875142538
ALPS,_54km,2012-07-27 18:00:00,-0.003804902662888607,-0.004085186951928561,-0.11593512827792889
DEFAULT,_54km,2012-07-27 18:00:00,-0.01959493029330581,-0.003801194210667703,-0.10884955865459588
ALPS,_54km,2012-07-27 19:00:00,0.0,0.0,0.0
DEFAULT,_54km,2012-07-27 19:00:00,0.0,0.0,0.0
ALPS,_54km,2012-07-27 20:00:00,0.0,0.0,0.0
DEFAULT,_54km,2012-07-27 20:00:00,0.0,0.0,0.0
ALPS,_54km,2012-07-27 21:00:00,0.0,0.0,0.0
DEFAULT,_54km,2012-07-27 21:00:00,0.0,0.0,0.0
ALPS,_54km,2012-07-27 22:00:00,0.0,0.0,0.0
DEFAULT,_54km,2012-07-27 22:00:00,0.0,0.0,0.0
ALPS,_54km,2012-07-27 23:00:00,0.0,0.0,0.0
DEFAULT,_54km,2012-07-27 23:00:00,0.0,0.0,0.0
ALPS,_54km,2012-08-27 00:00:00,0.0,0.0,0.0
DEFAULT,_54km,2012-08-27 00:00:00,0.0,0.0,0.0
ALPS,_54km,2012-08-27 01:00:00,0.0,0.0,0.0
DEFAULT,_54km,2012-08-27 01:00:00,0.0,0.0,0.0
ALPS,_54km,2012-08-27 02:00:00,0.0,0.0,0.0
DEFAULT,_54km,2012-08-27 02:00:00,0.0,0.0,0.0
ALPS,_54km,2012-08-27 03:00:00,0.0,0.0,0.0
DEFAULT,_54km,2012-08-27 03:00:00,0.0,0.0,0.0
ALPS,_54km,2012-08-27 04:00:00,0.0,0.0,0.0
DEFAULT,_54km,2012-08-27 04:00:00,0.0,0.0,0.0
ALPS,_54km,2012-08-27 05:00:00,-0.003697368253699677,0.019866113096036867,-0.01967518902170624
DEFAULT,_54km,2012-08-27 05:00:00,-0.0027625484598609593,0.0199678354685317,-0.024461409941795006
ALPS,_54km,2012-08-27 06:00:00,-0.013463646220283494,0.05045875790505197,-0.10630805869646903
DEFAULT,_54km,2012-08-27 06:00:00,-0.018495802008414698,0.044650279855549445,-0.09205154572209473
ALPS,_54km,2012-08-27 07:00:00,0.061096179441712695,0.09394246743166856,-0.17867570212791084
DEFAULT,_54km,2012-08-27 07:00:00,0.05239306964806076,0.08494891753150387,-0.15848888162269392
ALPS,_54km,2012-08-27 08:00:00,0.11098377186862148,0.14105503066842823,-0.21783692883489789
DEFAULT,_54km,2012-08-27 08:00:00,0.10709183976043103,0.13052146018883304,-0.19939240646800807
ALPS,_54km,2012-08-27 09:00:00,0.14878103428628148,0.18710507272926805,-0.2436236964605581
DEFAULT,_54km,2012-08-27 09:00:00,0.15066488854919954,0.17511208855587748,-0.2256913029948602
ALPS,_54km,2012-08-27 10:00:00,0.1711759598368562,0.21757182475116602,-0.26233450102949263
DEFAULT,_54km,2012-08-27 10:00:00,0.17781053690642643,0.20298577728822098,-0.24543007609898523
ALPS,_54km,2012-08-27 11:00:00,0.19129285395820153,0.2348129069527888,-0.2736084391808105
DEFAULT,_54km,2012-08-27 11:00:00,0.20239239980127563,0.21781420546131003,-0.2599747670490172
ALPS,_54km,2012-08-27 12:00:00,0.14792521490741034,0.19502323631578283,-0.29300107494179223
DEFAULT,_54km,2012-08-27 12:00:00,0.16152486016541956,0.18121797067061643,-0.2843134880545505
ALPS,_54km,2012-08-27 13:00:00,0.20288273002334928,0.2227109837098177,-0.2817874092711199
DEFAULT,_54km,2012-08-27 13:00:00,0.2158439008168685,0.20419383666713278,-0.2733262773300736
ALPS,_54km,2012-08-27 14:00:00,0.17794785443556638,0.19964227252454209,-0.27434670701401276
DEFAULT,_54km,2012-08-27 14:00:00,0.1914761674506902,0.17836854283499382,-0.26875571543368676
ALPS,_54km,2012-08-27 15:00:00,0.18541043529338644,0.17819017887463046,-0.25461206550383464
DEFAULT,_54km,2012-08-27 15:00:00,0.2009603934370225,0.1555536199496309,-0.2504747539738419
ALPS,_54km,2012-08-27 16:00:00,0.2290381968011921,0.15607631876947173,-0.2110015689599168
DEFAULT,_54km,2012-08-27 16:00:00,0.24022234560207198,0.1397401484493483,-0.20516978756150211
ALPS,_54km,2012-08-27 17:00:00,0.14623609939817864,0.05710220330010161,-0.12493604693026765
DEFAULT,_54km,2012-08-27 17:00:00,0.1451693767600355,0.050787580833848246,-0.12215626472678864
ALPS,_54km,2012-08-27 18:00:00,0.0005319118077107297,0.0006379941382965739,-0.0003738361809345324
DEFAULT,_54km,2012-08-27 18:00:00,0.0005080774300554746,0.0005872177497841497,-0.00047200352719503494
ALPS,_54km,2012-08-27 19:00:00,0.0,0.0,0.0
DEFAULT,_54km,2012-08-27 19:00:00,0.0,0.0,0.0
ALPS,_54km,2012-08-27 20:00:00,0.0,0.0,0.0
DEFAULT,_54km,2012-08-27 20:00:00,0.0,0.0,0.0
ALPS,_54km,2012-08-27 21:00:00,0.0,0.0,0.0
DEFAULT,_54km,2012-08-27 21:00:00,0.0,0.0,0.0
ALPS,_54km,2012-08-27 22:00:00,0.0,0.0,0.0
DEFAULT,_54km,2012-08-27 22:00:00,0.0,0.0,0.0
ALPS,_54km,2012-08-27 23:00:00,0.0,0.0,0.0
DEFAULT,_54km,2012-08-27 23:00:00,0.0,0.0,0.0
ALPS,_54km,2012-09-21 00:00:00,0.0,0.0,0.0
DEFAULT,_54km,2012-09-21 00:00:00,0.0,0.0,0.0
ALPS,_54km,2012-09-21 01:00:00,0.0,0.0,0.0
DEFAULT,_54km,2012-09-21 01:00:00,0.0,0.0,0.0
ALPS,_54km,2012-09-21 02:00:00,0.0,0.0,0.0
DEFAULT,_54km,2012-09-21 02:00:00,0.0,0.0,0.0
ALPS,_54km,2012-09-21 03:00:00,0.0,0.0,0.0
DEFAULT,_54km,2012-09-21 03:00:00,0.0,0.0,0.0
ALPS,_54km,2012-09-21 04:00:00,0.0,0.0,0.0
DEFAULT,_54km,2012-09-21 04:00:00,0.0,0.0,0.0
ALPS,_54km,2012-09-21 05:00:00,0.0,0.0,0.0
DEFAULT,_54km,2012-09-21 05:00:00,0.0,0.0,0.0
ALPS,_54km,2012-09-21 06:00:00,-0.005457857780165416,-0.00279767544859507,-0.030513093703039812
DEFAULT,_54km,2012-09-21 06:00:00,-0.0064136254270257325,-0.003091267213719908,-0.029694498209535264
ALPS,_54km,2012-09-21 07:00:00,0.014949956381450363,-0.009727134944333929,-0.07912691089795101
DEFAULT,_54km,2012-09-21 07:00:00,0.017738113661228648,-0.010868170194440347,-0.0750917360324771
ALPS,_54km,2012-09-21 08:00:00,0.044232743595935396,-0.031740859303819896,-0.11231016531106147
DEFAULT,_54km,2012-09-21 08:00:00,0.05650684743927755,-0.03459698988810657,-0.10867716068234373
ALPS,_54km,2012-09-21 09:00:00,0.06132723848740281,-0.051209068490879917,-0.13494383154404171
DEFAULT,_54km,2012-09-21 09:00:00,0.08681451008007421,-0.05558892285568607,-0.13247571665433713
ALPS,_54km,2012-09-21 10:00:00,0.07194628099902584,-0.06396299269855317,-0.15214894951731694
DEFAULT,_54km,2012-09-21 10:00:00,0.11094360993230735,-0.06905000634824106,-0.15084060310385922
ALPS,_54km,2012-09-21 11:00:00,0.08466449273365564,-0.07297873194213475,-0.16086385220244792
DEFAULT,_54km,2012-09-21 11:00:00,0.13257574696233748,-0.0784536849509183,-0.1609668407399262
ALPS,_54km,2012-09-21 12:00:00,0.08959467428447787,-0.07023255910603761,-0.16610139786815786
DEFAULT,_54km,2012-09-21 12:00:00,0.14032120485716074,-0.0757879215633856,-0.16669869357349112
ALPS,_54km,2012-09-21 13:00:00,0.10379845829289973,-0.07725589375615848,-0.1619541914127131
DEFAULT,_54km,2012-09-21 13:00:00,0.15302667438180914,-0.08211031910661765,-0.16246074916239828
ALPS,_54km,2012-09-21 14:00:00,0.10619519333254393,-0.06784311600152418,-0.15219641432396247
DEFAULT,_54km,2012-09-21 14:00:00,0.15036297604985743,-0.07195047719085865,-0.15220078695055736
ALPS,_54km,2012-09-21 15:00:00,0.09771294005274911,-0.051449338135335754,-0.12351669814634739
DEFAULT,_54km,2012-09-21 15:00:00,0.12200860134431264,-0.05518330932672955,-0.1228240949825211
ALPS,_54km,2012-09-21 16:00:00,0.07137970360617517,-0.039145765625618195,-0.07217920189620057
DEFAULT,_54km,2012-09-21 16:00:00,0.07283368922956483,-0.042034415388880086,-0.07404658421271568
ALPS,_54km,2012-09-21 17:00:00,0.004451062623943241,-0.005038145557566881,-0.003292247132544404
DEFAULT,_54km,2012-09-21 17:00:00,0.004752290819232676,-0.00500805345231117,-0.004164130407172029
ALPS,_54km,2012-09-21 18:00:00,0.0,0.0,0.0
DEFAULT,_54km,2012-09-21 18:00:00,0.0,0.0,0.0
ALPS,_54km,2012-09-21 19:00:00,0.0,0.0,0.0
DEFAULT,_54km,2012-09-21 19:00:00,0.0,0.0,0.0
ALPS,_54km,2012-09-21 20:00:00,0.0,0.0,0.0
DEFAULT,_54km,2012-09-21 20:00:00,0.0,0.0,0.0
ALPS,_54km,2012-09-21 21:00:00,0.0,0.0,0.0
DEFAULT,_54km,2012-09-21 21:00:00,0.0,0.0,0.0
ALPS,_54km,2012-09-21 22:00:00,0.0,0.0,0.0
DEFAULT,_54km,2012-09-21 22:00:00,0.0,0.0,0.0
ALPS,_54km,2012-09-21 23:00:00,0.0,0.0,0.0
DEFAULT,_54km,2012-09-21 23:00:00,0.0,0.0,0.0
ALPS,_54km,2012-10-20 00:00:00,0.0,0.0,0.0
DEFAULT,_54km,2012-10-20 00:00:00,0.0,0.0,0.0
ALPS,_54km,2012-10-20 01:00:00,0.0,0.0,0.0
DEFAULT,_54km,2012-10-20 01:00:00,0.0,0.0,0.0
ALPS,_54km,2012-10-20 02:00:00,0.0,0.0,0.0
DEFAULT,_54km,2012-10-20 02:00:00,0.0,0.0,0.0
ALPS,_54km,2012-10-20 03:00:00,0.0,0.0,0.0
DEFAULT,_54km,2012-10-20 03:00:00,0.0,0.0,0.0
ALPS,_54km,2012-10-20 04:00:00,0.0,0.0,0.0
DEFAULT,_54km,2012-10-20 04:00:00,0.0,0.0,0.0
ALPS,_54km,2012-10-20 05:00:00,0.0,0.0,0.0
DEFAULT,_54km,2012-10-20 05:00:00,0.0,0.0,0.0
ALPS,_54km,2012-10-20 06:00:00,-0.003232636266477226,-0.00974617271468415,9.386188391102202e-06
DEFAULT,_54km,2012-10-20 06:00:00,-0.0029149319543546877,-0.008657187831298116,9.491123031362904e-06
ALPS,_54km,2012-10-20 07:00:00,0.013511874669608301,-0.07683853254162877,0.00011251693343638756
DEFAULT,_54km,2012-10-20 07:00:00,0.010237090580502612,-0.07856769929095404,0.0001078065363972838
ALPS,_54km,2012-10-20 08:00:00,0.01214538372647171,-0.14690510391324585,0.0001978611614240585
DEFAULT,_54km,2012-10-20 08:00:00,0.010013055897938257,-0.14704343957347357,0.00019443938747712176
ALPS,_54km,2012-10-20 09:00:00,0.006851317123871,-0.19967070412529003,0.00024873719236440355
DEFAULT,_54km,2012-10-20 09:00:00,0.00842342793996795,-0.19141971671143854,0.00024965942685738516
ALPS,_54km,2012-10-20 10:00:00,0.006441090401194526,-0.2268751245808153,0.0002738744022184196
DEFAULT,_54km,2012-10-20 10:00:00,0.011380372540787187,-0.20973897860261817,0.00027945967055352636
ALPS,_54km,2012-10-20 11:00:00,0.009573342191593589,-0.24294427022462883,0.0002844018649388462
DEFAULT,_54km,2012-10-20 11:00:00,0.01738630359100364,-0.21905154846827393,0.00029391979636583034
ALPS,_54km,2012-10-20 12:00:00,0.013815122464568869,-0.24703322724310012,0.000283395124558208
DEFAULT,_54km,2012-10-20 12:00:00,0.023096589305028198,-0.21952551646802926,0.0002945276107867331
ALPS,_54km,2012-10-20 13:00:00,0.015574900734870493,-0.23372579304637273,0.0002678623548414163
DEFAULT,_54km,2012-10-20 13:00:00,0.024804922534269854,-0.2078999682440919,0.0002772703143914121
ALPS,_54km,2012-10-20 14:00:00,0.018036570668640124,-0.2012790305970454,0.00022962248620454043
DEFAULT,_54km,2012-10-20 14:00:00,0.02652901226103045,-0.17892020373922687,0.00023612098227180823
ALPS,_54km,2012-10-20 15:00:00,0.022544578829095458,-0.12755457088829467,0.00014699075121769338
DEFAULT,_54km,2012-10-20 15:00:00,0.026510414865914825,-0.11170739720989352,0.000150420277759728
ALPS,_54km,2012-10-20 16:00:00,0.0007531671892398852,-0.00959548447300047,1.1575893393460193e-05
DEFAULT,_54km,2012-10-20 16:00:00,0.0010366344460405142,-0.0057777719408766805,1.3512562348977968e-05
ALPS,_54km,2012-10-20 17:00:00,0.0,0.0,0.0
DEFAULT,_54km,2012-10-20 17:00:00,0.0,0.0,0.0
ALPS,_54km,2012-10-20 18:00:00,0.0,0.0,0.0
DEFAULT,_54km,2012-10-20 18:00:00,0.0,0.0,0.0
ALPS,_54km,2012-10-20 19:00:00,0.0,0.0,0.0
DEFAULT,_54km,2012-10-20 19:00:00,0.0,0.0,0.0
ALPS,_54km,2012-10-20 20:00:00,0.0,0.0,0.0
DEFAULT,_54km,2012-10-20 20:00:00,0.0,0.0,0.0
ALPS,_54km,2012-10-20 21:00:00,0.0,0.0,0.0
DEFAULT,_54km,2012-10-20 21:00:00,0.0,0.0,0.0
ALPS,_54km,2012-10-20 22:00:00,0.0,0.0,0.0
DEFAULT,_54km,2012-10-20 22:00:00,0.0,0.0,0.0
ALPS,_54km,2012-10-20 23:00:00,0.0,0.0,0.0
DEFAULT,_54km,2012-10-20 23:00:00,0.0,0.0,0.0
ALPS,_54km,2012-11-15 00:00:00,0.0,0.0,0.0
DEFAULT,_54km,2012-11-15 00:00:00,0.0,0.0,0.0
ALPS,_54km,2012-11-15 01:00:00,0.0,0.0,0.0
DEFAULT,_54km,2012-11-15 01:00:00,0.0,0.0,0.0
ALPS,_54km,2012-11-15 02:00:00,0.0,0.0,0.0
DEFAULT,_54km,2012-11-15 02:00:00,0.0,0.0,0.0
ALPS,_54km,2012-11-15 03:00:00,0.0,0.0,0.0
DEFAULT,_54km,2012-11-15 03:00:00,0.0,0.0,0.0
ALPS,_54km,2012-11-15 04:00:00,0.0,0.0,0.0
DEFAULT,_54km,2012-11-15 04:00:00,0.0,0.0,0.0
ALPS,_54km,2012-11-15 05:00:00,0.0,0.0,0.0
DEFAULT,_54km,2012-11-15 05:00:00,0.0,0.0,0.0
ALPS,_54km,2012-11-15 06:00:00,0.0,0.0,0.0
DEFAULT,_54km,2012-11-15 06:00:00,0.0,0.0,0.0
ALPS,_54km,2012-11-15 07:00:00,-0.00018627261478091676,-0.016432607324742672,0.003111513991594994
DEFAULT,_54km,2012-11-15 07:00:00,-0.000153224625232565,-0.014101410890797798,0.002510243308252
ALPS,_54km,2012-11-15 08:00:00,-0.0003346265469289344,-0.04395328111784539,0.010280349465360106
DEFAULT,_54km,2012-11-15 08:00:00,-0.0003241639783396795,-0.04141863633986204,0.008696706937790072
ALPS,_54km,2012-11-15 09:00:00,-0.00038425322636933293,-0.05734145758221141,0.01522527348790439
DEFAULT,_54km,2012-11-15 09:00:00,-0.0003703454782843643,-0.05458474758427882,0.013291606200269031
ALPS,_54km,2012-11-15 10:00:00,-0.0004110930212486786,-0.0648314529948345,0.01849532425020816
DEFAULT,_54km,2012-11-15 10:00:00,-0.00037290216955555145,-0.0605733614727603,0.016476667367797213
ALPS,_54km,2012-11-15 11:00:00,-0.0004258223036312142,-0.06838145537157035,0.02039976407183236
DEFAULT,_54km,2012-11-15 11:00:00,-0.0003641172985392393,-0.06284592449668554,0.01836695076049457
ALPS,_54km,2012-11-15 12:00:00,-0.0004214359641942073,-0.069037933015383,0.02077797399437142
DEFAULT,_54km,2012-11-15 12:00:00,-0.00035076424106779625,-0.06287893837316094,0.01877473784126552
ALPS,_54km,2012-11-15 13:00:00,-0.0004035340902006409,-0.06571466652652112,0.019141231353124167
DEFAULT,_54km,2012-11-15 13:00:00,-0.0003311333033113768,-0.059549277927548876,0.017223848743313307
ALPS,_54km,2012-11-15 14:00:00,-0.0003666440292294826,-0.053919228145828516,0.014289510545892807
DEFAULT,_54km,2012-11-15 14:00:00,-0.0002903068635769205,-0.048203501244854015,0.012652415810480974
ALPS,_54km,2012-11-15 15:00:00,-0.0002302328547399306,-0.021969198318903142,0.004610750077682106
DEFAULT,_54km,2012-11-15 15:00:00,-0.00016495400441732505,-0.01785473523882359,0.003934652159112679
ALPS,_54km,2012-11-15 16:00:00,0.0,0.0,0.0
DEFAULT,_54km,2012-11-15 16:00:00,0.0,0.0,0.0
ALPS,_54km,2012-11-15 17:00:00,0.0,0.0,0.0
DEFAULT,_54km,2012-11-15 17:00:00,0.0,0.0,0.0
ALPS,_54km,2012-11-15 18:00:00,0.0,0.0,0.0
DEFAULT,_54km,2012-11-15 18:00:00,0.0,0.0,0.0
ALPS,_54km,2012-11-15 19:00:00,0.0,0.0,0.0
DEFAULT,_54km,2012-11-15 19:00:00,0.0,0.0,0.0
ALPS,_54km,2012-11-15 20:00:00,0.0,0.0,0.0
DEFAULT,_54km,2012-11-15 20:00:00,0.0,0.0,0.0
ALPS,_54km,2012-11-15 21:00:00,0.0,0.0,0.0
DEFAULT,_54km,2012-11-15 21:00:00,0.0,0.0,0.0
ALPS,_54km,2012-11-15 22:00:00,0.0,0.0,0.0
DEFAULT,_54km,2012-11-15 22:00:00,0.0,0.0,0.0
ALPS,_54km,2012-11-15 23:00:00,0.0,0.0,0.0
DEFAULT,_54km,2012-11-15 23:00:00,0.0,0.0,0.0
ALPS,_54km,2012-12-24 00:00:00,0.0,0.0,0.0
DEFAULT,_54km,2012-12-24 00:00:00,0.0,0.0,0.0
ALPS,_54km,2012-12-24 01:00:00,0.0,0.0,0.0
DEFAULT,_54km,2012-12-24 01:00:00,0.0,0.0,0.0
ALPS,_54km,2012-12-24 02:00:00,0.0,0.0,0.0
DEFAULT,_54km,2012-12-24 02:00:00,0.0,0.0,0.0
ALPS,_54km,2012-12-24 03:00:00,0.0,0.0,0.0
DEFAULT,_54km,2012-12-24 03:00:00,0.0,0.0,0.0
ALPS,_54km,2012-12-24 04:00:00,0.0,0.0,0.0
DEFAULT,_54km,2012-12-24 04:00:00,0.0,0.0,0.0
ALPS,_54km,2012-12-24 05:00:00,0.0,0.0,0.0
DEFAULT,_54km,2012-12-24 05:00:00,0.0,0.0,0.0
ALPS,_54km,2012-12-24 06:00:00,0.0,0.0,0.0
DEFAULT,_54km,2012-12-24 06:00:00,0.0,0.0,0.0
ALPS,_54km,2012-12-24 07:00:00,3.807533194704861e-05,-3.164076104194164e-05,5.851414518963332e-06
DEFAULT,_54km,2012-12-24 07:00:00,2.6871191684676315e-05,-2.3566860604277974e-05,4.333276570437016e-06
ALPS,_54km,2012-12-24 08:00:00,0.0010859012390900362,-0.0138234589275097,0.006340547395088656
DEFAULT,_54km,2012-12-24 08:00:00,0.0004908062070068934,-0.01212271606350948,0.005020504141809129
ALPS,_54km,2012-12-24 09:00:00,-0.0015175835693496487,-0.022355736352847044,0.01093104103794657
DEFAULT,_54km,2012-12-24 09:00:00,-0.0016762386110060156,-0.02022472279754969,0.008881740695413056
ALPS,_54km,2012-12-24 10:00:00,-0.0019490005933496682,-0.026806707964432654,0.01313047602045704
DEFAULT,_54km,2012-12-24 10:00:00,-0.0023411083019005954,-0.023875087174497177,0.010837100204913717
ALPS,_54km,2012-12-24 11:00:00,-0.0019479746091210796,-0.028784723798566204,0.014029146275577829
DEFAULT,_54km,2012-12-24 11:00:00,-0.002579967611326286,-0.025290002066231106,0.011675916355907803
ALPS,_54km,2012-12-24 12:00:00,-0.002070369163576714,-0.02873131211429447,0.013960174642957885
DEFAULT,_54km,2012-12-24 12:00:00,-0.002721113822793415,-0.025192936294384488,0.011631670375073186
ALPS,_54km,2012-12-24 13:00:00,-0.0005225604735990001,-0.026310454848728553,0.01216805625531725
DEFAULT,_54km,2012-12-24 13:00:00,-0.0013716983827050991,-0.02275730848725935,0.010054286075267701
ALPS,_54km,2012-12-24 14:00:00,0.002372810005669311,-0.019381613950321692,0.008052211410930253
DEFAULT,_54km,2012-12-24 14:00:00,0.0009788797003174024,-0.016057826627914183,0.006524693678325583
ALPS,_54km,2012-12-24 15:00:00,0.0021193518895431676,-0.004630312442648091,0.0020729580872695073
DEFAULT,_54km,2012-12-24 15:00:00,0.0011597421728000885,-0.0036694022622555285,0.0016370762139934826
ALPS,_54km,2012-12-24 16:00:00,0.0,0.0,0.0
DEFAULT,_54km,2012-12-24 16:00:00,0.0,0.0,0.0
ALPS,_54km,2012-12-24 17:00:00,0.0,0.0,0.0
DEFAULT,_54km,2012-12-24 17:00:00,0.0,0.0,0.0
ALPS,_54km,2012-12-24 18:00:00,0.0,0.0,0.0
DEFAULT,_54km,2012-12-24 18:00:00,0.0,0.0,0.0
ALPS,_54km,2012-12-24 19:00:00,0.0,0.0,0.0
DEFAULT,_54km,2012-12-24 19:00:00,0.0,0.0,0.0
ALPS,_54km,2012-12-24 20:00:00,0.0,0.0,0.0
DEFAULT,_54km,2012-12-24 20:00:00,0.0,0.0,0.0
ALPS,_54km,2012-12-24 21:00:00,0.0,0.0,0.0
DEFAULT,_54km,2012-12-24 21:00:00,0.0,0.0,0.0
ALPS,_54km,2012-12-24 22:00:00,0.0,0.0,0.0
DEFAULT,_54km,2012-12-24 22:00:00,0.0,0.0,0.0
ALPS,_54km,2012-12-24 23:00:00,0.0,0.0,0.0
DEFAULT,_54km,2012-12-24 23:00:00,0.0,0.0,0.0
ALPS,_9km,2012-01-12 00:00:00,0.0,0.0,0.0
DEFAULT,_9km,2012-01-12 00:00:00,0.0,0.0,0.0
ALPS,_9km,2012-01-12 01:00:00,0.0,0.0,0.0
DEFAULT,_9km,2012-01-12 01:00:00,0.0,0.0,0.0
ALPS,_9km,2012-01-12 02:00:00,0.0,0.0,0.0
DEFAULT,_9km,2012-01-12 02:00:00,0.0,0.0,0.0
ALPS,_9km,2012-01-12 03:00:00,0.0,0.0,0.0
DEFAULT,_9km,2012-01-12 03:00:00,0.0,0.0,0.0
ALPS,_9km,2012-01-12 04:00:00,0.0,0.0,0.0
DEFAULT,_9km,2012-01-12 04:00:00,0.0,0.0,0.0
ALPS,_9km,2012-01-12 05:00:00,0.0,0.0,0.0
DEFAULT,_9km,2012-01-12 05:00:00,0.0,0.0,0.0
ALPS,_9km,2012-01-12 06:00:00,0.0,0.0,0.0
DEFAULT,_9km,2012-01-12 06:00:00,0.0,0.0,0.0
ALPS,_9km,2012-01-12 07:00:00,1.0966394817211623e-05,-1.4155217881109472e-06,-2.8878118484654547e-06
DEFAULT,_9km,2012-01-12 07:00:00,1.0599923219150472e-05,-1.5104795523291254e-06,-2.5591914110469136e-06
ALPS,_9km,2012-01-12 08:00:00,0.0010938382415807723,-0.0007622793613112484,-0.0004925793935101787
DEFAULT,_9km,2012-01-12 08:00:00,0.0008513654644059759,-0.0006449105581395821,-0.00039854116982806804
ALPS,_9km,2012-01-12 09:00:00,0.002168638584967353,-0.0015993874561228314,-0.0011021373478252085
DEFAULT,_9km,2012-01-12 09:00:00,0.001771036363792988,-0.0014270594944880994,-0.0008858361601380029
ALPS,_9km,2012-01-12 10:00:00,0.0026988918802054074,-0.0021342634721839594,-0.001627368892996049
DEFAULT,_9km,2012-01-12 10:00:00,0.002159072913753023,-0.0019210777187287607,-0.0012929594780250401
ALPS,_9km,2012-01-12 11:00:00,0.002801783509840093,-0.0024851055780577068,-0.002012755149187968
DEFAULT,_9km,2012-01-12 11:00:00,0.0021693357885615816,-0.002218031241982725,-0.0015888309235498198
ALPS,_9km,2012-01-12 12:00:00,0.0027072391566191167,-0.002693604746735297,-0.0022774490342286325
DEFAULT,_9km,2012-01-12 12:00:00,0.0020435161819716894,-0.0023904888136921675,-0.0017883092753703366
ALPS,_9km,2012-01-12 13:00:00,0.002419893192278319,-0.002587666071201851,-0.0022545335961747194
DEFAULT,_9km,2012-01-12 13:00:00,0.0018316223427753088,-0.0023051454041308427,-0.0017654477883817328
ALPS,_9km,2012-01-12 14:00:00,0.0018239419537370073,-0.0019939842776945465,-0.0017624644630478694
DEFAULT,_9km,2012-01-12 14:00:00,0.0014336982080030312,-0.0017887772221853316,-0.0013633951381484656
ALPS,_9km,2012-01-12 15:00:00,0.0010033711990389165,-0.0007731631165488482,-0.000683323639233117
DEFAULT,_9km,2012-01-12 15:00:00,0.0008220621396894496,-0.0006827578052092426,-0.0005077987851609108
ALPS,_9km,2012-01-12 16:00:00,0.0,0.0,0.0
DEFAULT,_9km,2012-01-12 16:00:00,0.0,0.0,0.0
ALPS,_9km,2012-01-12 17:00:00,0.0,0.0,0.0
DEFAULT,_9km,2012-01-12 17:00:00,0.0,0.0,0.0
ALPS,_9km,2012-01-12 18:00:00,0.0,0.0,0.0
DEFAULT,_9km,2012-01-12 18:00:00,0.0,0.0,0.0
ALPS,_9km,2012-01-12 19:00:00,0.0,0.0,0.0
DEFAULT,_9km,2012-01-12 19:00:00,0.0,0.0,0.0
ALPS,_9km,2012-01-12 20:00:00,0.0,0.0,0.0
DEFAULT,_9km,2012-01-12 20:00:00,0.0,0.0,0.0
ALPS,_9km,2012-01-12 21:00:00,0.0,0.0,0.0
DEFAULT,_9km,2012-01-12 21:00:00,0.0,0.0,0.0
ALPS,_9km,2012-01-12 22:00:00,0.0,0.0,0.0
DEFAULT,_9km,2012-01-12 22:00:00,0.0,0.0,0.0
ALPS,_9km,2012-01-12 23:00:00,0.0,0.0,0.0
DEFAULT,_9km,2012-01-12 23:00:00,0.0,0.0,0.0
ALPS,_9km,2012-02-22 00:00:00,0.0,0.0,0.0
DEFAULT,_9km,2012-02-22 00:00:00,0.0,0.0,0.0
ALPS,_9km,2012-02-22 01:00:00,0.0,0.0,0.0
DEFAULT,_9km,2012-02-22 01:00:00,0.0,0.0,0.0
ALPS,_9km,2012-02-22 02:00:00,0.0,0.0,0.0
DEFAULT,_9km,2012-02-22 02:00:00,0.0,0.0,0.0
ALPS,_9km,2012-02-22 03:00:00,0.0,0.0,0.0
DEFAULT,_9km,2012-02-22 03:00:00,0.0,0.0,0.0
ALPS,_9km,2012-02-22 04:00:00,0.0,0.0,0.0
DEFAULT,_9km,2012-02-22 04:00:00,0.0,0.0,0.0
ALPS,_9km,2012-02-22 05:00:00,0.0,0.0,0.0
DEFAULT,_9km,2012-02-22 05:00:00,0.0,0.0,0.0
ALPS,_9km,2012-02-22 06:00:00,0.0,0.0,0.0
DEFAULT,_9km,2012-02-22 06:00:00,0.0,0.0,0.0
ALPS,_9km,2012-02-22 07:00:00,0.0002767557538482121,-0.00015353466865574092,-6.672197139863846e-05
DEFAULT,_9km,2012-02-22 07:00:00,0.0001930072773678954,-0.00011565819860536017,-6.230329041323974e-05
ALPS,_9km,2012-02-22 08:00:00,0.0010845793764046674,-0.0005662996383083853,-0.000299125412195838
DEFAULT,_9km,2012-02-22 08:00:00,0.0008092594997485853,-0.00045607421088149683,-0.0002676450939274314
ALPS,_9km,2012-02-22 09:00:00,0.0020757479479018327,-0.0010078309809219048,-0.0005634349614179361
DEFAULT,_9km,2012-02-22 09:00:00,0.0016500038236854245,-0.0008657225546660382,-0.00048614645677338096
ALPS,_9km,2012-02-22 10:00:00,0.0027727722213896763,-0.0013840838796703497,-0.0008706170175161746
DEFAULT,_9km,2012-02-22 10:00:00,0.0022249930765332005,-0.0012137721981990842,-0.0007214287406856716
ALPS,_9km,2012-02-22 11:00:00,0.003431674284086092,-0.0017607909466925084,-0.0012093031015822776
DEFAULT,_9km,2012-02-22 11:00:00,0.0027547676256004217,-0.0015639630893436644,-0.0009797800763413683
ALPS,_9km,2012-02-22 12:00:00,0.003952601629854995,-0.002097175535849603,-0.0015510274751900288
DEFAULT,_9km,2012-02-22 12:00:00,0.003166502372036035,-0.001873745018228999,-0.0012340666981680204
ALPS,_9km,2012-02-22 13:00:00,0.00415847913188472,-0.0023281076573225686,-0.0017881163650995788
DEFAULT,_9km,2012-02-22 13:00:00,0.0033047807481108894,-0.0020719608349713614,-0.0014086308672234737
ALPS,_9km,2012-02-22 14:00:00,0.004006202328449608,-0.0023966367066476854,-0.001895858861815318
DEFAULT,_9km,2012-02-22 14:00:00,0.0031647014354757685,-0.0021139725379177073,-0.001481819903205984
ALPS,_9km,2012-02-22 15:00:00,0.0031987873195013744,-0.0020077238352656504,-0.0015739668224618421
DEFAULT,_9km,2012-02-22 15:00:00,0.0025186161084483428,-0.0017534107231044233,-0.0012245069893760422
ALPS,_9km,2012-02-22 16:00:00,0.001176083613307822,-0.0007626705335450768,-0.000475909618209138
DEFAULT,_9km,2012-02-22 16:00:00,0.0008874007519739289,-0.000625239487329543,-0.00036471282334974385
ALPS,_9km,2012-02-22 17:00:00,0.0,0.0,0.0
DEFAULT,_9km,2012-02-22 17:00:00,0.0,0.0,0.0
ALPS,_9km,2012-02-22 18:00:00,0.0,0.0,0.0
DEFAULT,_9km,2012-02-22 18:00:00,0.0,0.0,0.0
ALPS,_9km,2012-02-22 19:00:00,0.0,0.0,0.0
DEFAULT,_9km,2012-02-22 19:00:00,0.0,0.0,0.0
ALPS,_9km,2012-02-22 20:00:00,0.0,0.0,0.0
DEFAULT,_9km,2012-02-22 20:00:00,0.0,0.0,0.0
ALPS,_9km,2012-02-22 21:00:00,0.0,0.0,0.0
DEFAULT,_9km,2012-02-22 21:00:00,0.0,0.0,0.0
ALPS,_9km,2012-02-22 22:00:00,0.0,0.0,0.0
DEFAULT,_9km,2012-02-22 22:00:00,0.0,0.0,0.0
ALPS,_9km,2012-02-22 23:00:00,0.0,0.0,0.0
DEFAULT,_9km,2012-02-22 23:00:00,0.0,0.0,0.0
ALPS,_9km,2012-03-27 00:00:00,0.0,0.0,0.0
DEFAULT,_9km,2012-03-27 00:00:00,0.0,0.0,0.0
ALPS,_9km,2012-03-27 01:00:00,0.0,0.0,0.0
DEFAULT,_9km,2012-03-27 01:00:00,0.0,0.0,0.0
ALPS,_9km,2012-03-27 02:00:00,0.0,0.0,0.0
DEFAULT,_9km,2012-03-27 02:00:00,0.0,0.0,0.0
ALPS,_9km,2012-03-27 03:00:00,0.0,0.0,0.0
DEFAULT,_9km,2012-03-27 03:00:00,0.0,0.0,0.0
ALPS,_9km,2012-03-27 04:00:00,0.0,0.0,0.0
DEFAULT,_9km,2012-03-27 04:00:00,0.0,0.0,0.0
ALPS,_9km,2012-03-27 05:00:00,0.0,0.0,0.0
DEFAULT,_9km,2012-03-27 05:00:00,0.0,0.0,0.0
ALPS,_9km,2012-03-27 06:00:00,0.0012063048968344074,-0.005857005188091506,-0.0014256136117596226
DEFAULT,_9km,2012-03-27 06:00:00,0.000956596129431737,-0.0048546955344939136,-0.0011485131203661423
ALPS,_9km,2012-03-27 07:00:00,0.002362761645786552,-0.010680913852681152,-0.0034867716381085214
DEFAULT,_9km,2012-03-27 07:00:00,0.001942512923189356,-0.009289037819199358,-0.002862698073574997
ALPS,_9km,2012-03-27 08:00:00,0.002964977451456778,-0.013084814170441583,-0.004792694764598506
DEFAULT,_9km,2012-03-27 08:00:00,0.0024718709588240437,-0.011538824827946336,-0.003977436760228357
ALPS,_9km,2012-03-27 09:00:00,0.0033180577624216507,-0.014436302547395358,-0.005647936087433899
DEFAULT,_9km,2012-03-27 09:00:00,0.002782546279541709,-0.012799648055034024,-0.004733637226028507
ALPS,_9km,2012-03-27 10:00:00,0.0035630996320791526,-0.01553143869383081,-0.00634776050922748
DEFAULT,_9km,2012-03-27 10:00:00,0.0030090775497469482,-0.01382280411048669,-0.005352463890387625
ALPS,_9km,2012-03-27 11:00:00,0.003656468974382943,-0.016329718744516376,-0.006913825738991073
DEFAULT,_9km,2012-03-27 11:00:00,0.00309514654912676,-0.014557732814948562,-0.005851755595723234
ALPS,_9km,2012-03-27 12:00:00,0.0036576529690188725,-0.016764969292799907,-0.0072664179309772075
DEFAULT,_9km,2012-03-27 12:00:00,0.003107045324470747,-0.014974218193737175,-0.006153314985168651
ALPS,_9km,2012-03-27 13:00:00,0.0036066258811790768,-0.017008412712986667,-0.007440660287355096
DEFAULT,_9km,2012-03-27 13:00:00,0.0030754872178355565,-0.015232482223579785,-0.00630000514928653
ALPS,_9km,2012-03-27 14:00:00,0.0033764651173402147,-0.016701974221513795,-0.007313757613014368
DEFAULT,_9km,2012-03-27 14:00:00,0.002874021093318146,-0.01492179285487821,-0.006167638637482774
ALPS,_9km,2012-03-27 15:00:00,0.002981193188690976,-0.01577610973719352,-0.006753495833834934
DEFAULT,_9km,2012-03-27 15:00:00,0.0025222387966413696,-0.014018372652820722,-0.00564719207414123
ALPS,_9km,2012-03-27 16:00:00,0.002360991591457981,-0.013136372225773506,-0.005186691711899628
DEFAULT,_9km,2012-03-27 16:00:00,0.0019741315188974715,-0.011625460352847405,-0.004262695411927426
ALPS,_9km,2012-03-27 17:00:00,0.0010539666642015353,-0.005603849560587905,-0.00158812426221752
DEFAULT,_9km,2012-03-27 17:00:00,0.0008486757282713093,-0.004751663677216814,-0.0012605058305945466
ALPS,_9km,2012-03-27 18:00:00,0.0,0.0,0.0
DEFAULT,_9km,2012-03-27 18:00:00,0.0,0.0,0.0
ALPS,_9km,2012-03-27 19:00:00,0.0,0.0,0.0
DEFAULT,_9km,2012-03-27 19:00:00,0.0,0.0,0.0
ALPS,_9km,2012-03-27 20:00:00,0.0,0.0,0.0
DEFAULT,_9km,2012-03-27 20:00:00,0.0,0.0,0.0
ALPS,_9km,2012-03-27 21:00:00,0.0,0.0,0.0
DEFAULT,_9km,2012-03-27 21:00:00,0.0,0.0,0.0
ALPS,_9km,2012-03-27 22:00:00,0.0,0.0,0.0
DEFAULT,_9km,2012-03-27 22:00:00,0.0,0.0,0.0
ALPS,_9km,2012-03-27 23:00:00,0.0,0.0,0.0
DEFAULT,_9km,2012-03-27 23:00:00,0.0,0.0,0.0
ALPS,_9km,2012-04-27 00:00:00,0.0,0.0,0.0
DEFAULT,_9km,2012-04-27 00:00:00,0.0,0.0,0.0
ALPS,_9km,2012-04-27 01:00:00,0.0,0.0,0.0
DEFAULT,_9km,2012-04-27 01:00:00,0.0,0.0,0.0
ALPS,_9km,2012-04-27 02:00:00,0.0,0.0,0.0
DEFAULT,_9km,2012-04-27 02:00:00,0.0,0.0,0.0
ALPS,_9km,2012-04-27 03:00:00,0.0,0.0,0.0
DEFAULT,_9km,2012-04-27 03:00:00,0.0,0.0,0.0
ALPS,_9km,2012-04-27 04:00:00,0.0,0.0,0.0
DEFAULT,_9km,2012-04-27 04:00:00,0.0,0.0,0.0
ALPS,_9km,2012-04-27 05:00:00,0.005446546715672914,-0.004452980743768965,-0.0061177752604886105
DEFAULT,_9km,2012-04-27 05:00:00,0.004949362601310839,-0.004207241400663934,-0.005376750124052155
ALPS,_9km,2012-04-27 06:00:00,0.004751084477572154,-0.01371791903767241,-0.01598799794646251
DEFAULT,_9km,2012-04-27 06:00:00,0.0054540391045848026,-0.012856664491349973,-0.014247409019534488
ALPS,_9km,2012-04-27 07:00:00,-0.0006645843029515735,-0.01917458889358726,-0.02312722801504122
DEFAULT,_9km,2012-04-27 07:00:00,0.001237648224647154,-0.017860466638765525,-0.02097798548627105
ALPS,_9km,2012-04-27 08:00:00,-0.003955556282088288,-0.022240771961241575,-0.027699119459312197
DEFAULT,_9km,2012-04-27 08:00:00,-0.0012840624822453171,-0.020602924420231043,-0.025355839266528773
ALPS,_9km,2012-04-27 09:00:00,-0.006816934307158361,-0.024643968550576587,-0.03130207987847074
DEFAULT,_9km,2012-04-27 09:00:00,-0.0036262173261498603,-0.022716879193599198,-0.028836503694959492
ALPS,_9km,2012-04-27 10:00:00,-0.008687635797660433,-0.026337357350828726,-0.03397635783432239
DEFAULT,_9km,2012-04-27 10:00:00,-0.0049978734943039735,-0.02412862009735089,-0.031417948321025256
ALPS,_9km,2012-04-27 11:00:00,-0.010137176994182654,-0.028108291994192038,-0.03588406094581745
DEFAULT,_9km,2012-04-27 11:00:00,-0.006176415192533754,-0.025686668652937034,-0.03325282634041957
ALPS,_9km,2012-04-27 12:00:00,-0.010816753673678662,-0.02944791282427567,-0.037199992222453994
DEFAULT,_9km,2012-04-27 12:00:00,-0.00665878885203189,-0.026904846146973166,-0.03448440795491129
ALPS,_9km,2012-04-27 13:00:00,-0.011267243798842759,-0.030547428243743912,-0.03762514268599118
DEFAULT,_9km,2012-04-27 13:00:00,-0.007031685280831842,-0.02793733827116375,-0.03486552792768528
ALPS,_9km,2012-04-27 14:00:00,-0.009635393869313514,-0.03035764771941486,-0.03702821655583637
DEFAULT,_9km,2012-04-27 14:00:00,-0.005490706950806468,-0.02787222942919162,-0.034197642413909615
ALPS,_9km,2012-04-27 15:00:00,-0.005672362112930386,-0.0291916462868046,-0.03480035052949035
DEFAULT,_9km,2012-04-27 15:00:00,-0.0019861593475920722,-0.026935115264815027,-0.03196105868310405
ALPS,_9km,2012-04-27 16:00:00,0.0009665413693319351,-0.025978869956533354,-0.030005503945313896
DEFAULT,_9km,2012-04-27 16:00:00,0.0037071597374377053,-0.02418917427752475,-0.027247229903189778
ALPS,_9km,2012-04-27 17:00:00,0.011623465883654841,-0.01855250234599935,-0.019661500977946163
DEFAULT,_9km,2012-04-27 17:00:00,0.012321279027404068,-0.017454724429744543,-0.017527173503419632
ALPS,_9km,2012-04-27 18:00:00,0.004668613923023198,-0.0008192961712603822,-0.002515192940860116
DEFAULT,_9km,2012-04-27 18:00:00,0.004066259750581706,-0.000784520695645722,-0.0023309651705491264
ALPS,_9km,2012-04-27 19:00:00,0.0,0.0,0.0
DEFAULT,_9km,2012-04-27 19:00:00,0.0,0.0,0.0
ALPS,_9km,2012-04-27 20:00:00,0.0,0.0,0.0
DEFAULT,_9km,2012-04-27 20:00:00,0.0,0.0,0.0
ALPS,_9km,2012-04-27 21:00:00,0.0,0.0,0.0
DEFAULT,_9km,2012-04-27 21:00:00,0.0,0.0,0.0
ALPS,_9km,2012-04-27 22:00:00,0.0,0.0,0.0
DEFAULT,_9km,2012-04-27 22:00:00,0.0,0.0,0.0
ALPS,_9km,2012-04-27 23:00:00,0.0,0.0,0.0
DEFAULT,_9km,2012-04-27 23:00:00,0.0,0.0,0.0
ALPS,_9km,2012-05-26 00:00:00,0.0,0.0,0.0
DEFAULT,_9km,2012-05-26 00:00:00,0.0,0.0,0.0
ALPS,_9km,2012-05-26 01:00:00,0.0,0.0,0.0
DEFAULT,_9km,2012-05-26 01:00:00,0.0,0.0,0.0
ALPS,_9km,2012-05-26 02:00:00,0.0,0.0,0.0
DEFAULT,_9km,2012-05-26 02:00:00,0.0,0.0,0.0
ALPS,_9km,2012-05-26 03:00:00,0.0,0.0,0.0
DEFAULT,_9km,2012-05-26 03:00:00,0.0,0.0,0.0
ALPS,_9km,2012-05-26 04:00:00,0.03298146217630992,-0.015488411465610188,-0.006710725057812752
DEFAULT,_9km,2012-05-26 04:00:00,0.031967157540701785,-0.01385520998607131,-0.005836953709127945
ALPS,_9km,2012-05-26 05:00:00,0.1252321735269703,-0.05218830623670043,-0.025728464192012208
DEFAULT,_9km,2012-05-26 05:00:00,0.13092831803149596,-0.0491819332483674,-0.023221669504350246
ALPS,_9km,2012-05-26 06:00:00,0.17046484509256893,-0.0733160559799516,-0.04202656734070559
DEFAULT,_9km,2012-05-26 06:00:00,0.19232396978983374,-0.07117336717374265,-0.03770786265195601
ALPS,_9km,2012-05-26 07:00:00,0.19072262996911224,-0.08189123250262209,-0.05761992685159268
DEFAULT,_9km,2012-05-26 07:00:00,0.22429108586375968,-0.08099745583814774,-0.051348171698188935
ALPS,_9km,2012-05-26 08:00:00,0.2164663268813238,-0.0886077691225971,-0.06959994623837179
DEFAULT,_9km,2012-05-26 08:00:00,0.2569567031011521,-0.08888580987300852,-0.06266165206586372
ALPS,_9km,2012-05-26 09:00:00,0.2501675514838083,-0.09667656591754274,-0.07497516618374367
DEFAULT,_9km,2012-05-26 09:00:00,0.29472096397525305,-0.0979103779525266,-0.06849890899126648
ALPS,_9km,2012-05-26 10:00:00,0.28802818132875174,-0.10576363915702756,-0.07711829417164667
DEFAULT,_9km,2012-05-26 10:00:00,0.33386025493290883,-0.1072374816448937,-0.07118258521890274
ALPS,_9km,2012-05-26 11:00:00,0.3225575456401914,-0.10980459783609574,-0.07915444658686897
DEFAULT,_9km,2012-05-26 11:00:00,0.36731650147702816,-0.11172083322285498,-0.07505499870580129
ALPS,_9km,2012-05-26 12:00:00,0.35232999513043406,-0.112449883883673,-0.07939346162772343
DEFAULT,_9km,2012-05-26 12:00:00,0.39444606509448693,-0.11478153264715453,-0.07661173995811012
ALPS,_9km,2012-05-26 13:00:00,0.3587073380331712,-0.11540226451719765,-0.0797722365606886
DEFAULT,_9km,2012-05-26 13:00:00,0.40125044637909324,-0.11710811642117347,-0.07659199076958453
ALPS,_9km,2012-05-26 14:00:00,0.356335256986645,-0.1163151470365959,-0.07532755382638795
DEFAULT,_9km,2012-05-26 14:00:00,0.3959105445171268,-0.11710230342483749,-0.0727042696052807
ALPS,_9km,2012-05-26 15:00:00,0.3405753281185387,-0.11130949262806755,-0.06919762703709177
DEFAULT,_9km,2012-05-26 15:00:00,0.3725832072910444,-0.11105933138375154,-0.06723407080363046
ALPS,_9km,2012-05-26 16:00:00,0.30610510012627357,-0.10157500994042862,-0.057216725071754924
DEFAULT,_9km,2012-05-26 16:00:00,0.32767812113181227,-0.09945500527420187,-0.05620604956861753
ALPS,_9km,2012-05-26 17:00:00,0.24408001752015043,-0.08268510142613313,-0.04028972446912394
DEFAULT,_9km,2012-05-26 17:00:00,0.2554418225676856,-0.07939965086222518,-0.039942077783271676
ALPS,_9km,2012-05-26 18:00:00,0.1275710721510472,-0.044184262408547274,-0.019381730083380073
DEFAULT,_9km,2012-05-26 18:00:00,0.1274403965887501,-0.04114838979841536,-0.01933773235371927
ALPS,_9km,2012-05-26 19:00:00,3.467721461131851e-06,-1.6555672926268495e-06,-1.1202222667794784e-06
DEFAULT,_9km,2012-05-26 19:00:00,3.6416501330918163e-06,-1.6681043449695337e-06,-1.1549940208958007e-06
ALPS,_9km,2012-05-26 20:00:00,0.0,0.0,0.0
DEFAULT,_9km,2012-05-26 20:00:00,0.0,0.0,0.0
ALPS,_9km,2012-05-26 21:00:00,0.0,0.0,0.0
DEFAULT,_9km,2012-05-26 21:00:00,0.0,0.0,0.0
ALPS,_9km,2012-05-26 22:00:00,0.0,0.0,0.0
DEFAULT,_9km,2012-05-26 22:00:00,0.0,0.0,0.0
ALPS,_9km,2012-05-26 23:00:00,0.0,0.0,0.0
DEFAULT,_9km,2012-05-26 23:00:00,0.0,0.0,0.0
ALPS,_9km,2012-06-28 00:00:00,0.0,0.0,0.0
DEFAULT,_9km,2012-06-28 00:00:00,0.0,0.0,0.0
ALPS,_9km,2012-06-28 01:00:00,0.0,0.0,0.0
DEFAULT,_9km,2012-06-28 01:00:00,0.0,0.0,0.0
ALPS,_9km,2012-06-28 02:00:00,0.0,0.0,0.0
DEFAULT,_9km,2012-06-28 02:00:00,0.0,0.0,0.0
ALPS,_9km,2012-06-28 03:00:00,0.0,0.0,0.0
DEFAULT,_9km,2012-06-28 03:00:00,0.0,0.0,0.0
ALPS,_9km,2012-06-28 04:00:00,0.007742741631300703,0.020992836812472035,-0.021900853555467236
DEFAULT,_9km,2012-06-28 04:00:00,-0.002968188683624639,0.016275453458015076,-0.024283573213552383
ALPS,_9km,2012-06-28 05:00:00,0.059113475387943426,0.05506727957977893,-0.0752911079774549
DEFAULT,_9km,2012-06-28 05:00:00,0.03159620451238949,0.0401118780600495,-0.08266990024853998
ALPS,_9km,2012-06-28 06:00:00,0.18317762124716994,0.06774512419951303,-0.12083931595771848
DEFAULT,_9km,2012-06-28 06:00:00,0.17701653060567418,0.04603446730141976,-0.13088292756306752
ALPS,_9km,2012-06-28 07:00:00,0.28573291259879174,0.06761146405479702,-0.15089133668280133
DEFAULT,_9km,2012-06-28 07:00:00,0.3101020838146436,0.04402861866267619,-0.1643896692589958
ALPS,_9km,2012-06-28 08:00:00,0.366109001398663,0.04827246437391542,-0.174917265064418
DEFAULT,_9km,2012-06-28 08:00:00,0.3964574588686081,0.03360576160682046,-0.18647371904232166
ALPS,_9km,2012-06-28 09:00:00,0.4158321836801867,0.011496267485556155,-0.18710148632288562
DEFAULT,_9km,2012-06-28 09:00:00,0.44324066755368396,0.0070256656226680815,-0.1955366424566479
ALPS,_9km,2012-06-28 10:00:00,0.43118546988598805,0.00918287541385727,-0.18758009354163652
DEFAULT,_9km,2012-06-28 10:00:00,0.4537402909227993,-0.0025595363864435216,-0.18791021412181252
ALPS,_9km,2012-06-28 11:00:00,0.42658112960552047,0.02665316369801494,-0.1821336814805013
DEFAULT,_9km,2012-06-28 11:00:00,0.4375327470166592,0.01193140873025326,-0.17391881170165976
ALPS,_9km,2012-06-28 12:00:00,0.40473280161191155,0.03707452304644076,-0.1745141528764627
DEFAULT,_9km,2012-06-28 12:00:00,0.40194719377520577,0.02445651557438832,-0.16129590750838008
ALPS,_9km,2012-06-28 13:00:00,0.3757562659966381,0.03615566695093773,-0.16070897759699096
DEFAULT,_9km,2012-06-28 13:00:00,0.36009156975118556,0.02561343108324011,-0.1444517265671863
ALPS,_9km,2012-06-28 14:00:00,0.35516274984617274,0.03982022169916404,-0.15005324883221716
DEFAULT,_9km,2012-06-28 14:00:00,0.3316511011007287,0.03277029879300436,-0.13361713927949528
ALPS,_9km,2012-06-28 15:00:00,0.2859434489453006,0.033002913115602085,-0.1393998991202853
DEFAULT,_9km,2012-06-28 15:00:00,0.2501193293447815,0.03035722237300559,-0.12409612033913703
ALPS,_9km,2012-06-28 16:00:00,0.23452868994025092,0.015037712385312743,-0.12552670241697425
DEFAULT,_9km,2012-06-28 16:00:00,0.1863849998475306,0.013399882420798356,-0.11236179681765732
ALPS,_9km,2012-06-28 17:00:00,0.18450913775472996,-0.008469374634775304,-0.10577417172159452
DEFAULT,_9km,2012-06-28 17:00:00,0.1287161865772199,-0.0071583016181713185,-0.097719944588686
ALPS,_9km,2012-06-28 18:00:00,0.11192540111085897,-0.020128665860010088,-0.06780941128018038
DEFAULT,_9km,2012-06-28 18:00:00,0.07413468748261519,-0.012542660778403193,-0.06775513428788046
ALPS,_9km,2012-06-28 19:00:00,0.005761102793513268,-0.0006041842688771035,-0.0049178227678645684
DEFAULT,_9km,2012-06-28 19:00:00,0.004105398506038023,0.00023449704376748428,-0.005251285588859672
ALPS,_9km,2012-06-28 20:00:00,0.0,0.0,0.0
DEFAULT,_9km,2012-06-28 20:00:00,0.0,0.0,0.0
ALPS,_9km,2012-06-28 21:00:00,0.0,0.0,0.0
DEFAULT,_9km,2012-06-28 21:00:00,0.0,0.0,0.0
ALPS,_9km,2012-06-28 22:00:00,0.0,0.0,0.0
DEFAULT,_9km,2012-06-28 22:00:00,0.0,0.0,0.0
ALPS,_9km,2012-06-28 23:00:00,0.0,0.0,0.0
DEFAULT,_9km,2012-06-28 23:00:00,0.0,0.0,0.0
ALPS,_9km,2012-07-27 00:00:00,0.0,0.0,0.0
DEFAULT,_9km,2012-07-27 00:00:00,0.0,0.0,0.0
ALPS,_9km,2012-07-27 01:00:00,0.0,0.0,0.0
DEFAULT,_9km,2012-07-27 01:00:00,0.0,0.0,0.0
ALPS,_9km,2012-07-27 02:00:00,0.0,0.0,0.0
DEFAULT,_9km,2012-07-27 02:00:00,0.0,0.0,0.0
ALPS,_9km,2012-07-27 03:00:00,0.0,0.0,0.0
DEFAULT,_9km,2012-07-27 03:00:00,0.0,0.0,0.0
ALPS,_9km,2012-07-27 04:00:00,-0.005512102616153287,0.0016153532939637,-0.0024451937604744035
DEFAULT,_9km,2012-07-27 04:00:00,-0.005279455357645283,0.0015591487783241653,-0.0023853168008956495
ALPS,_9km,2012-07-27 05:00:00,0.08897416302211493,0.013748200562720978,-0.07801782443869819
DEFAULT,_9km,2012-07-27 05:00:00,0.07012380404802745,0.012476443243711645,-0.07449413147515035
ALPS,_9km,2012-07-27 06:00:00,0.16321025922670482,0.03321042728072937,-0.13595062105128206
DEFAULT,_9km,2012-07-27 06:00:00,0.14398212246941228,0.028602160248827127,-0.13362646043825324
ALPS,_9km,2012-07-27 07:00:00,0.22377282728068934,-0.0013994510147719043,-0.16967906908874913
DEFAULT,_9km,2012-07-27 07:00:00,0.22288488137562926,-0.0008022148897530373,-0.17146554423414875
ALPS,_9km,2012-07-27 08:00:00,0.26936442284964945,-0.012704018251666834,-0.18661101888013704
DEFAULT,_9km,2012-07-27 08:00:00,0.2835867654680679,-0.01910374311101082,-0.18500440420603748
ALPS,_9km,2012-07-27 09:00:00,0.279649408670805,0.011627411483606331,-0.1900288622618271
DEFAULT,_9km,2012-07-27 09:00:00,0.28399786748913175,0.0016800070162653752,-0.18035846005378864
ALPS,_9km,2012-07-27 10:00:00,0.2812590635688934,0.041924195132986335,-0.18748160514000814
DEFAULT,_9km,2012-07-27 10:00:00,0.26908271832595443,0.03409206182198187,-0.1730349864597111
ALPS,_9km,2012-07-27 11:00:00,0.278399095787904,0.06077019370017071,-0.18286609743218174
DEFAULT,_9km,2012-07-27 11:00:00,0.25217885841674953,0.055732320196776305,-0.16697898460618738
ALPS,_9km,2012-07-27 12:00:00,0.24586303103850787,0.06715167015838262,-0.17543248435684647
DEFAULT,_9km,2012-07-27 12:00:00,0.20393534951936954,0.06280004784048247,-0.15892278959683878
ALPS,_9km,2012-07-27 13:00:00,0.21290050113634698,0.0678530638573701,-0.16180952231869442
DEFAULT,_9km,2012-07-27 13:00:00,0.15922386161050692,0.0626528268130692,-0.14438639189066865
ALPS,_9km,2012-07-27 14:00:00,0.1120457369031636,0.05695198766094664,-0.14529056881657285
DEFAULT,_9km,2012-07-27 14:00:00,0.049654772021790014,0.05101888904938104,-0.12712657679249686
ALPS,_9km,2012-07-27 15:00:00,0.035243006468111134,0.04531584005055401,-0.1291331377466547
DEFAULT,_9km,2012-07-27 15:00:00,-0.03025474128014973,0.04207092746992148,-0.11220463219454638
ALPS,_9km,2012-07-27 16:00:00,-0.05333777865501168,0.0323108007850241,-0.11417951311274956
DEFAULT,_9km,2012-07-27 16:00:00,-0.1095532952890019,0.03223695734934549,-0.10017250776593466
ALPS,_9km,2012-07-27 17:00:00,-0.07163247899973649,0.016284762815550885,-0.09191109195613588
DEFAULT,_9km,2012-07-27 17:00:00,-0.11317359320187696,0.01793199561616062,-0.08166807155770353
ALPS,_9km,2012-07-27 18:00:00,-0.011430440206778048,-0.0009810451535427157,-0.048890451151699675
DEFAULT,_9km,2012-07-27 18:00:00,-0.0377629664801228,0.0015743365253946793,-0.04556092140730531
ALPS,_9km,2012-07-27 19:00:00,0.0,0.0,0.0
DEFAULT,_9km,2012-07-27 19:00:00,0.0,0.0,0.0
ALPS,_9km,2012-07-27 20:00:00,0.0,0.0,0.0
DEFAULT,_9km,2012-07-27 20:00:00,0.0,0.0,0.0
ALPS,_9km,2012-07-27 21:00:00,0.0,0.0,0.0
DEFAULT,_9km,2012-07-27 21:00:00,0.0,0.0,0.0
ALPS,_9km,2012-07-27 22:00:00,0.0,0.0,0.0
DEFAULT,_9km,2012-07-27 22:00:00,0.0,0.0,0.0
ALPS,_9km,2012-07-27 23:00:00,0.0,0.0,0.0
DEFAULT,_9km,2012-07-27 23:00:00,0.0,0.0,0.0
ALPS,_9km,2012-08-27 00:00:00,0.0,0.0,0.0
DEFAULT,_9km,2012-08-27 00:00:00,0.0,0.0,0.0
ALPS,_9km,2012-08-27 01:00:00,0.0,0.0,0.0
DEFAULT,_9km,2012-08-27 01:00:00,0.0,0.0,0.0
ALPS,_9km,2012-08-27 02:00:00,0.0,0.0,0.0
DEFAULT,_9km,2012-08-27 02:00:00,0.0,0.0,0.0
ALPS,_9km,2012-08-27 03:00:00,0.0,0.0,0.0
DEFAULT,_9km,2012-08-27 03:00:00,0.0,0.0,0.0
ALPS,_9km,2012-08-27 04:00:00,0.0,0.0,0.0
DEFAULT,_9km,2012-08-27 04:00:00,0.0,0.0,0.0
ALPS,_9km,2012-08-27 05:00:00,0.006404531544061431,0.007597588505141886,-0.007394320297935701
DEFAULT,_9km,2012-08-27 05:00:00,0.004199509824695106,0.006497033864062469,-0.006785763362082585
ALPS,_9km,2012-08-27 06:00:00,0.06102843646740641,0.016540759296912285,-0.043725158616987295
DEFAULT,_9km,2012-08-27 06:00:00,0.052979962500716175,0.014219929987886902,-0.03937401997856914
ALPS,_9km,2012-08-27 07:00:00,0.10671622827245687,0.03437416979709449,-0.06718198023510245
DEFAULT,_9km,2012-08-27 07:00:00,0.09908487320947436,0.030200736537653178,-0.061211755868569286
ALPS,_9km,2012-08-27 08:00:00,0.13011270803127065,0.049486443877451415,-0.07988142770648486
DEFAULT,_9km,2012-08-27 08:00:00,0.12426632869480048,0.04426568395107452,-0.07289501828786417
ALPS,_9km,2012-08-27 09:00:00,0.16184231848162134,0.060777104646125436,-0.09015996153664556
DEFAULT,_9km,2012-08-27 09:00:00,0.15829484836071728,0.0547972180875984,-0.08324254759077404
ALPS,_9km,2012-08-27 10:00:00,0.1954778375769787,0.06870232992441132,-0.09863798986844188
DEFAULT,_9km,2012-08-27 10:00:00,0.19538759795595442,0.06216168121972139,-0.09257479716068084
ALPS,_9km,2012-08-27 11:00:00,0.21825874540705834,0.0732674831840535,-0.10410202945131279
DEFAULT,_9km,2012-08-27 11:00:00,0.22018179268628493,0.06634544461692074,-0.09898822803631953
ALPS,_9km,2012-08-27 12:00:00,0.2326769388617662,0.0744447710838988,-0.10734845624213274
DEFAULT,_9km,2012-08-27 12:00:00,0.23627800829139786,0.06715175472685246,-0.1032060219091636
ALPS,_9km,2012-08-27 13:00:00,0.240015565123623,0.07237534461249732,-0.10807168018439947
DEFAULT,_9km,2012-08-27 13:00:00,0.24495596668058472,0.06468729997309346,-0.10477586447666136
ALPS,_9km,2012-08-27 14:00:00,0.2376756384658887,0.06666935849364293,-0.10564779601517649
DEFAULT,_9km,2012-08-27 14:00:00,0.24274796372936022,0.058946856392824015,-0.102733535347903
ALPS,_9km,2012-08-27 15:00:00,0.22099873292081645,0.05748449498698099,-0.09831201469614842
DEFAULT,_9km,2012-08-27 15:00:00,0.22325594852195862,0.049849316294759784,-0.09508345479621998
ALPS,_9km,2012-08-27 16:00:00,0.18369301036121258,0.039824389388603186,-0.08303953640594557
DEFAULT,_9km,2012-08-27 16:00:00,0.18181026696451125,0.033442376325234835,-0.07967612354013795
ALPS,_9km,2012-08-27 17:00:00,0.09365397204788195,0.01732894870707354,-0.04581505844775541
DEFAULT,_9km,2012-08-27 17:00:00,0.08845005301371778,0.014891416385589393,-0.04351178530072344
ALPS,_9km,2012-08-27 18:00:00,0.0006943790575688267,0.00023898328426342203,-0.00013167752616227891
DEFAULT,_9km,2012-08-27 18:00:00,0.0005713391011014862,0.00020820415609904103,-0.00015353659275981892
ALPS,_9km,2012-08-27 19:00:00,0.0,0.0,0.0
DEFAULT,_9km,2012-08-27 19:00:00,0.0,0.0,0.0
ALPS,_9km,2012-08-27 20:00:00,0.0,0.0,0.0
DEFAULT,_9km,2012-08-27 20:00:00,0.0,0.0,0.0
ALPS,_9km,2012-08-27 21:00:00,0.0,0.0,0.0
DEFAULT,_9km,2012-08-27 21:00:00,0.0,0.0,0.0
ALPS,_9km,2012-08-27 22:00:00,0.0,0.0,0.0
DEFAULT,_9km,2012-08-27 22:00:00,0.0,0.0,0.0
ALPS,_9km,2012-08-27 23:00:00,0.0,0.0,0.0
DEFAULT,_9km,2012-08-27 23:00:00,0.0,0.0,0.0
ALPS,_9km,2012-09-21 00:00:00,0.0,0.0,0.0
DEFAULT,_9km,2012-09-21 00:00:00,0.0,0.0,0.0
ALPS,_9km,2012-09-21 01:00:00,0.0,0.0,0.0
DEFAULT,_9km,2012-09-21 01:00:00,0.0,0.0,0.0
ALPS,_9km,2012-09-21 02:00:00,0.0,0.0,0.0
DEFAULT,_9km,2012-09-21 02:00:00,0.0,0.0,0.0
ALPS,_9km,2012-09-21 03:00:00,0.0,0.0,0.0
DEFAULT,_9km,2012-09-21 03:00:00,0.0,0.0,0.0
ALPS,_9km,2012-09-21 04:00:00,0.0,0.0,0.0
DEFAULT,_9km,2012-09-21 04:00:00,0.0,0.0,0.0
ALPS,_9km,2012-09-21 05:00:00,0.0,0.0,0.0
DEFAULT,_9km,2012-09-21 05:00:00,0.0,0.0,0.0
ALPS,_9km,2012-09-21 06:00:00,-0.01660482744577811,-0.022356301134444534,-0.009514088625457856
DEFAULT,_9km,2012-09-21 06:00:00,-0.014632081406208579,-0.020902174572445007,-0.008824917286846935
ALPS,_9km,2012-09-21 07:00:00,-0.008333090476245116,-0.035897232984135684,-0.024874470271090788
DEFAULT,_9km,2012-09-21 07:00:00,-0.0034088191938828043,-0.03659796842800177,-0.022797842913237783
ALPS,_9km,2012-09-21 08:00:00,0.011932104200156292,-0.0409907858073481,-0.038949848080219805
DEFAULT,_9km,2012-09-21 08:00:00,0.023782593164283435,-0.04335689265856133,-0.03647606405768928
ALPS,_9km,2012-09-21 09:00:00,0.024067794149993747,-0.0522419420538591,-0.04881699014686648
DEFAULT,_9km,2012-09-21 09:00:00,0.044965541155830145,-0.05544678156269454,-0.046724051272098936
ALPS,_9km,2012-09-21 10:00:00,0.029916492133746895,-0.06466785639126034,-0.055052203732390295
DEFAULT,_9km,2012-09-21 10:00:00,0.05816667570447539,-0.0686276686294071,-0.053209671468389785
ALPS,_9km,2012-09-21 11:00:00,0.03962152310601147,-0.07227978813331817,-0.059223874750976506
DEFAULT,_9km,2012-09-21 11:00:00,0.07209383060594854,-0.07723876776249115,-0.05774775816591595
ALPS,_9km,2012-09-21 12:00:00,0.04931916793775493,-0.07338310240179091,-0.061085255272011335
DEFAULT,_9km,2012-09-21 12:00:00,0.08295148256941832,-0.07885600564570976,-0.059857335655582676
ALPS,_9km,2012-09-21 13:00:00,0.055900952523815134,-0.07288219693019084,-0.060162221775647624
DEFAULT,_9km,2012-09-21 13:00:00,0.08800025959217,-0.07824097840294432,-0.058883410479964995
ALPS,_9km,2012-09-21 14:00:00,0.05139780927966713,-0.07697412877970436,-0.05482839489711747
DEFAULT,_9km,2012-09-21 14:00:00,0.08002748693234517,-0.0815743890929295,-0.05309256466966403
ALPS,_9km,2012-09-21 15:00:00,0.025771277385014165,-0.08993160235173378,-0.04140428931991305
DEFAULT,_9km,2012-09-21 15:00:00,0.04863299350680878,-0.09296431341553908,-0.039612327064803984
ALPS,_9km,2012-09-21 16:00:00,0.00939404405061946,-0.07640321447831182,-0.02254158893174152
DEFAULT,_9km,2012-09-21 16:00:00,0.02162337062703109,-0.07550290494180692,-0.022236183735432163
ALPS,_9km,2012-09-21 17:00:00,-0.0001512249856152515,-0.005814357362833754,-0.0012733467713638173
DEFAULT,_9km,2012-09-21 17:00:00,6.104238553552819e-06,-0.0053189094749166435,-0.0013104355686272293
ALPS,_9km,2012-09-21 18:00:00,0.0,0.0,0.0
DEFAULT,_9km,2012-09-21 18:00:00,0.0,0.0,0.0
ALPS,_9km,2012-09-21 19:00:00,0.0,0.0,0.0
DEFAULT,_9km,2012-09-21 19:00:00,0.0,0.0,0.0
ALPS,_9km,2012-09-21 20:00:00,0.0,0.0,0.0
DEFAULT,_9km,2012-09-21 20:00:00,0.0,0.0,0.0
ALPS,_9km,2012-09-21 21:00:00,0.0,0.0,0.0
DEFAULT,_9km,2012-09-21 21:00:00,0.0,0.0,0.0
ALPS,_9km,2012-09-21 22:00:00,0.0,0.0,0.0
DEFAULT,_9km,2012-09-21 22:00:00,0.0,0.0,0.0
ALPS,_9km,2012-09-21 23:00:00,0.0,0.0,0.0
DEFAULT,_9km,2012-09-21 23:00:00,0.0,0.0,0.0
ALPS,_9km,2012-10-20 00:00:00,0.0,0.0,0.0
DEFAULT,_9km,2012-10-20 00:00:00,0.0,0.0,0.0
ALPS,_9km,2012-10-20 01:00:00,0.0,0.0,0.0
DEFAULT,_9km,2012-10-20 01:00:00,0.0,0.0,0.0
ALPS,_9km,2012-10-20 02:00:00,0.0,0.0,0.0
DEFAULT,_9km,2012-10-20 02:00:00,0.0,0.0,0.0
ALPS,_9km,2012-10-20 03:00:00,0.0,0.0,0.0
DEFAULT,_9km,2012-10-20 03:00:00,0.0,0.0,0.0
ALPS,_9km,2012-10-20 04:00:00,0.0,0.0,0.0
DEFAULT,_9km,2012-10-20 04:00:00,0.0,0.0,0.0
ALPS,_9km,2012-10-20 05:00:00,0.0,0.0,0.0
DEFAULT,_9km,2012-10-20 05:00:00,0.0,0.0,0.0
ALPS,_9km,2012-10-20 06:00:00,-0.0009568628261355124,-0.0041887265189662634,-0.0003492595795231912
DEFAULT,_9km,2012-10-20 06:00:00,-0.0010624649158443614,-0.0040161642644891,-0.00032004304590507466
ALPS,_9km,2012-10-20 07:00:00,0.008032824187105658,-0.055468175618594504,-0.004295565574203552
DEFAULT,_9km,2012-10-20 07:00:00,0.00587510994238779,-0.05405372119357781,-0.0039322867537521745
ALPS,_9km,2012-10-20 08:00:00,0.007188040965074885,-0.10343569662763699,-0.007315392055096816
DEFAULT,_9km,2012-10-20 08:00:00,0.00568298549461659,-0.09911012382526124,-0.006907624735215597
ALPS,_9km,2012-10-20 09:00:00,0.008382643199098976,-0.1311959514942336,-0.008984096027288224
DEFAULT,_9km,2012-10-20 09:00:00,0.009133768497136593,-0.12076599643685203,-0.00869185621480138
ALPS,_9km,2012-10-20 10:00:00,0.011244532238855074,-0.14499153011680949,-0.009836794656248678
DEFAULT,_9km,2012-10-20 10:00:00,0.014332975267052132,-0.1288861909267976,-0.009684883387867752
ALPS,_9km,2012-10-20 11:00:00,0.012415456108252643,-0.15429707033708664,-0.010288586963453052
DEFAULT,_9km,2012-10-20 11:00:00,0.016741424764429802,-0.13548810143301757,-0.010217893644523758
ALPS,_9km,2012-10-20 12:00:00,0.013301679020185276,-0.15525986974838685,-0.010287644867900205
DEFAULT,_9km,2012-10-20 12:00:00,0.017834548361779286,-0.13617540681160353,-0.01022783800238706
ALPS,_9km,2012-10-20 13:00:00,0.013229743842747908,-0.14790981626795632,-0.009753349593804906
DEFAULT,_9km,2012-10-20 13:00:00,0.017336929607055792,-0.13070077740802077,-0.009642981090040045
ALPS,_9km,2012-10-20 14:00:00,0.012542898153850596,-0.12881633738533943,-0.008372355170014638
DEFAULT,_9km,2012-10-20 14:00:00,0.015377712203963853,-0.11468725022040469,-0.008190570316743332
ALPS,_9km,2012-10-20 15:00:00,0.009874940095119862,-0.08932531519703305,-0.005347666033721699
DEFAULT,_9km,2012-10-20 15:00:00,0.010082567357303361,-0.07832863446794476,-0.005166846214879104
ALPS,_9km,2012-10-20 16:00:00,-0.0007166275904927016,-0.008288311804304435,-0.0004536629080792147
DEFAULT,_9km,2012-10-20 16:00:00,-0.0007736453999884465,-0.0066112120046431305,-0.0004655936452896725
ALPS,_9km,2012-10-20 17:00:00,0.0,0.0,0.0
DEFAULT,_9km,2012-10-20 17:00:00,0.0,0.0,0.0
ALPS,_9km,2012-10-20 18:00:00,0.0,0.0,0.0
DEFAULT,_9km,2012-10-20 18:00:00,0.0,0.0,0.0
ALPS,_9km,2012-10-20 19:00:00,0.0,0.0,0.0
DEFAULT,_9km,2012-10-20 19:00:00,0.0,0.0,0.0
ALPS,_9km,2012-10-20 20:00:00,0.0,0.0,0.0
DEFAULT,_9km,2012-10-20 20:00:00,0.0,0.0,0.0
ALPS,_9km,2012-10-20 21:00:00,0.0,0.0,0.0
DEFAULT,_9km,2012-10-20 21:00:00,0.0,0.0,0.0
ALPS,_9km,2012-10-20 22:00:00,0.0,0.0,0.0
DEFAULT,_9km,2012-10-20 22:00:00,0.0,0.0,0.0
ALPS,_9km,2012-10-20 23:00:00,0.0,0.0,0.0
DEFAULT,_9km,2012-10-20 23:00:00,0.0,0.0,0.0
ALPS,_9km,2012-11-15 00:00:00,0.0,0.0,0.0
DEFAULT,_9km,2012-11-15 00:00:00,0.0,0.0,0.0
ALPS,_9km,2012-11-15 01:00:00,0.0,0.0,0.0
DEFAULT,_9km,2012-11-15 01:00:00,0.0,0.0,0.0
ALPS,_9km,2012-11-15 02:00:00,0.0,0.0,0.0
DEFAULT,_9km,2012-11-15 02:00:00,0.0,0.0,0.0
ALPS,_9km,2012-11-15 03:00:00,0.0,0.0,0.0
DEFAULT,_9km,2012-11-15 03:00:00,0.0,0.0,0.0
ALPS,_9km,2012-11-15 04:00:00,0.0,0.0,0.0
DEFAULT,_9km,2012-11-15 04:00:00,0.0,0.0,0.0
ALPS,_9km,2012-11-15 05:00:00,0.0,0.0,0.0
DEFAULT,_9km,2012-11-15 05:00:00,0.0,0.0,0.0
ALPS,_9km,2012-11-15 06:00:00,0.0,0.0,0.0
DEFAULT,_9km,2012-11-15 06:00:00,0.0,0.0,0.0
ALPS,_9km,2012-11-15 07:00:00,0.00017471358752254744,-0.006384390154163038,-0.00017632035829039455
DEFAULT,_9km,2012-11-15 07:00:00,0.00014636336842254263,-0.005507947347865202,-0.00011937730730835615
ALPS,_9km,2012-11-15 08:00:00,0.00031909362975501826,-0.018499770536016643,-0.0005606134417743941
DEFAULT,_9km,2012-11-15 08:00:00,0.0003142686617323737,-0.017333447133380298,-0.0004019221720804385
ALPS,_9km,2012-11-15 09:00:00,0.00036121514055827386,-0.02534848678625643,-0.0008426312126883497
DEFAULT,_9km,2012-11-15 09:00:00,0.00036039715890452597,-0.02417256850345371,-0.0006234194226674033
ALPS,_9km,2012-11-15 10:00:00,0.0004215678284512436,-0.02869991850152302,-0.0010175915114179254
DEFAULT,_9km,2012-11-15 10:00:00,0.0004014438682399555,-0.027288544279029207,-0.0007655174486316195
ALPS,_9km,2012-11-15 11:00:00,0.00046910468442964173,-0.030650075867594877,-0.0011181662413010252
DEFAULT,_9km,2012-11-15 11:00:00,0.0004230722584511282,-0.02878923323134796,-0.0008493746256208786
ALPS,_9km,2012-11-15 12:00:00,0.0004764005357840566,-0.031176809130959538,-0.001136413762864075
DEFAULT,_9km,2012-11-15 12:00:00,0.00041507650898111085,-0.029014245452248035,-0.0008660633112408479
ALPS,_9km,2012-11-15 13:00:00,0.00044423259428569,-0.029544211168233324,-0.0010467915538861364
DEFAULT,_9km,2012-11-15 13:00:00,0.0003801100971504998,-0.027256210058190698,-0.0007938391940677557
ALPS,_9km,2012-11-15 14:00:00,0.00040593719221918424,-0.023586744208118227,-0.0007836996186359093
DEFAULT,_9km,2012-11-15 14:00:00,0.0003549410633371463,-0.021613008148831946,-0.0005816393375915574
ALPS,_9km,2012-11-15 15:00:00,0.00027290753975721816,-0.009270512509430895,-0.00026670749356200076
DEFAULT,_9km,2012-11-15 15:00:00,0.00023146995793037908,-0.008069776686754498,-0.00018776425921312513
ALPS,_9km,2012-11-15 16:00:00,0.0,0.0,0.0
DEFAULT,_9km,2012-11-15 16:00:00,0.0,0.0,0.0
ALPS,_9km,2012-11-15 17:00:00,0.0,0.0,0.0
DEFAULT,_9km,2012-11-15 17:00:00,0.0,0.0,0.0
ALPS,_9km,2012-11-15 18:00:00,0.0,0.0,0.0
DEFAULT,_9km,2012-11-15 18:00:00,0.0,0.0,0.0
ALPS,_9km,2012-11-15 19:00:00,0.0,0.0,0.0
DEFAULT,_9km,2012-11-15 19:00:00,0.0,0.0,0.0
ALPS,_9km,2012-11-15 20:00:00,0.0,0.0,0.0
DEFAULT,_9km,2012-11-15 20:00:00,0.0,0.0,0.0
ALPS,_9km,2012-11-15 21:00:00,0.0,0.0,0.0
DEFAULT,_9km,2012-11-15 21:00:00,0.0,0.0,0.0
ALPS,_9km,2012-11-15 22:00:00,0.0,0.0,0.0
DEFAULT,_9km,2012-11-15 22:00:00,0.0,0.0,0.0
ALPS,_9km,2012-11-15 23:00:00,0.0,0.0,0.0
DEFAULT,_9km,2012-11-15 23:00:00,0.0,0.0,0.0
ALPS,_9km,2012-12-24 00:00:00,0.0,0.0,0.0
DEFAULT,_9km,2012-12-24 00:00:00,0.0,0.0,0.0
ALPS,_9km,2012-12-24 01:00:00,0.0,0.0,0.0
DEFAULT,_9km,2012-12-24 01:00:00,0.0,0.0,0.0
ALPS,_9km,2012-12-24 02:00:00,0.0,0.0,0.0
DEFAULT,_9km,2012-12-24 02:00:00,0.0,0.0,0.0
ALPS,_9km,2012-12-24 03:00:00,0.0,0.0,0.0
DEFAULT,_9km,2012-12-24 03:00:00,0.0,0.0,0.0
ALPS,_9km,2012-12-24 04:00:00,0.0,0.0,0.0
DEFAULT,_9km,2012-12-24 04:00:00,0.0,0.0,0.0
ALPS,_9km,2012-12-24 05:00:00,0.0,0.0,0.0
DEFAULT,_9km,2012-12-24 05:00:00,0.0,0.0,0.0
ALPS,_9km,2012-12-24 06:00:00,0.0,0.0,0.0
DEFAULT,_9km,2012-12-24 06:00:00,0.0,0.0,0.0
ALPS,_9km,2012-12-24 07:00:00,2.353491965117583e-06,-1.7154902929084003e-06,-2.3807028448842445e-06
DEFAULT,_9km,2012-12-24 07:00:00,4.337288187009821e-07,-1.6789824886209801e-06,-1.7241893268133272e-06
ALPS,_9km,2012-12-24 08:00:00,-0.0020399104701096255,-0.0032987464348375527,-0.0016500461542341552
DEFAULT,_9km,2012-12-24 08:00:00,-0.002142417343141406,-0.002866235065852767,-0.0012722028461455467
ALPS,_9km,2012-12-24 09:00:00,-0.004514399550907456,-0.0056170295369801435,-0.002801304021875013
DEFAULT,_9km,2012-12-24 09:00:00,-0.004576104107310892,-0.0049602092747913756,-0.0022123504733883442
ALPS,_9km,2012-12-24 10:00:00,-0.005748636878556365,-0.0067357714855075905,-0.0034293383779454303
DEFAULT,_9km,2012-12-24 10:00:00,-0.00575507599540667,-0.006017805031521687,-0.0027463566355622267
ALPS,_9km,2012-12-24 11:00:00,-0.006133386540967333,-0.007240796122310818,-0.0036879188704978033
DEFAULT,_9km,2012-12-24 11:00:00,-0.00620700668130571,-0.006449057371623913,-0.002974458318545846
ALPS,_9km,2012-12-24 12:00:00,-0.0061517567634451365,-0.007132658383501833,-0.003637063244304734
DEFAULT,_9km,2012-12-24 12:00:00,-0.006277418327041779,-0.006311768004652084,-0.0029312623484792073
ALPS,_9km,2012-12-24 13:00:00,-0.004943802986486205,-0.005956756181489146,-0.0031260175684280737
DEFAULT,_9km,2012-12-24 13:00:00,-0.005121209546595611,-0.0052334575776392615,-0.0024881454181891415
ALPS,_9km,2012-12-24 14:00:00,-0.0027671542161879004,-0.0039690799277954675,-0.0021294846890353796
DEFAULT,_9km,2012-12-24 14:00:00,-0.003092013624266251,-0.0033825788227593743,-0.0016625966974528708
ALPS,_9km,2012-12-24 15:00:00,-0.0002477845293202126,-0.0010605861474373523,-0.0005764111091830544
DEFAULT,_9km,2012-12-24 15:00:00,-0.0005494646094203036,-0.0008380074719881345,-0.00043802233056971937
ALPS,_9km,2012-12-24 16:00:00,0.0,0.0,0.0
DEFAULT,_9km,2012-12-24 16:00:00,0.0,0.0,0.0
ALPS,_9km,2012-12-24 17:00:00,0.0,0.0,0.0
DEFAULT,_9km,2012-12-24 17:00:00,0.0,0.0,0.0
ALPS,_9km,2012-12-24 18:00:00,0.0,0.0,0.0
DEFAULT,_9km,2012-12-24 18:00:00,0.0,0.0,0.0
ALPS,_9km,2012-12-24 19:00:00,0.0,0.0,0.0
DEFAULT,_9km,2012-12-24 19:00:00,0.0,0.0,0.0
ALPS,_9km,2012-12-24 20:00:00,0.0,0.0,0.0
DEFAULT,_9km,2012-12-24 20:00:00,0.0,0.0,0.0
ALPS,_9km,2012-12-24 21:00:00,0.0,0.0,0.0
DEFAULT,_9km,2012-12-24 21:00:00,0.0,0.0,0.0
ALPS,_9km,2012-12-24 22:00:00,0.0,0.0,0.0
DEFAULT,_9km,2012-12-24 22:00:00,0.0,0.0,0.0
ALPS,_9km,2012-12-24 23:00:00,0.0,0.0,0.0
DEFAULT,_9km,2012-12-24 23:00:00,0.0,0.0,0.0
