PFT,site,year,Topt
GRA,GRA_IT-Tor,2008,13.993370328753077
GRA,GRA_IT-Tor,2009,12.381992163121634
GRA,GRA_IT-Tor,2010,16.359579392927497
GRA,GRA_IT-Tor,2011,15.190035842772607
GRA,GRA_IT-Tor,2012,15.89048519555131
GRA,GRA_IT-Tor,2013,15.593792771280826
GRA,GRA_IT-Tor,2014,11.88985608917574
DBF,DBF_IT-Isp,2013,26.58354714287242
DBF,DBF_IT-Isp,2014,24.30634524281511
MF,MF_CH-Lae,2004,16.353758628604375
MF,MF_CH-Lae,2005,22.570363456567968
MF,MF_CH-Lae,2006,20.89510504327015
MF,MF_CH-Lae,2008,18.501762868366725
MF,MF_CH-Lae,2009,22.861138837337467
MF,MF_CH-Lae,2010,19.98566886969888
MF,MF_CH-Lae,2011,16.50555720823733
MF,MF_CH-Lae,2012,21.90003570698641
MF,MF_CH-Lae,2013,18.71077820321444
MF,MF_CH-Lae,2014,17.697500818619353
ENF,ENF_IT-La2,2000,17.66308255334568
ENF,ENF_IT-La2,2001,14.49363629885146
ENF,ENF_IT-La2,2002,7.990321706113281
ENF,ENF_CH-Dav,1997,15.0
ENF,ENF_CH-Dav,1998,20.186180893129514
ENF,ENF_CH-Dav,1999,17.0
ENF,ENF_CH-Dav,2000,16.020171062863525
ENF,ENF_CH-Dav,2001,17.678348548408472
ENF,ENF_CH-Dav,2002,15.592001871863255
ENF,ENF_CH-Dav,2003,15.171182489812695
ENF,ENF_CH-Dav,2004,15.0
ENF,ENF_CH-Dav,2005,17.66056431202219
ENF,ENF_CH-Dav,2006,24.000663143488254
ENF,ENF_CH-Dav,2007,23.748118740191874
ENF,ENF_CH-Dav,2008,16.41314359667449
ENF,ENF_CH-Dav,2010,22.10446344434394
ENF,ENF_CH-Dav,2012,16.21332927904232
ENF,ENF_CH-Dav,2013,9.48525694863933
ENF,ENF_CH-Dav,2014,17.925147445971092
ENF,ENF_IT-Ren,1999,18.72622036134496
ENF,ENF_IT-Ren,2002,12.94331188602553
ENF,ENF_IT-Ren,2003,15.690644786509747
ENF,ENF_IT-Ren,2004,10.712574144235003
ENF,ENF_IT-Ren,2005,15.667341848578172
ENF,ENF_IT-Ren,2006,15.10900344552893
ENF,ENF_IT-Ren,2007,11.929535129392068
ENF,ENF_IT-Ren,2008,15.238913983558032
ENF,ENF_IT-Ren,2009,14.016271697315764
ENF,ENF_IT-Ren,2010,14.418701133325133
ENF,ENF_IT-Ren,2011,11.989482565341127
ENF,ENF_IT-Ren,2012,14.340781581561181
ENF,ENF_IT-Ren,2013,12.760542533508385
DBF,DBF_IT-PT1,2003,27.318598299487693
GRA,GRA_CH-Cha,2005,18.264642619200217
GRA,GRA_CH-Cha,2006,19.592607960781013
GRA,GRA_CH-Cha,2008,15.74635330905354
GRA,GRA_CH-Cha,2010,20.857598671535587
GRA,GRA_CH-Cha,2011,24.0
GRA,GRA_CH-Cha,2012,25.0
GRA,GRA_CH-Cha,2013,18.733036616523368
GRA,GRA_CH-Cha,2014,26.84136461202842
ENF,ENF_DE-Lkb,2009,19.679257705556466
ENF,ENF_DE-Lkb,2010,21.24972371681428
ENF,ENF_DE-Lkb,2011,22.692122854302582
ENF,ENF_DE-Lkb,2013,21.132764954475565
DBF,DBF_FR-Fon,2005,22.750059715178857
DBF,DBF_FR-Fon,2006,20.617470382131938
DBF,DBF_FR-Fon,2007,19.537736020801383
DBF,DBF_FR-Fon,2008,19.95556254136684
DBF,DBF_FR-Fon,2009,20.402483453839146
DBF,DBF_FR-Fon,2010,22.720829900699695
DBF,DBF_FR-Fon,2011,20.92257769802154
DBF,DBF_FR-Fon,2012,21.285476167442834
DBF,DBF_FR-Fon,2013,22.791103649667313
DBF,DBF_FR-Fon,2014,22.568750440177485
DBF,DBF_DE-Hai,2000,27.0
DBF,DBF_DE-Hai,2001,22.151651471488176
DBF,DBF_DE-Hai,2002,21.48119160325963
DBF,DBF_DE-Hai,2003,19.986194321991945
DBF,DBF_DE-Hai,2004,19.42703414408023
DBF,DBF_DE-Hai,2005,19.776676881272554
DBF,DBF_DE-Hai,2006,20.85392263886505
DBF,DBF_DE-Hai,2007,21.83783028263085
DBF,DBF_DE-Hai,2008,18.697628277402966
DBF,DBF_DE-Hai,2009,20.681309572703643
DBF,DBF_DE-Hai,2010,21.472595762706632
DBF,DBF_DE-Hai,2011,18.055025708270133
DBF,DBF_DE-Hai,2012,22.450050479354996
ENF,ENF_IT-Lav,2003,13.013708887879227
ENF,ENF_IT-Lav,2004,14.71708933403216
ENF,ENF_IT-Lav,2005,16.021981490907216
ENF,ENF_IT-Lav,2006,13.85183368440729
ENF,ENF_IT-Lav,2007,13.921910507354736
ENF,ENF_IT-Lav,2008,15.207608097662753
ENF,ENF_IT-Lav,2009,15.031100967857103
ENF,ENF_IT-Lav,2010,15.493696468600161
ENF,ENF_IT-Lav,2011,15.887337395362149
ENF,ENF_IT-Lav,2012,16.170960806442604
ENF,ENF_IT-Lav,2013,15.40116027109105
ENF,ENF_IT-Lav,2014,13.394278597372516
GRA,GRA_AT-Neu,2002,17.993498698267935
GRA,GRA_AT-Neu,2003,19.642260606668266
GRA,GRA_AT-Neu,2004,20.74122294690671
GRA,GRA_AT-Neu,2005,19.966085221995808
GRA,GRA_AT-Neu,2006,17.648888439191158
GRA,GRA_AT-Neu,2007,12.626918852953413
GRA,GRA_AT-Neu,2008,22.0
GRA,GRA_AT-Neu,2009,21.0
GRA,GRA_AT-Neu,2010,20.05551771110193
GRA,GRA_AT-Neu,2011,21.0
GRA,GRA_AT-Neu,2012,27.29436440863899
GRA,GRA_CH-Fru,2005,24.0
GRA,GRA_CH-Fru,2006,16.689841983246602
GRA,GRA_CH-Fru,2007,17.85499277151342
GRA,GRA_CH-Fru,2008,20.661913388900917
GRA,GRA_CH-Fru,2009,21.61759745036754
GRA,GRA_CH-Fru,2010,22.50814478104836
GRA,GRA_CH-Fru,2011,23.647328222328188
GRA,GRA_CH-Fru,2012,24.731234288995086
GRA,GRA_CH-Fru,2013,19.871263972861193
GRA,GRA_CH-Oe1,2003,14.393274395415146
GRA,GRA_CH-Oe1,2004,23.0
GRA,GRA_CH-Oe1,2005,21.98113169240321
GRA,GRA_CH-Oe1,2006,17.77634301060795
GRA,GRA_CH-Oe1,2007,16.793351388440154
GRA,GRA_CH-Oe1,2008,22.643373034036514
GRA,GRA_IT-MBo,2003,15.401661846666983
GRA,GRA_IT-MBo,2004,16.83107954154379
GRA,GRA_IT-MBo,2005,15.856327641437316
GRA,GRA_IT-MBo,2006,15.023604891553214
GRA,GRA_IT-MBo,2007,14.333702810665427
GRA,GRA_IT-MBo,2008,20.764265000995383
GRA,GRA_IT-MBo,2009,15.205651080992872
GRA,GRA_IT-MBo,2010,15.909557130467174
GRA,GRA_IT-MBo,2011,16.50682478482463
GRA,GRA_IT-MBo,2012,16.2032681444312
GRA,GRA_IT-MBo,2013,16.220564052957542
